,us_house_price_idx,us_consumer_confidence,us_real_gdp,us_gdp_yoy_growth,us_bond_yield_10y,us_bond_yield_1y,us_term_spread,us_reer,us_reer_log_ret,us_oil_price,us_oil_log_ret,us_credit,us_credit_qoq_growth,us_credit_yoy_growth,us_industrial_production,us_vix,us_vix_log_ret,us_delinquency_rate,us_cpi,us_unemployment,us_sp500_close,us_sp500_log_ret,us_house_price_yoy,us_indprod_yoy,us_oil_yoy,us_reer_diff,us_bond_yield_10y_d1,us_house_price_yoy_L3,us_consumer_confidence_L2,us_unemployment_L1,us_credit_qoq_growth_L6,us_gdp_yoy_growth_L0,us_cpi_L6,us_bond_yield_10y_d1_L2,us_sp500_log_ret_L4,us_reer_diff_L1,us_indprod_yoy_L3,us_oil_yoy_L2,us_vix_log_ret_L0
1990-03-31,77.2043845162229,99.83383,10047.386,2.821006526483294,8.59,8.35,0.2400000000000002,,,20.34,-0.0711537602562903,7192.124,1.7858350865801451,8.094812184744548,62.5999,19.73,,,5.237315875613735,5.2,339.94000244140625,-0.0388314039836742,,,,,,,,,,2.821006526483294,,,,,,,
1990-06-30,76.4490582714173,99.30061,10083.855,2.412704964193124,8.48,8.05,0.4299999999999997,,,17.05,-0.176439186890888,7303.613,1.5501540296023908,7.159417763700371,62.8382,15.5,-0.2413002961093231,,4.673650282030639,5.2,358.0199890136719,0.0518196814446125,,,,,-0.1099999999999994,,,5.2,,2.412704964193124,,,,,,,-0.2413002961093231
1990-09-30,75.6005698784759,97.94892,10090.569,1.7273622503686914,8.89,7.69,1.2000000000000002,,,39.53,0.8409096735790683,7384.432,1.1065619166842344,6.583452530270728,62.9523,29.11,0.6302417338323308,,6.169871794871806,5.9,306.04998779296875,-0.1568403726643556,,,,,0.4100000000000001,,99.83383,5.2,,1.7273622503686914,,,,,,,0.6302417338323308
1990-12-31,74.4160516992853,97.12974,9998.704,0.6030627340393391,8.08,6.82,1.2599999999999998,,,28.48,-0.3278577907648191,7458.077,0.9973008079700696,5.549709040752981,61.3352,26.38,-0.0984756104683633,,6.254948535233562,6.3,330.2200012207031,0.076010655288986,,,,,-0.8100000000000005,,99.30061,5.9,,0.6030627340393391,,-0.1099999999999994,,,,,-0.0984756104683633
1991-03-31,74.5810986520791,97.72814,9951.916,-0.9501973946258402,8.11,6.28,1.8299999999999992,,,19.63,-0.3721430782554055,7468.526,0.1401031391872198,3.843120613604545,60.3346,16.88,-0.4464766581213575,5.26,4.821150855365497,6.8,375.2200012207031,0.1277534211684422,-3.397845706020186,-3.61869587651098,-3.4906588003933203,,0.0299999999999993,,97.94892,6.3,,-0.9501973946258402,,0.4100000000000001,-0.0388314039836742,,,,-0.4464766581213575
1991-06-30,74.1845969590247,98.79828,10029.51,-0.5389307958117096,8.28,6.32,1.959999999999999,,,20.56,0.0462884322985946,7538.276,0.9339192231506032,3.2129714430378487,61.5581,19.55,0.1468457972635637,5.48,4.695919938414161,6.9,371.1600036621094,-0.0108792775171264,-2.96205259239829,-2.037136646180182,20.58651026392961,,0.1699999999999999,,97.12974,6.8,,-0.5389307958117096,,-0.8100000000000005,0.0518196814446125,,,,0.1468457972635637
1991-09-30,73.8102516891055,99.2256,10080.195,-0.1028088703421969,7.65,5.42,2.2300000000000004,,,22.25,0.078994568025285,7540.773,0.0331242846507651,2.117170284728753,62.2195,15.85,-0.2098057861080852,5.35,3.396226415094339,6.9,387.8599853515625,0.0440111656491235,-2.3681279020095203,-1.1640559598299127,-43.713635213761705,,-0.629999999999999,,97.72814,6.9,1.7858350865801451,-0.1028088703421969,5.237315875613735,0.0299999999999993,-0.1568403726643556,,,-3.4906588003933203,-0.2098057861080852
1991-12-31,73.9161140092293,99.07094,10115.329,1.1664011655910578,7.09,4.12,2.97,,,19.15,-0.1500392929855943,7581.419,0.5390163581372898,1.653804325163177,61.7852,19.31,0.1974535961171334,5.32,2.980625931445613,7.3,417.0899963378906,0.072657605068658,-0.6718143177983249,0.7336733229858172,-32.759831460674164,,-0.5600000000000005,-3.397845706020186,98.79828,6.9,1.5501540296023908,1.1664011655910578,4.673650282030639,0.1699999999999999,0.076010655288986,,-3.61869587651098,20.58651026392961,0.1974535961171334
1992-03-31,74.343754939348,99.41719,10236.435,2.858936912248855,7.54,4.54,3.0,,,19.49,0.0175987978928144,7615.218,0.4458136399003942,1.96413589508826,62.4232,16.18,-0.1768471848100773,5.27,3.189910979228472,7.4,403.6900024414063,-0.0326547543390598,-0.3182357420588699,3.4616952793256277,-0.713194090677538,,0.4500000000000002,-2.96205259239829,99.2256,7.3,1.1065619166842344,2.858936912248855,6.169871794871806,-0.629999999999999,0.1277534211684422,,-2.037136646180182,-43.713635213761705,-0.1768471848100773
1992-06-30,73.7520437426397,99.69656,10347.429,3.169835814511379,7.26,4.05,3.21,,,21.84,0.113841637357235,7656.355,0.5401946470869223,1.566392634071767,63.1363,13.35,-0.1922595267840871,5.1,3.0147058823529305,7.8,408.1400146484375,0.0109630259612968,-0.5830768570784572,2.563756841098086,6.22568093385214,,-0.2800000000000002,-2.3681279020095203,99.07094,7.4,0.9973008079700696,3.169835814511379,6.254948535233562,-0.5600000000000005,-0.0108792775171264,,-1.1640559598299127,-32.759831460674164,-0.1922595267840871
1992-09-30,73.8806159211078,99.70819,10449.673,3.6653854414522735,6.42,3.06,3.36,,,21.83,-0.0004579803148518,7711.512,0.7204080793014489,2.2642108441667697,63.5703,14.28,0.0673435720651798,4.98,2.9927007299270114,7.6,417.7999877929688,0.0233925312134045,0.0953312451753785,2.1710235537090616,-1.8876404494382104,,-0.8399999999999999,-0.6718143177983249,99.41719,7.8,0.1401031391872198,3.6653854414522735,4.821150855365497,0.4500000000000002,0.0440111656491235,,0.7336733229858172,-0.713194090677538,0.0673435720651798
1992-12-31,73.9457425765761,100.0851,10558.648,4.382645388993267,6.77,3.61,3.16,,,19.49,-0.113383657042383,7773.848,0.8083499059587718,2.538166008236709,64.3507,12.57,-0.1275469343092821,4.69,2.966714905933454,7.4,435.7099914550781,0.0419740449156452,0.0400840435728078,4.152288897664813,1.7754569190600478,,0.3499999999999996,-0.3182357420588699,99.69656,7.6,0.9339192231506032,4.382645388993267,4.695919938414161,-0.2800000000000002,0.072657605068658,,3.4616952793256277,6.22568093385214,-0.1275469343092821
1993-03-31,73.5355172054693,100.0406,10576.275,3.319905807050993,5.98,3.32,2.6600000000000006,,,20.44,0.0475922518160343,7812.554,0.4979001390302384,2.591337503404368,64.8522,12.53,-0.0031872536941791,4.6,3.0194104960460155,7.0,451.6700134277344,0.0359749896006343,-1.0871629157527596,3.891181483807293,4.874294510005139,,-0.7899999999999991,-0.5830768570784572,99.70819,7.4,0.0331242846507651,3.319905807050993,3.396226415094339,-0.8399999999999999,-0.0326547543390598,,2.563756841098086,-1.8876404494382104,-0.0031872536941791
1993-06-30,73.7903750223239,99.6206,10637.847,2.806668207145946,5.96,3.45,2.51,,,18.82,-0.0825736311782702,7919.946,1.3746080987088185,3.4427740093033954,64.9301,11.26,-0.1068691461964326,4.46,2.9978586723768963,7.0,450.5299987792969,-0.0025271896248188,0.0519731762525177,2.8411547715022856,-13.827838827838823,,-0.0200000000000004,0.0953312451753785,100.0851,7.0,0.5390163581372898,2.806668207145946,2.980625931445613,0.3499999999999996,0.0109630259612968,,2.1710235537090616,1.7754569190600478,-0.1068691461964326
1993-09-30,74.0172720557835,99.66881,10688.606,2.286511740606612,5.36,3.39,1.97,,,18.72,-0.0053276631077876,8028.094,1.3655143608302334,4.105316830214356,65.3717,12.99,0.1429232079709639,4.08,2.763997165131116,6.7,458.9299926757813,0.0184730122279242,0.1849688622271639,2.833713227717971,-14.246449839670172,,-0.5999999999999996,0.0400840435728078,100.0406,7.0,0.4458136399003942,2.286511740606612,3.189910979228472,-0.7899999999999991,0.0233925312134045,,4.152288897664813,4.874294510005139,0.1429232079709639
1993-12-31,74.2899670081485,100.3539,10833.987,2.6077107599381977,5.77,3.63,2.14,,,14.19,-0.2770549798774947,8151.103,1.532231685378882,4.852873377508793,66.5436,11.66,-0.1080156497601618,3.91,2.8109627547435068,6.5,466.4500122070313,0.0162531825525978,0.4655094662359138,3.407732938414032,-27.193432529502303,,0.4099999999999992,-1.0871629157527596,99.6206,6.7,0.5401946470869223,2.6077107599381977,3.0147058823529305,-0.0200000000000004,0.0419740449156452,,3.891181483807293,-13.827838827838823,-0.1080156497601618
1994-03-31,74.6910431721062,100.9474,10939.116,3.430706936043171,6.48,4.5,1.9800000000000004,88.26,,14.78,0.0407374243481043,8260.279,1.3394015509312185,5.730840388431235,67.4552,20.45,0.5618187015664644,3.6,2.6517794836008246,6.5,445.7699890136719,-0.0453477602864111,1.5713848362665097,4.013742016462052,-27.690802348336607,,0.7100000000000009,0.0519731762525177,99.66881,6.5,0.7204080793014489,3.430706936043171,2.9927007299270114,-0.5999999999999996,0.0359749896006343,,2.8411547715022856,-14.246449839670172,0.5618187015664644
1994-06-30,74.877131820295,101.0782,11087.361,4.225610689832271,7.1,5.51,1.59,87.11,-0.0131153160106005,19.37,0.2704505618988489,8399.652,1.6872674639682117,6.05693523667965,68.6265,14.97,-0.3119346840572737,3.29,2.494802494802495,6.1,444.2699890136719,-0.003370638302056,1.472762264241556,5.692891278467149,2.922422954303938,-1.1500000000000057,0.6199999999999992,0.1849688622271639,100.3539,6.5,0.8083499059587718,4.225610689832271,2.966714905933454,0.4099999999999992,-0.0025271896248188,,2.833713227717971,-27.193432529502303,-0.3119346840572737
1994-09-30,74.788679868747,100.9211,11152.176,4.337048254936149,7.46,5.96,1.5,84.73,-0.0277019576204279,18.36,-0.0535510922265601,8528.83,1.5378970462109676,6.237296175156892,69.3961,14.28,-0.0471882415200987,3.25,2.965517241379323,5.9,462.7099914550781,0.0406680284994858,1.0421997346540035,6.156180732641192,-1.923076923076916,-2.3799999999999955,0.3600000000000003,0.4655094662359138,100.9474,6.1,0.4979001390302384,4.337048254936149,3.0194104960460155,0.7100000000000009,0.0184730122279242,-1.1500000000000057,3.407732938414032,-27.690802348336607,-0.0471882415200987
1994-12-31,74.8073314536137,100.4977,11279.932,4.116167021429895,7.81,7.2,0.6099999999999994,86.09,0.0159235304594906,17.77,-0.0326627430257843,8699.19,1.9974603785044345,6.724083844848972,71.1523,13.2,-0.0786431273191131,3.29,2.597402597402576,5.5,459.2699890136719,-0.0074622409972477,0.6964122697866504,6.925835091579047,25.22903453136012,1.3599999999999994,0.3499999999999996,1.5713848362665097,101.0782,5.9,1.3746080987088185,4.116167021429895,2.9978586723768963,0.6199999999999992,0.0162531825525978,-2.3799999999999955,4.013742016462052,2.922422954303938,-0.0786431273191131
1995-03-31,74.8905655305094,99.5805,11319.951,3.481405627292,7.2,6.49,0.71,86.0,-0.0010459644163555,19.18,0.0763564272887322,8807.641,1.2466792885314604,6.626434772965895,71.3113,13.37,0.0127965615215266,3.48,2.7872195785180187,5.4,500.7099914550781,0.0863888256191798,0.2671302340006898,5.7165348260771465,29.76995940460081,-0.0900000000000034,-0.6099999999999994,1.472762264241556,100.9211,5.5,1.3655143608302334,3.481405627292,2.763997165131116,0.3600000000000003,-0.0453477602864111,1.3599999999999994,5.692891278467149,-1.923076923076916,0.0127965615215266
1995-06-30,74.9161560125794,98.83797,11353.721,2.4023751008017014,6.17,5.65,0.5199999999999996,82.2,-0.0451919941913734,17.38,-0.0985479496180461,8978.958,1.9450951736111888,6.8967857239800034,71.7749,11.38,-0.1611559624156668,3.7,3.0425963488843744,5.6,544.75,0.0842998997147341,0.0521176377028753,4.587732144288292,-10.273618998451228,-3.799999999999997,-1.0300000000000002,1.0421997346540035,100.4977,5.4,1.532231685378882,2.4023751008017014,2.8109627547435068,0.3499999999999996,-0.003370638302056,-0.0900000000000034,6.156180732641192,25.22903453136012,-0.1611559624156668
1995-09-30,75.2833888472521,98.62815,11450.31,2.6733258155179795,6.2,5.65,0.5499999999999998,85.2,0.0358461317731358,17.54,0.009163867106791,9125.043,1.6269705237511811,6.990560252695843,72.7144,12.74,0.1128892214458324,3.85,2.54521098459477,5.6,584.4099731445312,0.0702757715197023,0.6614757465612575,4.7816808149161005,-4.466230936819171,3.0,0.0300000000000002,0.6964122697866504,99.5805,5.6,1.3394015509312185,2.6733258155179795,2.6517794836008246,-0.6099999999999994,0.0406680284994858,-3.799999999999997,6.925835091579047,29.76995940460081,0.1128892214458324
1995-12-31,75.3955893480103,98.58084,11528.067,2.1997916299495213,5.71,5.18,0.5300000000000002,86.34,0.0132915562920614,19.54,0.1079796596705996,9279.97,1.6978221362901946,6.676253766155216,73.0305,12.52,-0.0174192844720648,3.95,2.5316455696202667,5.6,615.9299926757812,0.0525305634770342,0.7863639605449224,2.6396897921781903,9.960607765897578,1.1400000000000006,-0.4900000000000002,0.2671302340006898,98.83797,5.6,1.6872674639682117,2.1997916299495213,2.494802494802495,-1.0300000000000002,-0.0074622409972477,3.0,5.7165348260771465,-10.273618998451228,-0.0174192844720648
1996-03-31,75.6313983003169,98.94079,11614.418,2.601309846659228,6.27,5.41,0.8599999999999994,86.81,0.005428832276385,21.43,0.0923281628708489,9410.866,1.4105218012558265,6.848882691744596,73.585,18.88,0.4107757950454022,4.04,2.8439153439153486,5.5,645.5,0.0468919014652313,0.989220423907322,3.188414739319012,11.730969760166833,0.4699999999999988,0.5599999999999996,0.0521176377028753,98.62815,5.6,1.5378970462109676,2.601309846659228,2.965517241379323,0.0300000000000002,0.0863888256191798,1.1400000000000006,4.587732144288292,-4.466230936819171,0.4107757950454022
1996-06-30,75.6114040921146,99.41933,11808.14,4.002379484223728,6.91,5.7,1.21,87.06,0.0028757137204349,20.92,-0.0240861702887633,9590.932,1.913383954250336,6.815646091673444,75.4433,13.68,-0.3221682485229501,4.27,2.8215223097112663,5.3,670.6300048828125,0.038192366082999,0.9280349080089678,5.110978907668273,20.368239355581142,0.25,0.6400000000000006,0.6614757465612575,98.58084,5.5,1.9974603785044345,4.002379484223728,2.597402597402576,-0.4900000000000002,0.0842998997147341,0.4699999999999988,4.7816808149161005,9.960607765897578,-0.3221682485229501
1996-09-30,75.7642213344847,99.65776,11914.063,4.0501348871777365,6.83,5.71,1.12,86.81,-0.0028757137204348,24.2,0.1456469939659185,9739.846,1.5526541111958505,6.737535373805903,76.3158,16.95,0.2143329216320547,4.46,3.004572175048992,5.2,687.3300170898438,0.0245969747309183,0.6386966561882534,4.952801645891314,37.97035347776512,-0.25,-0.08,0.7863639605449224,98.94079,5.3,1.2466792885314604,4.0501348871777365,2.7872195785180187,0.5599999999999996,0.0702757715197023,0.25,2.6396897921781903,11.730969760166833,0.2143329216320547
1996-12-31,75.6957701866914,99.89985,12037.775,4.421452442981133,6.3,5.51,0.79,87.46,0.0074597235810578,25.9,0.0678903355428512,9877.376,1.4120346461330202,6.4375854663323295,77.5333,20.92,0.2104378053702631,4.6,3.378817413905133,5.4,740.739990234375,0.0748351222470773,0.3981411131300127,6.165643121709419,32.54861821903787,0.6499999999999915,-0.5300000000000002,0.989220423907322,99.41933,5.2,1.9450951736111888,4.421452442981133,3.0425963488843744,0.6400000000000006,0.0525305634770342,-0.25,3.188414739319012,20.368239355581142,0.2104378053702631
1997-03-31,75.831180940237,100.2664,12115.472,4.314068944306992,6.69,6.02,0.6700000000000008,90.55,0.0347206383446478,20.35,-0.2411620568168879,10009.716,1.3398295255744097,6.363388874095111,79.082,22.14,0.0566802880837686,4.7,2.7652733118971096,5.2,757.1199951171875,0.021872081553083,0.2641530427968552,7.470272474009643,-5.039664022398494,3.0900000000000034,0.3900000000000005,0.9280349080089678,99.65776,5.4,1.6269705237511811,4.314068944306992,2.54521098459477,-0.08,0.0468919014652313,0.6499999999999915,5.110978907668273,37.97035347776512,0.0566802880837686
1997-06-30,76.2645711104951,100.6874,12317.221,4.31127171595187,6.49,5.67,0.8200000000000003,89.15,-0.0155818400202728,19.82,-0.026389382986762,10206.773,1.9686572526133483,6.421075657714992,79.9792,21.53,-0.0279386159042191,4.73,2.233567326100827,5.0,885.1400146484375,0.1562240862357894,0.8638472281043308,6.012329789391524,-5.258126195028689,-1.3999999999999917,-0.2000000000000001,0.6386966561882534,99.89985,5.2,1.6978221362901946,4.31127171595187,2.5316455696202667,-0.5300000000000002,0.038192366082999,3.0900000000000034,4.952801645891314,32.54861821903787,-0.0279386159042191
1997-09-30,76.6141314803323,100.9503,12471.01,4.674702492340366,6.21,5.47,0.7400000000000002,91.78,0.0290740646575379,21.13,0.0640023027261233,10437.733,2.262811174501489,7.165277561883432,82.2156,22.91,0.0621261850891324,4.7,2.21940393151554,4.9,947.280029296875,0.0678489098135022,1.1217829879032415,7.7307713474798145,-12.685950413223146,2.6299999999999955,-0.2800000000000002,0.3981411131300127,100.2664,5.0,1.4105218012558265,4.674702492340366,2.8439153439153486,0.3900000000000005,0.0245969747309183,-1.3999999999999917,6.165643121709419,-5.039664022398494,0.0621261850891324
1997-12-31,77.1938817020323,100.9417,12577.495,4.483552816031211,5.81,5.51,0.2999999999999998,96.74,0.0526325584281495,17.65,-0.1799580482486596,10642.672,1.963443594504665,7.747968691279961,83.9538,24.01,0.0468969137677577,4.81,1.6970458830924071,4.7,970.4299926757812,0.0241445137410792,1.9791218342135155,8.280957988374027,-31.853281853281857,4.959999999999994,-0.4000000000000003,0.2641530427968552,100.6874,4.9,1.913383954250336,4.483552816031211,2.8215223097112663,-0.2000000000000001,0.0748351222470773,2.6299999999999955,7.470272474009643,-5.258126195028689,0.0468969137677577
1998-03-31,78.1561420030997,100.7223,12703.742,4.855526883310857,5.65,5.41,0.2400000000000002,97.23,0.0050523384267287,15.75,-0.1138954181076636,10867.157,2.109291726739282,8.566087189686499,84.488,24.22,0.0087083278917841,4.76,1.3767209011263937,4.7,1101.75,0.1269158390309503,3.065969742308261,6.835942439493192,-22.604422604422613,0.4900000000000091,-0.1599999999999992,0.8638472281043308,100.9503,4.7,1.5526541111958505,4.855526883310857,3.004572175048992,-0.2800000000000002,0.021872081553083,4.959999999999994,6.012329789391524,-12.685950413223146,0.0087083278917841
1998-06-30,79.0918044189641,100.2141,12821.339,4.09279008633523,5.5,5.38,0.1200000000000001,99.89,0.0269902747224925,14.3,-0.0965808280057804,11192.516,2.993966131160164,9.657734133991225,84.8248,19.71,-0.2060526169603172,4.76,1.6229712858926382,4.5,1133.8399658203125,0.028710246991482,3.707138540611199,6.058575229559682,-27.850655903128157,2.6599999999999966,-0.1500000000000003,1.1217829879032415,100.9417,4.7,1.4120346461330202,4.09279008633523,3.378817413905133,-0.4000000000000003,0.1562240862357894,0.4900000000000091,7.7307713474798145,-31.853281853281857,-0.2060526169603172
1998-09-30,79.876416902589,99.76799,12982.752,4.103452727565782,4.81,4.41,0.3999999999999994,100.34,0.0044948385120486,16.19,0.1241342304236821,11437.292,2.186961358822259,9.576399396305678,86.2021,40.95,0.7312256891344496,4.72,1.4267990074441794,4.6,1017.010009765625,-0.1087431122693791,4.258072706983773,4.848836473856544,-23.37908187411263,0.4500000000000028,-0.6900000000000004,1.9791218342135155,100.7223,4.5,1.3398295255744097,4.103452727565782,2.7652733118971096,-0.1599999999999992,0.0678489098135022,2.6599999999999966,8.280957988374027,-22.604422604422613,0.7312256891344496
1998-12-31,80.9744605575647,100.0401,13191.67,4.883126568525764,4.65,4.53,0.1200000000000001,96.14,-0.0427589565902922,12.14,-0.2878879820581915,11726.858,2.53177063241894,10.187159765893371,87.1185,24.42,-0.5169493416165198,4.74,1.606922126081578,4.4,1229.22998046875,0.1895209817430942,4.897511010167088,3.7695732652959,-31.21813031161472,-4.200000000000003,-0.1599999999999992,3.065969742308261,100.2141,4.6,1.9686572526133483,4.883126568525764,2.233567326100827,-0.1500000000000003,0.0241445137410792,0.4500000000000028,6.835942439493192,-27.850655903128157,-0.5169493416165198
1999-03-31,81.9868653045711,100.6462,13315.597,4.816336792733988,5.23,4.72,0.5100000000000007,98.42,0.0234385729720175,16.66,0.3165048511073443,11996.079,2.295764133922318,10.38838400880746,88.2267,23.26,-0.0486673215920402,4.66,1.728395061728394,4.2,1286.3699951171875,0.0454363532741427,4.901372052524633,4.425125461604007,5.777777777777771,2.280000000000001,0.5800000000000001,3.707138540611199,99.76799,4.4,2.262811174501489,4.816336792733988,2.21940393151554,-0.6900000000000004,0.1269158390309503,-4.200000000000003,6.058575229559682,-23.37908187411263,-0.0486673215920402
1999-06-30,82.7323340119465,101.0616,13426.748,4.721885912228041,5.9,5.07,0.8300000000000001,98.42,0.0,19.33,0.1486476564815427,12265.22,2.24357475471777,9.584118530632434,88.9188,21.09,-0.0979361525998352,4.58,1.96560196560196,4.3,1372.7099609375,0.0649625652261039,4.602916344780605,4.826418688874012,35.17482517482515,0.0,0.6699999999999999,4.258072706983773,100.0401,4.2,1.963443594504665,4.721885912228041,1.6970458830924071,-0.1599999999999992,0.028710246991482,2.280000000000001,4.848836473856544,-31.21813031161472,-0.0979361525998352
1999-09-30,83.5511952282669,101.2431,13604.771,4.791118246732284,5.92,5.22,0.7000000000000002,96.98,-0.0147392637606259,24.54,0.2386461460625259,12616.408,2.8632833328713136,10.30939841354055,89.4299,25.41,0.1863438028413894,4.6,2.629969418960254,4.2,1282.7099609375,-0.0678118628100317,4.600579830914775,3.7444563415508494,51.57504632489189,-1.4399999999999975,0.0199999999999995,4.897511010167088,100.6462,4.3,2.109291726739282,4.791118246732284,1.3767209011263937,0.5800000000000001,-0.1087431122693791,0.0,3.7695732652959,5.777777777777771,0.1863438028413894
1999-12-31,84.2847229997912,101.381,13827.98,4.823574270732967,6.28,5.98,0.2999999999999998,96.69,-0.0029947871817501,25.76,0.0485184619533876,12900.875,2.2547384326822684,10.01135171927552,91.6634,24.64,-0.0307716586667536,4.55,2.676399026763998,4.0,1469.25,0.1357770696152514,4.088032719740364,5.216917187508963,112.19110378912688,-0.2900000000000062,0.3600000000000003,4.901372052524633,101.0616,4.2,2.993966131160164,4.823574270732967,1.6229712858926382,0.6699999999999999,0.1895209817430942,-1.4399999999999975,4.425125461604007,35.17482517482515,-0.0307716586667536
2000-03-31,85.0823308549841,101.2127,13878.147,4.224744861233032,6.26,6.28,-0.0200000000000004,98.49,0.0184450356861548,26.86,0.0418152898589386,13184.822,2.2009902429098727,9.909429572779583,92.1504,24.11,-0.0217444464722393,4.43,3.762135922330101,4.0,1498.5799560546875,0.0197658972343551,3.775562754977546,4.447293166354416,61.224489795918366,1.7999999999999972,-0.0200000000000004,4.602916344780605,101.2431,4.0,2.186961358822259,4.224744861233032,1.4267990074441794,0.0199999999999995,0.0454363532741427,-0.2900000000000062,4.826418688874012,51.57504632489189,-0.0217444464722393
2000-06-30,86.0989232694648,100.7844,14130.908,5.2444568111355006,6.1,6.08,0.0199999999999995,100.52,0.0204016924937805,32.44,0.1887540381521205,13514.042,2.4969620371059875,10.181814920564005,92.9862,19.54,-0.210163045578443,4.51,3.7349397590361377,4.0,1454.5999755859375,-0.0297870317907133,4.069254539624323,4.574285752844154,67.8220382824625,2.030000000000001,-0.1600000000000001,4.600579830914775,101.381,4.0,2.53177063241894,5.2444568111355006,1.606922126081578,0.3600000000000003,0.0649625652261039,1.7999999999999972,3.7444563415508494,112.19110378912688,-0.210163045578443
2000-09-30,86.8842011443255,100.1381,14145.312,3.973172352551901,5.8,6.07,-0.2700000000000004,102.29,0.0174552037935247,30.87,-0.0496073907331441,13782.955,1.989878379836329,9.24626882707027,92.9792,20.57,0.0513700570502291,4.53,3.45649582836709,3.9,1436.510009765625,-0.0125143643787,3.989178020676576,3.968806853188922,25.79462102689487,1.7700000000000102,-0.2999999999999998,4.088032719740364,101.2127,4.0,2.295764133922318,3.973172352551901,1.728395061728394,-0.0200000000000004,-0.0678118628100317,2.030000000000001,5.216917187508963,61.224489795918366,0.0513700570502291
2000-12-31,87.9020311222318,99.12424,14229.765,2.9055943095086967,5.24,5.32,-0.08,103.26,0.0094381629825869,26.72,-0.144372489845623,14015.065,1.6840365509428246,8.636545970719034,92.3415,26.85,0.2664321172900079,4.57,3.4360189573459543,3.9,1320.280029296875,-0.084372710069792,4.291771976814318,0.7397718173229428,3.7267080745341454,0.9699999999999988,-0.5599999999999996,3.775562754977546,100.7844,3.9,2.24357475471777,2.9055943095086967,1.96560196560196,-0.1600000000000001,0.1357770696152514,1.7700000000000102,4.447293166354416,67.8220382824625,0.2664321172900079
2001-03-31,88.8661829130291,98.36205,14183.12,2.1975051856706784,4.89,4.09,0.7999999999999998,106.26,0.0286388415712941,26.37,-0.0131853483032496,14130.7,0.8250764445259406,7.173991427415549,91.1162,28.64,0.0645385211375711,4.81,2.9824561403508643,4.3,1160.3299560546875,-0.1291394479595422,4.447283025772153,-1.122295725249156,-1.8242740134028268,3.0,-0.3500000000000005,4.069254539624323,100.1381,3.9,2.8632833328713136,2.1975051856706784,2.629969418960254,-0.2999999999999998,0.0197658972343551,0.9699999999999988,4.574285752844154,25.79462102689487,0.0645385211375711
2001-06-30,89.8743413614778,98.2286,14271.694,0.9962983270431104,5.28,3.72,1.56,107.68,0.0132749448736206,26.37,0.0,14471.316,2.4104679881393087,7.083550576504072,89.8784,19.06,-0.4072124438663889,4.94,3.193960511033689,4.5,1224.3800048828125,0.053730187866269,4.384977127062362,-3.342216371891737,-18.711467324290982,1.4200000000000017,0.3900000000000005,3.989178020676576,99.12424,4.3,2.2547384326822684,0.9962983270431104,2.676399026763998,-0.5599999999999996,-0.0297870317907133,3.0,3.968806853188922,3.7267080745341454,-0.4072124438663889
2001-09-30,91.1969225235107,98.0805,14214.516,0.4892362925611015,4.73,2.49,2.24,106.56,-0.0104556591043387,23.44,-0.1177830356563833,14780.642,2.137511198014041,7.238556608506674,88.7485,31.93,0.5159541085006346,5.0,2.5921658986175045,5.0,1040.93994140625,-0.1623105026176138,4.963757878168473,-4.55015745457048,-24.068675089083246,-1.1200000000000043,-0.5499999999999998,4.291771976814318,98.36205,4.5,2.2009902429098727,0.4892362925611015,3.762135922330101,-0.3500000000000005,-0.0125143643787,1.4200000000000017,0.7397718173229428,-1.8242740134028268,0.5159541085006346
2001-12-31,92.6002623821926,98.56399,14253.574,0.1673182937314887,5.09,2.17,2.92,106.93,0.0034662079764863,19.96,-0.1607136938254939,14963.76,1.238904237041938,6.769108812552771,87.9324,23.8,-0.2938604260492616,4.69,1.603665521191311,5.7,1148.0799560546875,0.0979668488084315,5.344849487525138,-4.774776238202749,-25.299401197604787,0.3700000000000045,0.3599999999999994,4.447283025772153,98.2286,5.0,2.4969620371059875,0.1673182937314887,3.7349397590361377,0.3900000000000005,-0.084372710069792,-1.1200000000000043,-1.122295725249156,-18.711467324290982,-0.2938604260492616
2002-03-31,93.9253689973521,99.37843,14372.785,1.3372586567694578,5.28,2.7,2.58,108.47,0.0142992222835607,26.21,0.2724107464519971,15137.544,1.1613658599175514,7.125223803491676,89.1686,17.4,-0.3132153744569457,4.94,1.362862010221466,5.7,1147.3900146484375,-0.0006011330453738,5.693038587326593,-2.137490369440353,-0.6067500948046978,1.539999999999992,0.1900000000000004,4.384977127062362,98.0805,5.7,1.989878379836329,1.3372586567694578,3.45649582836709,-0.5499999999999998,-0.1291394479595422,0.3700000000000045,-3.342216371891737,-24.068675089083246,-0.3132153744569457
2002-06-30,94.9492638157387,99.21531,14460.848,1.3253787532159889,4.93,2.06,2.87,105.48,-0.0279522755670401,26.79,0.0218876662212023,15366.315,1.5112821472228255,6.184641396815604,90.7061,25.4,0.3782789678040076,4.78,1.0692177827799745,5.8,989.8200073242188,-0.1477219737246461,5.646686670948031,0.920910919642548,1.5927189988623305,-2.989999999999995,-0.3500000000000005,4.963757878168473,98.56399,5.7,1.6840365509428246,1.3253787532159889,3.4360189573459543,0.3599999999999994,0.053730187866269,1.539999999999992,-4.55015745457048,-25.299401197604787,0.3782789678040076
2002-09-30,96.2680608880116,98.35268,14519.633,2.1465169830615416,3.87,1.53,2.34,105.79,0.0029346355135973,30.59,0.1326444746062947,15614.423,1.6146226339887049,5.6410337250574205,90.6531,39.69,0.446350092770483,4.89,1.516002245929271,5.7,815.280029296875,-0.1939914673602564,5.560646372900968,2.146064440525741,30.50341296928327,0.3100000000000023,-1.0599999999999996,5.344849487525138,99.37843,5.8,0.8250764445259406,2.1465169830615416,2.9824561403508643,0.1900000000000004,-0.1623105026176138,-2.989999999999995,-4.774776238202749,-0.6067500948046978,0.446350092770483
2002-12-31,97.7446202313036,97.88914,14537.58,1.9925248221954737,4.03,1.32,2.71,104.27,-0.0144723081971814,31.21,0.020065398119876,15914.764,1.9234844604888668,6.355381267809679,90.4652,28.62,-0.3269934926666691,4.84,2.480270574971821,6.0,879.8200073242188,0.0761857009649329,5.5554462987140285,2.880394484854265,56.3627254509018,-1.5200000000000102,0.1600000000000001,5.693038587326593,99.21531,5.7,2.4104679881393087,1.9925248221954737,3.193960511033689,-0.3500000000000005,0.0979668488084315,0.3100000000000023,-2.137490369440353,1.5927189988623305,-0.3269934926666691
2003-03-31,98.699922940589,97.81839,14614.141,1.6792570124718242,3.81,1.19,2.62,103.09,-0.0113812956932083,31.14,-0.0022453898768357,16107.287,1.2097131946160244,6.406210941484303,91.1044,29.15,0.0183491386681964,4.68,3.025210084033625,5.9,848.1799926757812,-0.0366244806373292,5.083348614123096,2.1709435832793167,18.809614650896613,-1.1799999999999926,-0.2200000000000002,5.646686670948031,98.35268,6.0,2.137511198014041,1.6792570124718242,2.5921658986175045,-1.0599999999999996,-0.0006011330453738,-1.5200000000000102,0.920910919642548,30.50341296928327,0.0183491386681964
2003-06-30,100.178545531622,98.46091,14743.567,1.9550651524723903,3.33,1.09,2.24,98.42,-0.0463583576704612,30.15,-0.0323082432326578,16531.904,2.6361795130365406,7.5853514652016285,90.6527,19.52,-0.4010153318115549,4.53,1.948775055679297,6.3,974.5,0.138831650164834,5.5074484053203365,-0.0588714540698087,12.541993281075037,-4.670000000000002,-0.48,5.560646372900968,97.88914,5.9,1.238904237041938,1.9550651524723903,1.603665521191311,0.1600000000000001,-0.1477219737246461,-1.1799999999999926,2.146064440525741,56.3627254509018,-0.4010153318115549
2003-09-30,101.493888958452,99.57716,14988.782,3.231135387512896,4.27,1.15,3.12,99.75,0.0134230203321407,29.19,-0.0323587383071709,16827.159,1.7859709323257755,7.766767942689912,91.5059,22.72,0.1518060128680041,4.24,2.378318584070782,6.1,995.969970703125,0.0217925882860045,5.428413143710875,0.9407289987876988,-4.576659038901598,1.3299999999999983,0.9399999999999996,5.5554462987140285,97.81839,6.3,1.1613658599175514,3.231135387512896,1.362862010221466,-0.2200000000000002,-0.1939914673602564,-4.670000000000002,2.880394484854265,18.809614650896613,0.1518060128680041
2003-12-31,103.266854961692,100.6819,15162.76,4.300440651057458,4.27,1.26,3.01,95.1,-0.0477380862186283,32.51,0.1077215494497904,17106.15,1.657980411310089,7.486042520014768,92.2602,18.31,-0.2157982351665313,4.43,2.0352035203520247,5.7,1111.9200439453125,0.110126462064891,5.649655927170771,1.9841883950955763,4.165331624479318,-4.650000000000006,0.0,5.083348614123096,98.46091,6.1,1.5112821472228255,4.300440651057458,1.0692177827799745,-0.48,0.0761857009649329,1.3299999999999983,2.1709435832793167,12.541993281075037,-0.2157982351665313
2004-03-31,104.752106311837,101.1317,15248.68,4.341952085996703,3.83,1.2,2.63,95.65,0.0057667263349174,35.75,0.0950025348242026,17427.098,1.8762141101299925,8.193875231750702,92.5861,16.74,-0.0896462936250901,4.21,1.7400761283306032,5.8,1126.2099609375,0.0127696882151781,6.131902833288949,1.626375894029275,14.80411046885035,0.5500000000000114,-0.4399999999999995,5.5074484053203365,99.57716,5.7,1.6146226339887049,4.341952085996703,1.516002245929271,0.9399999999999996,-0.0366244806373292,-4.650000000000006,-0.0588714540698087,-4.576659038901598,-0.0896462936250901
2004-06-30,106.673439588665,101.013,15366.85,4.227491217016888,4.73,2.09,2.640000000000001,97.57,0.0198743732335967,36.92,0.0322031404946347,17834.911,2.3401084908112546,7.881772117718566,92.871,14.34,-0.1547482298898548,4.15,3.16766794101584,5.6,1140.8399658203125,0.0129068246851435,6.483318381771519,2.447031362551799,22.45439469320068,1.9199999999999875,0.9000000000000004,5.428413143710875,100.6819,5.8,1.9234844604888668,4.227491217016888,2.480270574971821,0.0,0.138831650164834,0.5500000000000114,0.9407289987876988,4.165331624479318,-0.1547482298898548
2004-09-30,108.890889094825,100.6837,15512.619,3.494860356231766,4.13,2.21,1.92,96.17,-0.0144526103954681,49.56,0.2944306471262903,18213.249,2.1213338266728554,8.237219366620362,93.7467,13.34,-0.0722857946839966,4.07,2.539168017287952,5.4,1114.5799560546875,-0.0232871903089921,7.288123661712342,2.448803847620762,69.78417266187051,-1.3999999999999917,-0.6000000000000005,5.649655927170771,101.1317,5.6,1.2097131946160244,3.494860356231766,3.025210084033625,-0.4399999999999995,0.0217925882860045,1.9199999999999875,1.9841883950955763,14.80411046885035,-0.0722857946839966
2004-12-31,110.627753299077,100.5739,15670.88,3.3511049439547858,4.23,2.75,1.4800000000000004,90.88,-0.0565775037515492,43.36,-0.133646699629551,18722.489,2.795986591958433,9.44887657362996,95.5365,13.29,-0.0037551677623237,4.03,3.3423180592991875,5.4,1211.9200439453125,0.083728302221129,7.128035747884054,3.551152067738861,33.3743463549677,-5.290000000000006,0.1000000000000005,6.131902833288949,101.013,5.4,2.6361795130365406,3.3511049439547858,1.948775055679297,0.9000000000000004,0.110126462064891,-1.3999999999999917,1.626375894029275,22.45439469320068,-0.0037551677623237
2005-03-31,112.716921097129,100.4085,15844.727,3.9088432572524257,4.5,3.35,1.15,91.67,0.0086552170008431,55.31,0.2434163668751959,19053.396,1.7674306017752217,9.332006969835138,96.4456,14.02,0.0534730088812901,3.7,3.2068412613575736,5.2,1180.5899658203125,-0.0261916305609697,7.603488908930878,4.168552298887196,54.71328671328672,0.7900000000000063,0.2699999999999996,6.483318381771519,100.6837,5.4,1.7859709323257755,3.9088432572524257,2.378318584070782,-0.6000000000000005,0.0127696882151781,-5.290000000000006,2.447031362551799,69.78417266187051,0.0534730088812901
2005-06-30,114.966565872345,100.3846,15922.782,3.6177355801611855,4.0,3.45,0.5499999999999998,94.28,0.028073906094246,56.63,0.023585156119127,19555.889,2.637288386805148,9.649490260983072,97.1753,12.04,-0.1522504417257691,3.67,2.541026998411855,5.0,1191.3299560546875,0.0090560086242915,7.7743122521018115,4.634708358906448,53.385698808234025,2.6099999999999994,-0.5,7.288123661712342,100.5739,5.2,1.657980411310089,3.6177355801611855,2.0352035203520247,0.1000000000000005,0.0129068246851435,0.7900000000000063,2.448803847620762,33.3743463549677,-0.1522504417257691
2005-09-30,116.741502174166,100.6139,16047.587,3.448598847170792,4.2,4.01,0.1900000000000004,94.48,0.0021190938211765,66.21,0.1562926288110409,20032.131,2.435286884682175,9.986587236577083,95.3005,11.92,-0.0100167782434712,3.9,4.741833508956805,5.0,1228.81005859375,0.0309759758901626,7.209614270395459,1.6574450087309731,33.59564164648909,0.2000000000000028,0.2000000000000001,7.128035747884054,100.4085,5.0,1.8762141101299925,3.448598847170792,1.7400761283306032,0.2699999999999996,-0.0232871903089921,2.6099999999999994,3.551152067738861,54.71328671328672,-0.0100167782434712
2005-12-31,118.281507652431,101.1194,16136.734,2.9727366937913,4.47,4.38,0.0899999999999998,94.36,-0.0012709173496326,61.06,-0.0809745216300227,20516.356,2.417241580538776,9.581348932826184,98.0452,12.07,0.0125053734722365,3.54,3.338549817423053,4.9,1248.2900390625,0.0157283769584547,6.918475811998492,2.62590737571502,40.8210332103321,-0.1200000000000045,0.2699999999999996,7.603488908930878,100.3846,5.0,2.3401084908112546,2.9727366937913,3.16766794101584,-0.5,0.083728302221129,0.2000000000000028,4.168552298887196,53.385698808234025,0.0125053734722365
2006-03-31,119.381991014708,101.3739,16353.835,3.2131067957182013,4.72,4.82,-0.1000000000000005,94.21,-0.0015909214788979,66.25,0.0815784775595998,21066.104,2.6795596644940245,10.563513192083974,98.4628,11.39,-0.0579872576503492,3.86,3.4179181771103018,4.7,1294.8699951171875,0.036635654200431,5.913105018043985,2.091541760329152,19.779425058759717,-0.1500000000000056,0.25,7.7743122521018115,100.6139,4.9,2.1213338266728554,3.2131067957182013,2.539168017287952,0.2000000000000001,-0.0261916305609697,-0.1200000000000045,4.634708358906448,33.59564164648909,-0.0579872576503492
2006-06-30,119.154582135583,101.2252,16396.151,2.9729038556202125,5.11,5.21,-0.0999999999999996,93.72,-0.0052147194209814,73.94,0.1098184886421542,21654.759,2.7943230509067885,10.732674950241329,99.0997,13.08,0.1383485685699619,4.13,4.1817243159525175,4.6,1270.199951171875,-0.0192359702957551,3.642812352843716,1.980338625144462,30.56683736535404,-0.4899999999999949,0.3900000000000005,7.209614270395459,101.1194,4.7,2.795986591958433,2.9729038556202125,3.3423180592991875,0.2699999999999996,0.0090560086242915,-0.1500000000000056,1.6574450087309731,40.8210332103321,0.1383485685699619
2006-09-30,118.48546459258,101.2498,16420.738,2.325277937424497,4.72,4.91,-0.1900000000000004,92.61,-0.0119144864574173,62.9,-0.1617077898020909,22127.75,2.184235807011304,10.461288417093506,99.3183,11.98,-0.0878457533417493,4.12,2.012072434607637,4.5,1335.8499755859375,0.0503934451404933,1.493866693450796,4.215927513496776,-4.999244827065397,-1.1099999999999994,-0.3900000000000005,6.918475811998492,101.3739,4.6,1.7674306017752217,2.325277937424497,3.2068412613575736,0.25,0.0309759758901626,-0.4899999999999949,2.62590737571502,19.779425058759717,-0.0878457533417493
2006-12-31,119.241580478205,101.5824,16561.866,2.63456037634382,4.56,5.0,-0.4400000000000004,90.22,-0.0261459952019277,60.85,-0.0331343442728585,22638.445,2.307939126210301,10.34340113809684,100.1735,11.56,-0.0356877294430718,3.95,2.5239777889954462,4.4,1418.300048828125,0.0598912306597022,0.8116846367862918,2.1707334984272686,-0.3439240091713036,-2.390000000000001,-0.1600000000000001,5.913105018043985,101.2252,4.5,2.637288386805148,2.63456037634382,2.541026998411855,0.3900000000000005,0.0157283769584547,-1.1099999999999994,2.091541760329152,30.56683736535404,-0.0356877294430718
2007-03-31,118.871727977828,101.9432,16611.69,1.5767249700146868,4.56,4.9,-0.3400000000000007,91.29,0.0117901205967395,65.94,0.0803334182100486,23040.77,1.7771759500265991,9.373664916873103,100.9547,14.64,0.2362066452889341,3.98,2.798197295943927,4.4,1420.8599853515625,0.0018033060386475,-0.4274204446943264,2.530803511580016,-0.4679245283018884,1.0700000000000074,0.0,3.642812352843716,101.2498,4.4,2.435286884682175,1.5767249700146868,4.741833508956805,-0.3900000000000005,0.036635654200431,-2.390000000000001,1.980338625144462,-4.999244827065397,0.2362066452889341
2007-06-30,117.543446984268,102.1929,16713.314,1.9343747200181167,5.1,4.91,0.1899999999999995,89.88,-0.015565805259861,70.47,0.0664418496953461,23667.942,2.722009724501384,9.296723182188282,101.7893,16.23,0.1031038729933343,4.02,2.692765113974227,4.6,1503.3499755859375,0.0564336232354597,-1.3521386441368466,2.7140344521729087,-4.692994319718691,-1.4100000000000108,0.54,1.493866693450796,101.5824,4.4,2.417241580538776,1.9343747200181167,3.338549817423053,-0.1600000000000001,-0.0192359702957551,1.0700000000000074,4.215927513496776,-0.3439240091713036,0.1031038729933343
2007-09-30,115.378590892797,101.9985,16809.587,2.368036077306624,4.52,4.05,0.4699999999999997,87.19,-0.0303858018774047,81.64,0.1471322506027129,24209.672,2.288876658562033,9.408647512738533,102.0894,18.0,0.1035103763696649,4.41,2.8338264299802685,4.7,1526.75,0.0154453581013561,-2.622155983829899,2.7901202497425004,29.793322734499217,-2.6899999999999977,-0.5800000000000001,0.8116846367862918,101.9432,4.6,2.6795596644940245,2.368036077306624,3.4179181771103018,0.0,0.0503934451404933,-1.4100000000000108,2.1707334984272686,-0.4679245283018884,0.1035103763696649
2007-12-31,112.128582264457,101.6242,16915.191,2.133364682457861,4.1,3.34,0.7599999999999998,84.41,-0.0324037674440951,95.95,0.1615078845120648,24691.754,1.991278527028384,9.070009004593738,102.3803,22.5,0.2231435513142097,4.6,4.108813392417532,5.0,1468.3599853515625,-0.0389951713615627,-5.965199542996757,2.2029778334589523,57.68282662284305,-2.780000000000001,-0.4199999999999999,-0.4274204446943264,102.1929,4.7,2.7943230509067885,2.133364682457861,4.1817243159525175,0.54,0.0598912306597022,-2.6899999999999977,2.530803511580016,-4.692994319718691,0.2231435513142097
2008-03-31,108.665834340447,101.1775,16843.003,1.3924712055185309,3.51,1.55,1.96,81.48,-0.0353282866370234,101.54,0.0566255870655392,25019.452,1.3271556164053733,8.587742510341446,101.5336,25.61,0.1294675910010594,4.77,3.9749035501344334,5.1,1322.699951171875,-0.1044710566251753,-8.585635803396919,0.5734255066876637,53.98847437063999,-2.9299999999999926,-0.5899999999999999,-1.3521386441368466,101.9985,5.0,2.184235807011304,1.3924712055185309,2.012072434607637,-0.5800000000000001,0.0018033060386475,-2.780000000000001,2.7140344521729087,29.793322734499217,0.1294675910010594
2008-06-30,104.589139206153,100.2976,16943.291,1.3760107660276244,4.1,2.36,1.7399999999999998,82.39,0.0111064789688935,139.96,0.3209038579802389,25185.003,0.6616891529038993,6.409771495975458,100.0335,23.95,-0.0670145763545096,4.9,4.935966105947864,5.6,1280.0,-0.0328149872028433,-11.020867696562275,-1.724935725071297,98.60933730665532,0.9099999999999966,0.5899999999999999,-2.622155983829899,101.6242,5.1,2.307939126210301,1.3760107660276244,2.5239777889954462,-0.4199999999999999,0.0564336232354597,-2.9299999999999926,2.7901202497425004,57.68282662284305,-0.0670145763545096
2008-09-30,100.879193561927,98.2246,16854.295,0.2659672721286865,3.69,1.78,1.91,85.32,0.0349448232756511,100.7,-0.3292108677749707,25446.401,1.0379113315968302,5.108408738457926,93.7895,39.39,0.4975436531258904,4.8,4.953319875136075,6.1,1166.3599853515625,-0.0929723023592234,-12.566800494505948,-8.130031129578574,23.34639882410583,2.9299999999999926,-0.4099999999999997,-5.965199542996757,101.1775,5.6,1.7771759500265991,0.2659672721286865,2.798197295943927,-0.5899999999999999,0.0154453581013561,0.9099999999999966,2.2029778334589523,53.98847437063999,0.4975436531258904
2008-12-31,99.4926215315527,95.66428,16485.35,-2.5411536884212604,2.42,0.37,2.05,89.54,0.0482765592096698,44.6,-0.8144119406984982,25207.749,-0.9378615074092432,2.089746236739587,90.8357,40.0,0.0153674771311218,5.64,-0.022228002553859,7.3,903.25,-0.2556436845266899,-11.269170159578213,-11.276192783181926,-53.517457008858784,4.220000000000013,-1.27,-8.585635803396919,100.2976,6.1,2.722009724501384,-2.5411536884212604,2.692765113974227,0.5899999999999999,-0.0389951713615627,2.9299999999999926,0.5734255066876637,98.60933730665532,0.0153674771311218
2009-03-31,99.5591214180201,94.78365,16298.262,-3.234227293078318,2.82,0.57,2.25,93.45,0.0427410810887523,49.64,0.107063101310388,25034.338,-0.6879273512283901,0.0594977060248913,86.6528,44.14,0.0984869467146539,6.51,-0.4464787676623838,8.7,797.8699951171875,-0.1240536992367511,-8.380474854585696,-14.656035046526473,-51.11286192633445,3.9099999999999966,0.3999999999999999,-11.020867696562275,98.2246,7.3,2.288876658562033,-3.234227293078318,2.8338264299802685,-0.4099999999999997,-0.1044710566251753,4.220000000000013,-1.724935725071297,23.34639882410583,0.0984869467146539
2009-06-30,97.77330294517,95.8861,16269.145,-3.9788374053187248,3.72,0.56,3.16,88.34,-0.0562335277331914,69.82,0.3411235413404834,24918.064,-0.4644580575687729,-1.0599125201613102,84.7459,26.35,-0.515898125841219,6.77,-1.2291746182109151,9.5,919.3200073242188,0.1416886034927275,-6.516772499244383,-15.282480369076357,-50.11431837667906,-5.109999999999999,0.9000000000000004,-12.566800494505948,95.66428,8.7,1.991278527028384,-3.9788374053187248,4.108813392417532,-1.27,-0.0328149872028433,3.9099999999999966,-8.130031129578574,-53.517457008858784,-0.515898125841219
2009-09-30,96.6643830424593,97.51496,16326.281,-3.1328157006863644,3.4,0.4,3.0,85.97,-0.0271946079820277,70.46,0.0091246712362016,24706.479,-0.849122949519665,-2.907766799713652,87.4063,25.61,-0.0284853747759375,6.49,-1.377942862886472,9.8,1057.0799560546875,0.1396313530536158,-4.178077134290659,-6.805879122929537,-30.029791459781546,-2.3700000000000045,-0.3200000000000003,-11.269170159578213,94.78365,9.5,1.3271556164053733,-3.1328157006863644,3.9749035501344334,0.3999999999999999,-0.0929723023592234,-5.109999999999999,-11.276192783181926,-51.11286192633445,-0.0284853747759375
2009-12-31,95.8740696963134,98.84863,16502.754,0.1055725234829774,3.59,0.47,3.12,84.1,-0.0219918312074503,79.39,0.1193272428239305,24496.837,-0.8485304603703336,-2.820212149843293,88.3793,21.68,-0.1665927236399884,6.33,2.8141231232083674,9.9,1115.0999755859375,0.0534337167399176,-3.6370052166046607,-2.704223119324234,78.00448430493275,-1.8700000000000043,0.1899999999999999,-8.380474854585696,95.8861,9.8,0.6616891529038993,0.1055725234829774,4.935966105947864,0.9000000000000004,-0.2556436845266899,-2.3700000000000045,-14.656035046526473,-50.11431837667906,-0.1665927236399884
2010-03-31,94.634796605452,99.63297,16582.71,1.7452658449103264,3.73,0.41,3.32,84.67,0.0067547806752834,83.45,0.049875234370822,24354.291,-0.5818955320639918,-2.716456892129515,90.2928,17.59,-0.2090596178219786,5.78,2.2861714393279886,9.9,1169.4300537109375,0.0475724314460383,-4.946131245867747,4.200672107537207,68.11039484286864,0.5700000000000074,0.1400000000000001,-6.516772499244383,97.51496,9.9,1.0379113315968302,1.7452658449103264,4.953319875136075,-0.3200000000000003,-0.1240536992367511,-1.8700000000000043,-15.282480369076357,-30.029791459781546,-0.2090596178219786
2010-06-30,93.9936507929743,99.60447,16743.162,2.91359502911801,3.2,0.32,2.8800000000000003,87.35,0.0311616889258796,75.59,-0.0989236508037586,24225.042,-0.5307031931251815,-2.7812032267033104,91.9928,34.54,0.6747875139690658,5.1,1.1215605940686268,9.4,1030.7099609375,-0.1262686492820759,-3.865730253907129,8.551328146848402,8.264107705528524,2.6799999999999926,-0.5299999999999998,-4.178077134290659,98.84863,9.9,-0.9378615074092432,2.91359502911801,-0.022228002553859,0.1899999999999999,0.1416886034927275,0.5700000000000074,-6.805879122929537,78.00448430493275,0.6747875139690658
2010-09-30,92.2847583329001,99.61134,16872.266,3.344209253779229,2.65,0.27,2.38,83.94,-0.0398207786746207,79.95,0.0560774399758779,24202.396,-0.0934817780708141,-2.040286679457637,92.9537,23.7,-0.376643024577447,4.58,1.1183122472331777,9.5,1141.199951171875,0.1018324503114723,-4.530753284418609,6.346682104150392,13.46863468634687,-3.4099999999999966,-0.5500000000000003,-3.6370052166046607,99.63297,9.4,-0.6879273512283901,3.344209253779229,-0.4464787676623838,0.1400000000000001,0.1396313530536158,2.6799999999999926,-2.704223119324234,68.11039484286864,-0.376643024577447
2010-12-31,90.7799135047109,100.1111,16960.864,2.7759609093124693,3.29,0.29,3.0,81.69,-0.0271706625516668,91.38,0.1336251968551622,24132.744,-0.2877896882606201,-1.4862857600758894,93.6787,17.75,-0.2890895322196606,4.14,1.437793022217937,9.3,1257.6400146484375,0.0971566628797646,-5.313382656789811,5.996200467756596,15.102657765461649,-2.25,0.6400000000000001,-4.946131245867747,99.60447,9.5,-0.4644580575687729,2.7759609093124693,-1.2291746182109151,-0.5299999999999998,0.0534337167399176,-3.4099999999999966,4.200672107537207,8.264107705528524,-0.2890895322196606
2011-03-31,88.0098902595533,100.3614,16920.632,2.037797199613345,3.41,0.3,3.1100000000000003,79.87,-0.0225312824244803,106.19,0.1502033062806288,24119.468,-0.0550123931203128,-0.9641955908303856,94.0788,17.74,-0.0005635390399914,3.82,2.619241510354109,9.0,1325.8299560546875,0.0528016848206529,-7.000497262670747,4.193025357503588,27.249850209706405,-1.8199999999999927,0.1200000000000001,-3.865730253907129,99.61134,9.3,-0.849122949519665,2.037797199613345,-1.377942862886472,-0.5500000000000003,0.0475724314460383,-2.25,8.551328146848402,13.46863468634687,-0.0005635390399914
2011-06-30,86.4094299863782,99.78583,17035.114,1.7437088645501977,3.0,0.19,2.81,78.95,-0.0115855722276465,95.3,-0.1082001317555978,24141.252,0.0903170832789568,-0.3458817532700275,94.172,16.52,-0.0712502087886013,3.65,3.502318150636041,9.1,1320.6400146484375,-0.0039221665969712,-8.068865016532566,2.3688810428642126,26.07487762931604,-0.9200000000000016,-0.4100000000000001,-4.530753284418609,100.1111,9.0,-0.8485304603703336,1.7437088645501977,2.8141231232083674,0.6400000000000001,-0.1262686492820759,-1.8199999999999927,6.346682104150392,15.102657765461649,-0.0712502087886013
2011-09-30,86.2760501885867,99.1377,17031.313,0.9426534645672336,1.98,0.13,1.85,80.96,0.0251404648375041,78.93,-0.1884684269398452,24212.817,0.2964427859830865,0.0430577204008963,95.1961,42.96,0.9556976821077772,3.45,3.812621692818685,9.0,1131.4200439453125,-0.1546429588484064,-6.511051502825749,2.412383799676609,-1.275797373358345,2.009999999999991,-1.02,-5.313382656789811,100.3614,9.1,-0.5818955320639918,0.9426534645672336,2.2861714393279886,0.1200000000000001,0.1018324503114723,-0.9200000000000016,5.996200467756596,27.249850209706405,0.9556976821077772
2011-12-31,86.1383699779629,99.52104,17222.583,1.543075871606514,1.98,0.12,1.86,82.09,0.0138610008210195,98.83,0.2248398186677813,24297.678,0.3504796653772235,0.6834448664436943,96.3571,23.4,-0.6075334278369536,3.25,3.062066838419386,8.5,1257.5999755859375,0.1057316034539904,-5.112963151817873,2.859134467066693,8.152768658349752,1.1300000000000097,0.0,-7.000497262670747,99.78583,9.0,-0.5307031931251815,1.543075871606514,1.1215605940686268,-0.4100000000000001,0.0971566628797646,2.009999999999991,4.193025357503588,26.07487762931604,-0.6075334278369536
2012-03-31,85.949647282451,99.95082,17367.01,2.6380693108862374,2.17,0.19,1.98,81.21,-0.0107778140658554,103.03,0.041619005568884,24325.586,0.1148587120135546,0.8545710875546675,96.74,15.5,-0.4118959984384546,3.06,2.5828752813320977,8.2,1408.469970703125,0.1132988647728481,-2.3409221066250208,2.8286925428470555,-2.975798097749316,-0.8800000000000097,0.1899999999999999,-8.068865016532566,99.1377,8.5,-0.0934817780708141,2.6380693108862374,1.1183122472331777,-1.02,0.0528016848206529,1.1300000000000097,2.3688810428642126,-1.275797373358345,-0.4118959984384546
2012-06-30,87.0782780077535,99.71401,17444.525,2.403335839137921,1.62,0.21,1.41,84.18,0.0359189710481052,85.04,-0.191898473923284,24413.324,0.3606819584942355,1.1270003726401523,97.6663,17.08,0.0970681644352227,2.92,1.653870448297634,8.2,1362.1600341796875,-0.0334322878299134,0.7740451724779662,3.7105509068513065,-10.766002098635871,2.970000000000013,-0.5499999999999998,-6.511051502825749,99.52104,8.2,-0.2877896882606201,2.403335839137921,1.437793022217937,0.0,-0.0039221665969712,-0.8800000000000097,2.412383799676609,8.152768658349752,0.0970681644352227
2012-09-30,87.8780672190928,99.62026,17469.65,2.5737123144880414,1.72,0.17,1.55,81.79,-0.0288023765955418,92.18,0.0806214532586696,24600.398,0.7662782831211468,1.6007265903839274,97.381,15.73,-0.0823384712902372,2.82,1.9497168982819613,7.8,1440.6700439453125,0.0560366134384083,1.856850223212958,2.2951570495009843,16.78702647915875,-2.390000000000001,0.0999999999999998,-5.112963151817873,99.95082,8.2,-0.0550123931203128,2.5737123144880414,2.619241510354109,0.1899999999999999,-0.1546429588484064,2.970000000000013,2.859134467066693,-2.975798097749316,-0.0823384712902372
2012-12-31,88.7078064650898,99.91696,17489.852,1.551852007332477,1.72,0.16,1.56,80.49,-0.0160220336412403,91.83,-0.0038041456669314,24771.864,0.6970049834153169,1.95156919932844,98.3101,18.02,0.1359125351100053,2.71,1.7595049796895523,7.9,1426.18994140625,-0.0101018017968799,2.9829174707906025,2.0268355938483085,-7.082869574015982,-1.3000000000000114,0.0,-2.3409221066250208,99.71401,7.8,0.0903170832789568,1.551852007332477,3.502318150636041,-0.5499999999999998,0.1057316034539904,-2.390000000000001,2.8286925428470555,-10.766002098635871,0.1359125351100053
2013-03-31,90.224771370431,100.3317,17662.4,1.700868485709428,1.96,0.14,1.82,82.26,0.0217520096966357,97.24,0.0572431078224917,24798.351,0.1069237260466149,1.943488637848234,99.1921,12.7,-0.3498802587156464,2.64,1.5187472411246183,7.5,1569.18994140625,0.0955530134548053,4.973986773826922,2.534732272069462,-5.619722410948269,1.7700000000000102,0.24,0.7740451724779662,99.62026,7.9,0.2964427859830865,1.700868485709428,3.812621692818685,0.0999999999999998,0.1132988647728481,-1.3000000000000114,3.7105509068513065,16.78702647915875,-0.3498802587156464
2013-06-30,91.9708217625071,100.6503,17709.671,1.5199382041070075,2.3,0.15,2.15,83.05,0.0095578732570256,96.36,-0.0090909717012519,25005.818,0.8366161120955118,2.426928836073272,99.3897,16.86,0.2833419591091638,2.53,1.7157935271568725,7.5,1606.280029296875,0.0233614394498837,5.618558229088966,1.7645800035426706,13.311382878645327,0.789999999999992,0.3399999999999998,1.856850223212958,99.91696,7.5,0.3504796653772235,1.5199382041070075,3.062066838419386,0.0,-0.0334322878299134,1.7700000000000102,2.2951570495009843,-7.082869574015982,0.2833419591091638
2013-09-30,93.0129268939342,100.7465,17860.45,2.237022493295515,2.81,0.1,2.71,82.84,-0.0025317995319204,102.36,0.0604048335449174,25246.05,0.9607044248662432,2.6245591636362864,100.161,16.6,-0.0155412572112116,2.44,1.0947341081747997,7.2,1681.550048828125,0.0457950513802674,5.843164099227916,2.854766330187619,11.043610327619868,-0.2099999999999937,0.5100000000000002,2.9829174707906025,100.3317,7.5,0.1148587120135546,2.237022493295515,2.5828752813320977,0.24,0.0560366134384083,0.789999999999992,2.0268355938483085,-5.619722410948269,-0.0155412572112116
2013-12-31,93.6104804185167,100.7508,18016.147,3.0091449601746367,2.9,0.13,2.77,82.04,-0.0097041033232034,98.17,-0.0417953415871579,25547.692,1.1948086928450286,3.1318918915427485,100.5175,13.72,-0.1905480730647584,2.38,1.5128383667573295,6.7,1848.3599853515625,0.0945827353681226,5.526767202113492,2.245344069429267,6.904061853424803,-0.7999999999999972,0.0899999999999998,4.973986773826922,100.6503,7.2,0.3606819584942355,3.0091449601746367,1.653870448297634,0.3399999999999998,-0.0101018017968799,-0.2099999999999937,2.534732272069462,13.311382878645327,-0.1905480730647584
2014-03-31,94.2967836390594,100.8,17953.974,1.6508175559380112,2.72,0.13,2.5900000000000003,83.32,0.0154816831885912,101.57,0.0340475462469796,25734.833,0.7325162680057451,3.776388196134484,101.8942,13.88,0.0115943327809192,2.32,1.6126949139408042,6.7,1872.3399658203125,0.0128902157232004,4.513186574793471,2.724108069090181,4.452900041135344,1.279999999999987,-0.1799999999999997,5.618558229088966,100.7465,6.7,0.7662782831211468,1.6508175559380112,1.9497168982819613,0.5100000000000002,0.0955530134548053,-0.7999999999999972,1.7645800035426706,11.043610327619868,0.0115943327809192
2014-06-30,94.685294524021,100.941,18185.911,2.6891521587272926,2.6,0.11,2.49,83.37,0.0005999160297508,106.07,0.0433510375659691,25987.645,0.9823728018751864,3.926394249530252,102.735,11.57,-0.1820334138730732,2.26,2.0589816945944195,6.1,1960.22998046875,0.0458728360925034,2.9514499375936643,3.365841732090935,10.076795350767952,0.0500000000000113,-0.1200000000000001,5.843164099227916,100.7508,6.7,0.6970049834153169,2.6891521587272926,1.7595049796895523,0.0899999999999998,0.0233614394498837,1.279999999999987,2.854766330187619,6.904061853424803,-0.1820334138730732
2014-09-30,95.4488500212256,100.9457,18406.941,3.059782928201682,2.53,0.13,2.4,84.61,0.0147639305138873,91.17,-0.1513733579205674,26171.783,0.7085597790796427,3.666842931864589,103.0641,16.31,0.3433628754273372,2.2,1.6840509711232077,5.9,1972.2900390625,0.0061335206647078,2.618908154636568,2.89843352202952,-10.932004689331764,1.2399999999999949,-0.0700000000000002,5.526767202113492,100.8,6.1,0.1069237260466149,3.059782928201682,1.5187472411246183,-0.1799999999999997,0.0457950513802674,0.0500000000000113,2.245344069429267,4.452900041135344,0.3433628754273372
2014-12-31,96.8051681274448,100.7897,18500.031,2.6858351011456394,2.21,0.25,1.96,87.75,0.0364393994095656,53.45,-0.5339792581257571,26475.225,1.159424254740293,3.630594106113372,103.7044,19.2,0.1631318624008133,2.15,0.6531213919623191,5.6,2058.89990234375,0.0429764881717451,3.4127457680434903,3.170492700276073,-45.553631455638175,3.140000000000001,-0.3199999999999998,4.513186574793471,100.941,5.9,0.8366161120955118,2.6858351011456394,1.7157935271568725,-0.1200000000000001,0.0945827353681226,1.2399999999999949,2.724108069090181,10.076795350767952,0.1631318624008133
2015-03-31,98.574511441529,100.4782,18666.621,3.9692994988184793,2.04,0.26,1.78,92.42,0.0518515430961452,47.72,-0.1133960402413389,26681.199,0.7779877224839415,3.677373775846937,101.8914,15.29,-0.2277112590927649,2.11,-0.0220312844238734,5.4,2067.889892578125,0.0043568996252386,4.536451443395451,-0.002747948362114,-53.01762331397066,4.670000000000002,-0.1699999999999999,2.9514499375936643,100.9457,5.6,0.9607044248662432,3.9692994988184793,1.0947341081747997,-0.0700000000000002,0.0128902157232004,3.140000000000001,3.365841732090935,-10.932004689331764,-0.2277112590927649
2015-06-30,99.3463064947448,100.1415,18782.243,3.2790878609270546,2.36,0.28,2.08,92.38,-0.000432900439661,59.48,0.220289524362239,27099.891,1.569239823142876,4.279903007756181,100.571,18.23,0.1758695687496007,2.12,0.1795718097550525,5.3,2063.110107421875,-0.0023141066517863,4.922635551966659,-2.106390227283794,-43.92382388988404,-0.0400000000000062,0.3199999999999998,2.618908154636568,100.7897,5.4,1.1948086928450286,3.2790878609270546,1.5128383667573295,-0.3199999999999998,0.0458728360925034,4.670000000000002,2.89843352202952,-45.553631455638175,0.1758695687496007
2015-09-30,100.291901617658,99.63218,18857.418,2.447321366434552,2.17,0.33,1.84,95.53,0.0335298292794577,45.06,-0.2776451865878558,27387.669,1.061915710288286,4.645789704125258,100.7547,24.5,0.2956045288601097,2.15,0.00884296163417,5.0,1920.030029296875,-0.0718737789665672,5.073975847121703,-2.2407414414912674,-50.57584731819678,3.1500000000000057,-0.1899999999999999,3.4127457680434903,100.4782,5.3,0.7325162680057451,2.447321366434552,1.6126949139408042,-0.1699999999999999,0.0061335206647078,-0.0400000000000062,3.170492700276073,-53.01762331397066,0.2956045288601097
2015-12-31,101.787280446068,99.26025,18892.206,2.119861312664817,2.24,0.65,1.5900000000000003,96.4,0.009065867334583,37.13,-0.1935696668151096,27540.487,0.5579810388390394,4.023618307304289,99.0417,18.21,-0.2967022238111647,2.16,0.6387247515364791,5.0,2043.93994140625,0.0625384628599467,5.146535474288116,-4.496144811599123,-30.53320860617399,0.8700000000000045,0.0700000000000002,4.536451443395451,100.1415,5.0,0.9823728018751864,2.119861312664817,2.0589816945944195,0.3199999999999998,0.0429764881717451,3.1500000000000057,-0.002747948362114,-43.92382388988404,-0.2967022238111647
2016-03-31,103.001953519955,99.09827,19001.69,1.7950168913805964,1.89,0.59,1.2999999999999998,95.71,-0.0071834154086849,36.94,-0.0051302934178949,27836.28,1.0740296640360691,4.329194501341549,98.3096,13.95,-0.2664913854721421,2.15,0.8916160965521946,5.0,2059.739990234375,0.0077004674663395,4.491467432787832,-3.515311400177057,-22.59010896898576,-0.6900000000000119,-0.3500000000000003,4.922635551966659,99.63218,5.0,0.7085597790796427,1.7950168913805964,1.6840509711232077,-0.1899999999999999,0.0043568996252386,0.8700000000000045,-2.106390227283794,-50.57584731819678,-0.2664913854721421
2016-06-30,103.822044640492,99.10651,19062.709,1.493250832714721,1.64,0.45,1.19,96.41,0.0072871444684738,48.27,0.2675152749013077,28122.297,1.0274972086787404,3.772731041611932,98.8833,15.63,0.1137126361660107,2.21,1.0792865347959424,4.9,2098.860107421875,0.0188146348648327,4.505188268860261,-1.678117946525337,-18.846671149966365,0.7000000000000028,-0.25,5.073975847121703,99.26025,5.0,1.159424254740293,1.493250832714721,0.6531213919623191,0.0700000000000002,-0.0023141066517863,-0.6900000000000119,-2.2407414414912674,-30.53320860617399,0.1137126361660107
2016-09-30,105.009110012726,99.25976,19197.938,1.8057615310855144,1.63,0.59,1.04,96.59,0.0018652855149156,47.72,-0.0114596524426862,28468.772,1.2320295173612772,3.947407864466301,98.7457,13.29,-0.1621802717082313,2.29,1.5486446201652182,5.0,2168.27001953125,0.0325352322089481,4.703478864177257,-1.9939516469206888,5.903240124278741,0.1800000000000068,-0.01,5.146535474288116,99.09827,4.9,0.7779877224839415,1.8057615310855144,-0.0220312844238734,-0.3500000000000003,-0.0718737789665672,0.7000000000000028,-4.496144811599123,-22.59010896898576,-0.1621802717082313
2016-12-31,106.145280524029,99.68241,19304.352,2.1815663030564147,2.49,0.85,1.64,101.14,0.0460304794606324,53.75,0.1189930697780568,28627.659,0.5581097772675125,3.947540942177241,99.0214,14.04,0.0548985258725111,2.37,2.0507989115119862,4.7,2238.830078125,0.0320238193002406,4.281478057830701,-0.0204964171657051,44.76164826286022,4.549999999999997,0.8600000000000003,4.491467432787832,99.10651,5.0,1.569239823142876,2.1815663030564147,0.1795718097550525,-0.25,0.0625384628599467,0.1800000000000068,-3.515311400177057,-18.846671149966365,0.0548985258725111
2017-03-31,106.878052599422,99.91552,19398.343,2.0874616941966906,2.48,1.03,1.45,99.27,-0.0186622850502064,50.54,-0.061578565047724,28967.373,1.1866635689631533,4.063377002961599,99.0137,12.37,-0.1266362121932684,2.4,2.44119623655914,4.4,2362.719970703125,0.0538600424672083,3.7631316174174154,0.7162067590550603,36.81645912290201,-1.8700000000000043,-0.0100000000000002,4.505188268860261,99.25976,4.7,1.061915710288286,2.0874616941966906,0.00884296163417,-0.01,0.0077004674663395,4.549999999999997,-1.678117946525337,5.903240124278741,-0.1266362121932684
2017-06-30,108.499027862779,99.95305,19506.949,2.3304137937582903,2.19,1.24,0.95,96.83,-0.0248865469781907,46.02,-0.0936890173528282,29367.143,1.3800699152111573,4.426544531550891,100.3471,11.18,-0.1011477186774433,2.49,1.640565809959127,4.3,2423.409912109375,0.0253621176296828,4.504807469822181,1.480330854653911,-4.661280298321935,-2.4399999999999977,-0.29,4.703478864177257,99.68241,4.4,0.5579810388390394,2.3304137937582903,0.6387247515364791,0.8600000000000003,0.0188146348648327,-1.8700000000000043,-1.9939516469206888,44.76164826286022,-0.1011477186774433
2017-09-30,109.745083635889,100.1758,19660.766,2.410821412174591,2.2,1.31,0.8900000000000001,93.56,-0.0343539219074614,51.67,0.1158012576918733,29687.918,1.0922921579399114,4.282397568816809,99.7954,9.51,-0.1617825911696542,2.54,2.1805652303711787,4.3,2519.360107421875,0.0388293406791509,4.5100597677564025,1.0630336308315114,8.277451802179382,-3.269999999999996,0.0100000000000002,4.281478057830701,99.91552,4.3,1.0740296640360691,2.410821412174591,0.8916160965521946,-0.0100000000000002,0.0325352322089481,-2.4399999999999977,-0.0204964171657051,36.81645912290201,-0.1617825911696542
2017-12-31,110.741816962729,100.5802,19882.352,2.9941434967617697,2.4,1.76,0.6399999999999999,94.37,0.0086202843172634,60.46,0.1571046470522187,30187.233,1.6818794770316892,5.447787400290061,101.4644,11.04,0.1491811642916502,2.48,2.129930719552253,4.1,2673.610107421875,0.0594247156533476,4.330419982883216,2.467143465957866,12.483720930232556,0.8100000000000023,0.1999999999999997,3.7631316174174154,99.95305,4.3,1.0274972086787404,2.9941434967617697,1.0792865347959424,-0.29,0.0320238193002406,-3.269999999999996,0.7162067590550603,-4.661280298321935,0.1491811642916502
2018-03-31,111.993606873921,100.9138,20044.077,3.328810094759116,2.84,2.09,0.75,92.16,-0.0236970290856606,64.87,0.0704032778736521,30415.088,0.754805847889406,4.9977434957598765,102.2067,19.97,0.5927061065787745,2.5,2.3309497646499366,4.0,2640.8701171875,-0.0123212066066953,4.786346822459464,3.224806264183644,28.35377918480413,-2.210000000000008,0.4399999999999999,4.504807469822181,100.1758,4.1,1.2320295173612772,3.328810094759116,1.5486446201652182,0.0100000000000002,0.0538600424672083,0.8100000000000023,1.480330854653911,8.277451802179382,0.5927061065787745
2018-06-30,112.698004980836,100.8764,20150.476,3.2989628465220244,2.91,2.33,0.5800000000000001,96.89,0.0500501174493317,74.13,0.1334350414436643,30984.47,1.872037983253572,5.507267084169554,103.198,16.09,-0.216033186423432,2.5,2.8075506935940187,4.0,2718.3701171875,0.0289240263814609,3.870059668523052,2.8410387544831828,61.08213820078225,4.730000000000004,0.0700000000000002,4.5100597677564025,100.5802,4.0,0.5581097772675125,3.2989628465220244,2.0507989115119862,0.1999999999999997,0.0253621176296828,-2.210000000000008,1.0630336308315114,12.483720930232556,-0.216033186423432
2018-09-30,113.749117494993,100.5603,20276.154,3.130030640718684,3.0,2.59,0.4100000000000001,97.61,0.0074036327899609,73.16,-0.0131714851459634,31299.582,1.0169998066773325,5.428686511462333,104.1004,12.12,-0.2833409803631234,2.52,2.332055105808828,3.7,2913.97998046875,0.0694873585482402,3.6484858605498216,4.313826088176409,41.59086510547705,0.7199999999999989,0.0899999999999998,4.330419982883216,100.9138,4.0,1.1866635689631533,3.130030640718684,2.44119623655914,0.4399999999999999,0.0388293406791509,4.730000000000004,2.467143465957866,28.35377918480413,-0.2833409803631234
2018-12-31,114.560196731927,99.94698,20304.874,2.125110751484538,2.83,2.63,0.2000000000000001,98.53,0.0093811231475095,45.15,-0.4826585436596705,31651.481,1.1242929697911077,4.850553874878161,104.0936,25.42,0.7406792851201397,2.54,2.0023809043401064,3.9,2506.85009765625,-0.1504928137560783,3.448001734054173,2.5912536810940523,-25.32252729077076,0.9200000000000016,-0.1699999999999999,4.786346822459464,100.8764,3.7,1.3800699152111573,2.125110751484538,1.640565809959127,0.0700000000000002,0.0594247156533476,0.7199999999999989,3.224806264183644,61.08213820078225,0.7406792851201397
2019-03-31,115.708404627779,99.45075,20431.641,1.9335587266003704,2.57,2.4,0.1699999999999999,97.67,-0.0087666208749974,60.19,0.287515945696685,31932.836,0.8889157508932932,4.990115432182862,102.8757,13.71,-0.6174107721870851,2.54,1.8831863513063984,3.8,2834.39990234375,0.122803216242387,3.31697304654186,0.6545559146318158,-7.214428857715438,-0.8599999999999994,-0.2600000000000002,3.870059668523052,100.5603,3.9,1.0922921579399114,1.9335587266003704,2.1805652303711787,0.0899999999999998,-0.0123212066066953,0.9200000000000016,2.8410387544831828,41.59086510547705,-0.6174107721870851
2019-06-30,116.407017775045,99.11409,20602.275,2.242125694698238,2.07,1.92,0.1499999999999999,98.74,0.0108956833713311,58.2,-0.0336208708222871,32292.796,1.1272409378233703,4.22252179882372,102.4375,15.08,0.0952438690055869,2.59,1.671194894390049,3.6,2941.760009765625,0.0371778048977228,3.291107766139878,-0.7369328862962377,-21.48927559692432,1.0699999999999932,-0.5,3.6484858605498216,99.94698,3.8,1.6818794770316892,2.242125694698238,2.129930719552253,-0.1699999999999999,0.0289240263814609,-0.8599999999999994,4.313826088176409,-25.32252729077076,0.0952438690055869
2019-09-30,117.657063019342,98.97908,20843.322,2.797216868642849,1.7,1.75,-0.05,100.09,0.0135796484002107,54.09,-0.0732360288540565,32667.255,1.1595744140581845,4.3696206549978855,102.2917,16.24,0.0741079721537218,2.6,1.6844977040391562,3.5,2976.739990234375,0.0118206936815151,3.435583159158151,-1.7374573008364869,-26.06615636960087,1.3500000000000083,-0.3699999999999999,3.448001734054173,99.45075,3.6,0.754805847889406,2.797216868642849,2.3309497646499366,-0.2600000000000002,0.0694873585482402,1.0699999999999932,2.5912536810940523,-7.214428857715438,0.0741079721537218
2019-12-31,119.158664152198,99.1944,20985.448,3.3517765241980912,1.86,1.59,0.27,98.1,-0.0200824146596101,61.14,0.1225169905793527,32944.37,0.848295946506683,4.084766207306401,101.7003,13.78,-0.1642590691480193,2.61,2.3195274699624457,3.6,3230.780029296875,0.0818948645232377,4.014018438735323,-2.2991807373363926,35.41528239202658,-1.990000000000009,0.1600000000000001,3.31697304654186,99.11409,3.5,1.872037983253572,3.3517765241980912,2.8075506935940187,-0.5,-0.1504928137560783,1.3500000000000083,0.6545559146318158,-21.48927559692432,-0.1642590691480193
2020-03-31,121.029317602844,97.77976,20709.212,1.3585350290757248,0.87,0.17,0.7,102.43,0.0431922718771259,20.51,-1.092253744378399,33858.543,2.7748990191647227,6.0304916231054495,97.4078,53.54,1.357210772506694,2.5783307454175053,1.4940399642909163,4.4,2584.590087890625,-0.2231566811812048,4.598553572821085,-5.315054964389065,-65.92457218807111,4.3300000000000125,-0.99,3.291107766139878,98.97908,3.6,1.0169998066773325,1.3585350290757248,2.332055105808828,-0.3699999999999999,0.122803216242387,-1.990000000000009,-0.7369328862962377,-26.06615636960087,1.357210772506694
2020-06-30,122.255809233522,96.31064,19077.992,-7.39861495878491,0.73,0.16,0.57,101.81,-0.0060713073293388,39.27,0.6495482965056291,34524.966,1.9682565785539063,6.912284708948713,91.5934,30.43,-0.5650000741833268,2.500083948956439,0.7166562831830481,11.0,3100.2900390625,0.181928746065993,5.024432006135315,-10.586064673581452,-32.52577319587628,-0.6200000000000045,-0.14,3.435583159158151,99.1944,4.4,1.1242929697911077,-7.39861495878491,2.0023809043401064,0.1600000000000001,0.0371778048977228,4.3300000000000125,-1.7374573008364869,35.41528239202658,-0.5650000741833268
2020-09-30,125.870959256677,98.87578,20558.879,-1.3646720997737227,0.68,0.12,0.56,99.25,-0.0254664115518045,40.05,0.0196678049244498,34741.024,0.625802209334525,6.34815811735634,95.9669,26.37,-0.1432019635436844,2.3895028021545506,1.3910228912373812,7.8,3363.0,0.0813377646556849,6.981218149211066,-6.183101854793705,-25.95673876871881,-2.5600000000000023,-0.0499999999999999,4.014018438735323,97.77976,11.0,0.8889157508932932,-1.3646720997737227,1.8831863513063984,-0.99,0.0118206936815151,-0.6200000000000045,-2.2991807373363926,-65.92457218807111,-0.1432019635436844
2020-12-31,130.825282385654,100.0593,20791.917,-0.9222152417236896,0.93,0.1,0.8300000000000001,94.98,-0.0439755764463239,48.35,0.1883375483849351,35078.256,0.9707025331205044,6.477240268974627,98.363,22.75,-0.1476618549682359,2.260830496549593,1.3204191315779434,6.7,3756.070068359375,0.1105397834616375,9.790826639810724,-3.28150457766595,-20.9192018318613,-4.269999999999996,0.25,4.598553572821085,96.31064,7.8,1.1272409378233703,-0.9222152417236896,1.671194894390049,-0.14,0.0818948645232377,-2.5600000000000023,-5.315054964389065,-32.52577319587628,-0.1476618549682359
2021-03-31,134.030300409343,101.0902,21082.134,1.8007541764505586,1.61,0.07,1.54,96.81,0.0190839516110043,59.19,0.2022863868033302,35521.518,1.263637508090465,4.911537392497944,98.3856,19.4,-0.159292079327677,2.1283102236793154,2.6678187820641908,6.1,3972.889892578125,0.0561205463041948,10.742011162255372,1.0038210492383517,188.59093125304724,1.8299999999999983,0.68,5.024432006135315,98.87578,6.7,1.1595744140581845,1.8007541764505586,1.6844977040391562,-0.0499999999999999,-0.2231566811812048,-4.269999999999996,-10.586064673581452,-25.95673876871881,-0.159292079327677
2021-06-30,137.982128416549,101.3843,21440.929,12.385669309432568,1.52,0.07,1.45,97.26,0.0046375102436596,73.52,0.2168048693447979,36501.184,2.757950828565381,5.724025912147179,99.7987,15.83,-0.2033661921763615,2.0061851750814697,5.295632620349999,5.9,4297.5,0.0785396957509021,12.8634535091809,8.958396565691418,87.21670486376367,0.4500000000000028,-0.09,6.981218149211066,100.0593,6.1,0.848295946506683,12.385669309432568,2.3195274699624457,0.25,0.181928746065993,1.8299999999999983,-6.183101854793705,-20.9192018318613,-0.2033661921763615
2021-09-30,142.267464049887,101.2075,21617.828,5.150810995093647,1.37,0.09,1.28,98.68,0.0144944866855163,75.22,0.0228596749947588,37020.106,1.421657993340708,6.5602038673356455,98.8579,23.14,0.3796558478726097,1.9086985422938068,5.351215590949132,4.7,4307.5400390625,0.0023335262992106,13.026439847633252,3.012497017200721,87.8152309612984,1.4200000000000017,-0.1499999999999999,9.790826639810724,101.0902,5.9,2.7748990191647227,5.150810995093647,1.4940399642909163,0.68,0.0813377646556849,0.4500000000000028,-3.28150457766595,188.59093125304724,0.3796558478726097
2021-12-31,145.203948652326,101.1066,21988.737,5.756179192135091,1.47,0.39,1.08,101.15,0.0247222719525985,75.33,0.0014613087954129,37789.75,2.0789891849580355,7.72984266948733,100.5726,17.22,-0.2954912227659458,1.850093516854077,7.174340285065539,3.9,4766.18017578125,0.1011781977901806,10.990739713663134,2.2463731281071158,55.80144777662874,2.469999999999999,0.0999999999999998,10.742011162255372,101.3843,4.7,1.9682565785539063,5.756179192135091,0.7166562831830481,-0.09,0.1105397834616375,1.4200000000000017,1.0038210492383517,87.21670486376367,-0.2954912227659458
2022-03-31,148.597318866443,100.6486,21932.71,4.034582077886428,2.13,1.63,0.5,102.7,0.0152075533207581,100.53,0.2885777285797253,38500.396,1.880525803954769,8.386122462446588,101.3907,20.56,0.1772759415873795,1.844613290300032,8.572204966013853,3.7,4530.41015625,-0.0507327047494721,10.868451695333636,3.054410401522168,69.84287886467308,1.5499999999999972,0.6599999999999999,12.8634535091809,101.2075,3.9,0.625802209334525,4.034582077886428,1.3910228912373812,-0.1499999999999999,0.0561205463041948,2.469999999999999,8.958396565691418,87.8152309612984,0.1772759415873795
2022-06-30,150.540948036499,99.72403,21967.045,2.4537929303342976,3.14,2.8,0.3400000000000003,107.66,0.0471659961982985,107.76,0.0694503416847797,39161.661,1.717553762304158,7.288741647394237,101.018,28.71,0.3338980535460083,1.9065010541694225,8.979361103105798,3.6,3785.3798828125,-0.1796662304214795,9.10177264553904,1.2217594016755706,46.57236126224158,4.959999999999994,1.0100000000000002,13.026439847633252,101.1066,3.7,0.9707025331205044,2.4537929303342976,1.3204191315779434,0.0999999999999998,0.0785396957509021,1.5499999999999972,3.012497017200721,55.80144777662874,0.3338980535460083
2022-09-30,148.673356279946,99.06017,22125.625,2.3489732641040373,3.52,4.05,-0.5299999999999998,111.42,0.0343287314598583,79.91,-0.2990055307157371,39631.13,1.1987974667366563,7.052988989280573,101.2918,31.62,0.0965443376483534,2.05,8.192106896425821,3.5,3585.6201171875,-0.0542148125946821,4.502710632286755,2.462018715752601,6.235043871310819,3.760000000000005,0.3799999999999999,10.990739713663134,100.6486,3.6,1.263637508090465,2.3489732641040373,2.6678187820641908,0.6599999999999999,0.0023335262992106,4.959999999999994,2.2463731281071158,69.84287886467308,0.0965443376483534
2022-12-31,147.540921859391,98.73605,22278.345,1.3170742821654535,3.62,4.73,-1.1100000000000003,107.33,-0.0373986440992364,80.16,0.0031236359501831,39978.418,0.8763010290143036,5.791697484106129,99.7664,21.67,-0.3778610162330583,2.26,6.404600402357152,3.5,3839.5,0.0684107151898364,1.6094419117076653,-0.8016099812473643,6.411788132218232,-4.090000000000003,0.1,10.868451695333636,99.72403,3.5,2.757950828565381,1.3170742821654535,5.295632620349999,1.0100000000000002,0.1011781977901806,3.760000000000005,3.054410401522168,46.57236126224158,-0.3778610162330583
2023-03-31,147.381040481967,98.57756,22439.607,2.311146228623828,3.66,4.64,-0.9799999999999996,106.52,-0.0075754395477015,75.68,-0.0575107125929317,40258.212,0.6998626108716932,4.565708882578767,101.0205,18.7,-0.1474052916877268,2.47,4.917719362889961,3.5,4109.31005859375,0.0679129956728198,-0.8185062784135222,-0.3651222449396196,-24.71898935641101,-0.8100000000000023,0.04,9.10177264553904,99.06017,3.5,1.421657993340708,2.311146228623828,5.351215590949132,0.3799999999999999,-0.0507327047494721,-4.090000000000003,1.2217594016755706,6.235043871310819,-0.1474052916877268
2023-06-30,149.043363364415,98.67683,22580.499,2.792610476283919,3.75,5.4,-1.6500000000000004,106.99,0.0044026112047835,70.66,-0.0686342828126238,40466.661,0.5177800742864669,3.3323407809489947,100.1196,13.59,-0.3191892956974885,2.75,3.070617072997095,3.6,4450.3798828125,0.0797343139974765,-0.994802206055534,-0.8893464531073647,-34.42835931700075,0.4699999999999988,0.0899999999999998,4.502710632286755,98.73605,3.5,2.0789891849580355,2.792610476283919,7.174340285065539,0.1,-0.1796662304214795,-0.8100000000000023,2.462018715752601,6.411788132218232,-0.3191892956974885
2023-09-30,151.299541979656,98.85252,22840.989,3.233192282703889,4.38,5.46,-1.08,108.83,0.0170516595574551,90.77,0.2504491926075367,40677.593,0.5212488374071622,2.640507600969255,101.0211,17.52,0.2540088573451929,2.94,3.687206638119256,3.7,4288.0498046875,-0.037157420858572,1.7664131391269544,-0.2672476942852109,13.590289075209604,1.8400000000000036,0.6299999999999999,1.6094419117076653,98.57756,3.6,1.880525803954769,3.233192282703889,8.572204966013853,0.04,-0.0542148125946821,0.4699999999999988,-0.8016099812473643,-24.71898935641101,0.2540088573451929
2023-12-31,152.407510338912,99.01374,23033.78,3.390893713155063,4.02,4.79,-0.7700000000000005,106.23,-0.0241804769160482,71.89,-0.2331916615427556,40901.485,0.550406215038346,2.308913274157076,100.6031,12.45,-0.3416224625975287,3.1,3.3159099427102934,3.8,4769.830078125,0.1064786426309576,3.298466905445352,0.8386591076755323,-10.316866267465064,-2.5999999999999943,-0.3600000000000003,-0.8185062784135222,98.67683,3.7,1.717553762304158,3.390893713155063,8.979361103105798,0.0899999999999998,0.0684107151898364,1.8400000000000036,-0.3651222449396196,-34.42835931700075,-0.3416224625975287
2024-03-31,152.760309697548,99.32433,23082.119,2.8632943527041155,4.21,5.03,-0.8200000000000003,107.96,0.0161542333578817,83.96,0.155203321956652,41167.637,0.6507147601120256,2.2589801057235404,100.4575,13.01,0.0439976696136972,3.17,3.4868349120836584,3.9,5254.35009765625,0.0967456423109405,3.6499058481265,-0.557312624665296,10.940803382663834,1.7299999999999898,0.1900000000000004,-0.994802206055534,98.85252,3.8,1.1987974667366563,2.8632943527041155,8.192106896425821,0.6299999999999999,0.0679129956728198,-2.5999999999999943,-0.8893464531073647,13.590289075209604,0.0439976696136972
2024-06-30,153.539549860848,99.3648,23286.508,3.1266315239534936,4.31,5.09,-0.7800000000000002,110.61,0.0242497127643589,82.83,-0.0135501803422594,41498.171,0.8028976742094684,2.549036600771193,100.894,12.44,-0.0448012052133805,3.22,2.9702579486470926,4.1,5460.47998046875,0.0384803708617632,3.016696882664749,0.7734749239909133,17.22332295499576,2.6500000000000057,0.0999999999999996,1.7664131391269544,99.01374,3.9,0.8763010290143036,3.1266315239534936,6.404600402357152,-0.3600000000000003,0.0797343139974765,1.7299999999999898,-0.2672476942852109,-10.316866267465064,-0.0448012052133805
2024-09-30,154.412835006889,99.55158,23478.57,2.7913896372876,3.72,3.98,-0.2599999999999998,108.29,-0.0211976872738747,68.75,-0.186313578063492,41842.393,0.8294871598075737,2.8634929308624324,99.8084,16.73,0.2962864276876992,3.2,2.4264830315416708,4.1,5762.47998046875,0.0538312398076791,2.0577015544776867,-1.2004422838397089,-24.259116448165685,-2.319999999999993,-0.5899999999999994,3.298466905445352,99.32433,4.1,0.6998626108716932,2.7913896372876,4.917719362889961,0.1900000000000004,-0.037157420858572,2.6500000000000057,0.8386591076755323,10.940803382663834,0.2962864276876992
2024-12-31,155.442612653776,99.85488,23586.542,2.3997884845648576,4.39,4.16,0.2299999999999995,112.85,0.0412466896232564,72.44,0.052281896468532,41754.849,-0.2092232153165674,2.086388794930061,100.3273,17.35,0.0363889913941357,3.08,2.870690967509981,4.1,5881.6298828125,0.0204659802432014,1.991438813031432,-0.2741466217243804,0.7650577270830405,4.559999999999988,0.6699999999999995,3.6499058481265,99.3648,4.1,0.5177800742864669,2.3997884845648576,3.070617072997095,0.0999999999999996,0.1064786426309576,-2.319999999999993,-0.557312624665296,17.22332295499576,0.0363889913941357
2025-03-31,155.349399988534,99.70991,23548.21,2.0192730138857806,4.28,4.03,0.25,112.36,-0.0043515010275017,71.87,-0.0078997015348613,41955.413,0.4803370262457473,1.913580806204629,101.0404,22.28,0.250096908666215,3.06,2.381981462805549,4.2,5611.85009765625,-0.0469534636089907,1.694871067041026,0.5802453773984029,-14.399714149595033,-0.4899999999999949,-0.1099999999999994,3.016696882664749,99.55158,4.1,0.5212488374071622,2.0192730138857806,3.687206638119256,-0.5899999999999994,0.0967456423109405,4.559999999999988,0.7734749239909133,-24.259116448165685,0.250096908666215
2025-06-30,154.557746808787,99.62357,23770.976,2.080466508761192,4.38,3.96,0.4199999999999999,108.05,-0.0391139192831479,66.3,-0.0806690342885345,42258.354,0.7220546249896209,1.8318469987508523,101.4785,16.73,-0.2864859000603507,3.04,2.680453865910226,4.1,6204.9501953125,0.100466941237525,0.6631496242250012,0.5793208714095943,-19.956537486417968,-4.310000000000002,0.0999999999999996,2.0577015544776867,99.85488,4.2,0.550406215038346,2.080466508761192,3.3159099427102934,0.6699999999999995,0.0384803708617632,-0.4899999999999949,-1.2004422838397089,0.7650577270830405,-0.2864859000603507
2025-09-30,153.894276899797,99.81048,24026.834,2.335167772142843,4.12,3.68,0.4399999999999999,107.49,-0.0051962629679228,63.17,-0.0483603922812077,42687.286,1.0150229703693725,2.0192272463957828,101.668,16.28,-0.0272661544243383,2.98,3.022571584713329,4.4,6688.4599609375,0.0750362553979326,-0.3358257796826636,1.8631698334008016,-8.116363636363634,-0.5600000000000023,-0.2599999999999998,1.991438813031432,99.70991,4.1,0.6507147601120256,2.335167772142843,3.4868349120836584,-0.1099999999999994,0.0538312398076791,-4.310000000000002,-0.2741466217243804,-14.399714149595033,-0.0272661544243383
2025-12-31,153.955189510694,100.2648,24055.749,1.9892996607980828,4.14,3.48,0.6599999999999997,106.71,-0.0072829453564986,57.26,-0.09822720524064,43143.826,1.0694987730070382,3.3265046653623287,101.4941,14.95,-0.0852260607376989,2.94,2.653304114557753,4.4,6845.5,0.0232078546104791,-0.9568953568703796,1.1629935222018384,-20.955273329652123,-0.7800000000000011,0.0199999999999995,1.694871067041026,99.62357,4.4,0.8028976742094684,1.9892996607980828,2.9702579486470926,0.0999999999999996,0.0204659802432014,-0.5600000000000023,0.5802453773984029,-19.956537486417968,-0.0852260607376989
2026-03-31,154.13393381655735,100.47065737556169,24203.066424522156,2.7809180592586635,4.1088811188811185,,,106.71,,57.67594288558516,,43559.93324252749,0.9644653270377335,,101.65118323049944,16.959390031120453,0.12611036473410042,,2.635234102242676,4.4,6990.754906914588,0.020997046450649037,-0.7824080247920917,0.6044940741519511,-19.74962726369117,0.0,-0.03111888111888117,0.6631496242250012,99.81048,4.4,0.8294871598075737,2.7809180592586635,2.4264830315416708,-0.2599999999999998,-0.0469534636089907,-0.7800000000000011,0.5793208714095943,-8.116363636363634,0.12611036473410042
2026-06-30,154.41259341911137,100.41410233503306,24351.286021060172,2.441254499016665,4.077762237762237,,,106.71,,58.09490722565981,,43990.37300074896,0.9881552293134144,,101.92693300447401,17.44536119863752,0.028252114848581478,,2.6171640899275994,4.4,7139.091982842792,0.02099704645064726,-0.09391531170235279,0.4418995200697884,-12.375705541991234,0.0,-0.03111888111888117,-0.3358257796826636,100.2648,4.4,-0.2092232153165674,2.441254499016665,2.870690967509981,0.0199999999999995,0.100466941237525,0.0,1.8631698334008016,-20.955273329652123,0.028252114848581478
2026-09-30,154.7761908872574,100.27551047886769,24500.413314516074,1.9710433530946148,4.046643356643356,,,106.71,,58.51691496839894,,44425.06617195041,0.988155229313592,,102.24582898853217,17.835501122750344,0.02211713671192994,,2.5990940776125226,4.4,7290.57662843808,0.020997046450649037,0.5730648372548774,0.568348928406337,-7.3659728219108045,0.0,-0.03111888111888117,-0.9568953568703796,100.47065737556169,4.4,0.4803370262457473,1.9710433530946148,2.381981462805549,-0.03111888111888117,0.0750362553979326,0.0,1.1629935222018384,-19.74962726369117,0.02211713671192994
2026-12-31,155.2121770083864,100.09811029906692,24650.45386362649,2.472194333364941,4.015524475524475,,,106.71,,58.94198822141146,,44864.05478645448,0.9881552293133922,,102.5809007685856,18.14482638665291,0.017194556378439696,,2.581024065297446,4.4,7445.275632092667,0.020997046450649037,0.8164632200365451,1.0708019171415728,2.937457599391302,0.0,-0.03111888111888117,-0.7824080247920917,100.41410233503306,4.4,0.7220546249896209,2.472194333364941,2.680453865910226,-0.03111888111888117,0.0232078546104791,0.0,0.6044940741519511,-12.375705541991234,0.017194556378439696
2027-03-31,155.71001672410563,99.93580698439844,24801.413261169724,2.472194333364852,3.9844055944055943,,,106.71,,59.37014925289836,,45307.38128990894,0.988155229313592,,102.92250402056916,18.41134400821523,0.014581524319077666,,2.562954052982369,4.4,7603.257199384028,0.02099704645064726,1.022541155294232,1.2506699377880626,2.93745759939128,0.0,-0.031118881118880726,-0.09391531170235279,100.27551047886769,4.4,1.0150229703693725,2.472194333364852,3.022571584713329,-0.03111888111888117,0.020997046450649037,0.0,0.4418995200697884,-7.3659728219108045,0.014581524319077666
2027-06-30,156.26085139412734,99.80291886482665,24953.297134174292,2.4721943333648744,3.953286713286713,,,106.71,,59.80142049281927,,45755.08854739014,0.9881552293134144,,103.26718985080973,18.60147682229207,0.010273979786354026,,2.544884040667292,4.4,7764.590983146241,0.020997046450649037,1.1969606455604076,1.3149192336405324,2.93745759939128,0.0,-0.03111888111888117,0.5730648372548774,100.09811029906692,4.4,1.0694987730070382,2.4721943333648744,2.653304114557753,-0.03111888111888117,0.02099704645064726,0.0,0.568348928406337,2.937457599391302,0.010273979786354026
2027-09-30,156.8572218208027,99.72943367336843,25106.11114412851,2.472194333364852,3.922167832167832,,,106.71,,60.235824534067504,,46207.21984754824,0.9881552293135698,,103.61372628612033,18.746346956893984,0.007757927853958346,,2.526814028352215,4.4,7929.348114179299,0.020997046450649037,1.3445420265324692,1.3378514420784748,2.9374575993912577,0.0,-0.03111888111888117,0.8164632200365451,99.93580698439844,4.4,0.9644653270377335,2.472194333364852,2.635234102242676,-0.031118881118880726,0.020997046450649037,0.0,1.0708019171415728,2.93745759939128,0.007757927853958346
2027-12-31,157.4928400129953,99.70336601351256,25259.860987191787,2.4721943333648744,3.8910489510489508,,,106.71,,60.67338413365362,,46663.81890679213,0.9881552293134144,,103.96167484278367,18.857063945442846,0.005888684341800232,,2.5087440160371384,4.4,8097.601232610154,0.02099704645064726,1.4693840706104355,1.346034265494489,2.93745759939128,0.0,-0.03111888111888117,1.022541155294232,99.80291886482665,4.4,0.9881552293134144,2.4721943333648744,2.6171640899275994,-0.03111888111888117,0.020997046450649037,0.0,1.2506699377880626,2.93745759939128,0.005888684341800232
2028-03-31,158.1624003200142,99.71635874558412,25414.552394406765,2.4721943333648744,3.8599300699300696,,,106.71,,61.11412221389756,,47124.929873517016,0.988155229313592,,104.31088107712553,18.941668805807357,0.0044766051926301564,,2.4906740037220616,4.4,8269.424519919228,0.020997046450649037,1.5749684236781025,1.3489538267344336,2.9374575993912577,0.0,-0.03111888111888117,1.1969606455604076,99.72943367336843,4.4,0.988155229313592,2.4721943333648744,2.5990940776125226,-0.03111888111888117,0.02099704645064726,0.0,1.3149192336405324,2.9374575993912577,0.0044766051926301564
2028-06-30,158.86142256885023,99.74829077169612,25570.191131913045,2.472194333364852,3.8288111888111884,,,106.71,,61.55806186362952,,47590.597332372454,0.9881552293134144,,104.661292230064,19.005926216095254,0.0033866426405508854,,2.472603991406985,4.4,8444.893731646367,0.020997046450649037,1.6642499714555115,1.3499954644532686,2.93745759939128,0.0,-0.03111888111888117,1.3445420265324692,99.70336601351256,4.4,0.9881552293133922,2.472194333364852,2.581024065297446,-0.03111888111888117,0.020997046450649037,0.0,1.3378514420784748,2.93745759939128,0.0033866426405508854
2028-09-30,159.5861213644144,99.78596360858364,25726.78300116194,2.4721943333648744,3.7976923076923073,,,106.71,,62.00522633939947,,48060.86630857386,0.9881552293135698,,105.0128919508541,19.05485230190455,0.0025709465052230485,,2.454533979091908,4.4,8624.086230790886,0.02099704645064726,1.739734716664354,1.3503670940953283,2.93745759939128,0.0,-0.03111888111888117,1.4693840706104355,99.71635874558412,4.4,0.988155229313592,2.4721943333648744,2.562954052982369,-0.03111888111888117,0.020997046450649037,0.0,1.346034265494489,2.9374575993912577,0.0025709465052230485
2028-12-31,160.33329688681818,99.81780972578964,25884.33383913298,2.472194333364852,3.766573426573426,,,106.71,,62.45563906669549,,48535.78227225536,0.9881552293134144,,105.36567693034736,19.09211172980269,0.00195346815624875,,2.4364639667768313,4.4,8807.08102192038,0.020997046450649037,1.803546671447731,1.3504996814325043,2.93745759939128,0.0,-0.03111888111888117,1.5749684236781025,99.74829077169612,4.4,0.9881552293134144,2.472194333364852,2.544884040667292,-0.03111888111888117,0.02099704645064726,0.0,1.3489538267344336,2.93745759939128,0.00195346815624875
2029-03-31,161.10024343128273,99.83932744420778,26042.84951855133,2.472194333364852,3.7354545454545454,,,106.71,,62.909323641170964,,49015.39114286691,0.988155229313592,,105.71964853644414,19.12048326773271,0.001484931507277576,,2.4183939544617545,4.4,8993.95878600311,0.020997046450649037,1.8574851578657903,1.3505469849085072,2.93745759939128,0.0,-0.031118881118880726,1.6642499714555115,99.78596360858364,4.4,0.9881552293135698,2.472194333364852,2.526814028352215,-0.03111888111888117,0.020997046450649037,0.0,1.3499954644532686,2.93745759939128,0.001484931507277576
2029-06-30,161.88467264996325,99.84937797550162,26202.335948106764,2.472194333364852,3.704335664335664,,,106.71,,63.366303829880636,,49499.739293613566,0.9881552293133922,,106.07480981986461,19.142082870924604,0.0011290202234746083,,2.4003239421466778,4.4,9184.801915979657,0.02099704645064726,1.9030737810513676,1.3505638614641269,2.937457599391191,0.0,-0.03111888111888117,1.739734716664354,99.81780972578964,4.4,0.9881552293134144,2.472194333364852,2.5087440160371384,-0.03111888111888117,0.020997046450649037,0.0,1.3503670940953283,2.93745759939128,0.0011290202234746083
2029-09-30,162.684649018335,99.85036244592057,26362.79907267374,2.472194333364852,3.673216783216783,,,106.71,,63.82660357252586,,49988.87355594,0.988155229313592,,106.43116444233212,19.158528485458625,0.0008587651717455458,,2.382253929831601,4.4,9379.694553089377,0.020997046450649037,1.9416022066512495,1.3505698825452495,2.937457599391169,0.0,-0.03111888111888117,1.803546671447731,99.83932744420778,4.4,0.988155229313592,2.472194333364852,2.4906740037220616,-0.031118881118880726,0.02099704645064726,0.0,1.3504996814325043,2.93745759939128,0.0008587651717455458
2029-12-31,163.49853549698304,99.84558320256066,26524.244873533273,2.4721943333648744,3.642097902097902,,,106.71,,64.29024698270847,,50482.841224057884,0.9881552293133922,,106.78871629292398,19.171050022917733,0.0006533616278510124,,2.3641839175165242,4.4,9578.722623967516,0.020997046450649037,1.974161744081937,1.3505720306977498,2.937457599391191,0.0,-0.03111888111888117,1.8574851578657903,99.84937797550162,4.4,0.9881552293134144,2.4721943333648744,2.472603991406985,-0.03111888111888117,0.020997046450649037,0.0,1.3505469849085072,2.937457599391191,0.0006533616278510124
2030-03-31,164.3249477187636,99.83856447930845,26686.679368595695,2.472194333364852,3.6109790209790207,,,106.71,,64.75725834919413,,50981.69005951949,0.988155229313592,,107.14746935076523,19.1805837308531,0.0004971735072856198,,2.346113905201447,4.4,9781.973878529654,0.020997046450649037,2.0016756143862446,1.3505727970982484,2.937457599391169,0.0,-0.03111888111888117,1.9030737810513676,99.85036244592057,4.4,0.9881552293135698,2.472194333364852,2.454533979091908,-0.03111888111888117,0.020997046450649037,0.0,1.3505638614641269,2.937457599391169,0.0004971735072856198
2030-06-30,165.16271532105137,99.83189546059792,26850.108612625085,2.4721943333648744,3.5798601398601395,,,106.71,,65.22766213718482,,51485.46829583499,0.9881552293134144,,107.50742763590584,19.18784250804995,0.0003783724272792277,,2.3280438928863703,4.4,9989.53792865991,0.02099704645064726,2.024924668548511,1.350573070528327,2.9374575993912577,0.0,-0.03111888111888117,1.9416022066512495,99.84558320256066,4.4,0.9881552293134144,2.4721943333648744,2.4364639667768313,-0.03111888111888117,0.02099704645064726,0.0,1.3505698825452495,2.937457599391191,0.0003783724272792277
2030-09-30,166.0108492779616,99.82714535687825,27014.538697464744,2.472194333364852,3.5487412587412583,,,106.71,,65.70148298960036,,51994.22464313687,0.988155229313592,,107.86859519176593,19.193369218154913,0.00028799039397675585,,2.3099738805712935,4.4,10201.50628772021,0.020997046450649037,2.04456922008156,1.3505731680805377,2.93745759939128,0.0,-0.03111888111888117,1.974161744081937,99.83856447930845,4.4,0.988155229313592,2.472194333364852,2.4183939544617545,-0.03111888111888117,0.020997046450649037,0.0,1.3505720306977498,2.937457599391169,0.00028799039397675585
2030-12-31,166.86851427943714,99.82480170311514,27179.97575226458,2.472194333364852,3.517622377622377,,,106.71,,66.17874572836945,,52508.00829288898,0.9881552293133922,,108.23097607888057,19.197577162699012,0.00021921546393777191,,2.2919038682562167,4.4,10417.97241089769,0.020997046450649037,2.0611675647188132,1.3505732028844974,2.9374575993912577,0.0,-0.03111888111888117,2.0016756143862446,99.83189546059792,4.4,0.9881552293133922,2.472194333364852,2.4003239421466778,-0.03111888111888117,0.020997046450649037,0.0,1.3505727970982484,2.9374575993912577,0.00021921546393777191
