,uk_house_price_idx,uk_cpi,uk_unemployment,uk_consumer_confidence,uk_real_gdp,uk_gdp_yoy_growth,uk_bond_yield_10y,uk_reer,uk_oil_price,uk_credit,uk_credit_qoq_growth,uk_credit_yoy_growth,uk_industrial_production,uk_ftse_close,uk_ftse_qoq_growth,uk_house_price_yoy,uk_indprod_yoy,uk_oil_yoy,uk_reer_interp,uk_reer_diff,uk_bond_yield_10y_d1
1990-03-31,51.5514289699055,6.1,6.8,99.3636,379458.0,1.2936051167607987,12.42,,17.95,1456.819,6.233323780626088,10.164942778195377,103.3,2247.89990234375,-7.215092762253661,,,,112.63,,
1990-06-30,50.42746714024,8.0,6.7,99.44321,381997.0,1.338635525572296,11.8,,15.73,1610.838,10.572281113851488,29.14402811149353,105.0,2374.60009765625,5.636380658248941,,,,112.63,0.0,-0.6199999999999992
1990-09-30,49.2501253261601,8.8,6.8,99.08965,377831.0,0.0683311571537226,12.1,,41.0,1755.957,9.008913373039372,29.77174099409361,102.0,1990.199951171875,-16.187995059200965,,,,112.63,0.0,0.29999999999999893
1990-12-31,47.9905127214458,9.2,7.1,98.61443,375916.0,-0.4217129173421541,10.84,,28.35,1846.778,5.172165377625992,34.669691447556005,100.9,2143.5,7.702746085279433,,,,112.63,0.0,-1.2599999999999998
1991-03-31,46.6197340437972,8.4,7.7,98.92657,374060.0,-1.4225553289165085,10.29,,18.0,1692.002,-8.380866568694234,16.143597797667386,99.5,2456.5,14.60228598087241,-9.566553293774472,-3.678606001936102,0.278551532033422,112.63,0.0,-0.5500000000000007
1991-06-30,45.1221382252221,7.7,8.5,99.74503,373608.0,-2.1960905452137025,10.58,,18.48,1638.462,-3.1642988601668254,1.714883805820322,99.7,2414.800048828125,-1.697535158635255,-10.520712651031328,-5.047619047619046,17.48251748251748,112.63,0.0,0.2900000000000009
1991-09-30,44.5594212819456,7.3,9.0,100.414,372878.0,-1.3109035521172152,9.64,,21.43,1781.766,8.746251057394083,1.4697968116531346,97.9,2621.699951171875,8.56799313235712,-9.52424793470108,-4.019607843137251,-47.731707317073166,112.63,0.0,-0.9399999999999995
1991-12-31,43.9475978826296,6.5,9.1,100.3938,373357.0,-0.680737185967073,9.66,,17.75,1896.386,6.432943495386034,2.686191843307628,99.0,2493.10009765625,-4.9052086779855175,-8.42440434483943,-1.8830525272547138,-37.38977072310406,112.63,0.0,0.019999999999999574
1992-03-31,43.1132945148343,6.3,9.3,100.4274,373317.0,-0.198631235630653,9.68,,19.09,1773.281,-6.491558153245169,4.803717726101975,99.2,2440.10009765625,-2.1258673107359405,-7.521363218564813,-0.3015075376884391,6.055555555555547,112.63,0.0,0.019999999999999574
1992-06-30,42.1101613756707,5.0,9.8,100.0155,372751.0,-0.2293848097471129,9.12,,20.6,1966.529,10.897765216003563,20.022862904357865,98.8,2521.199951171875,3.323628141055468,-6.675164271953282,-0.9027081243731305,11.471861471861477,112.63,0.0,-0.5600000000000005
1992-09-30,41.5670263865988,4.0,9.9,99.1453,374537.0,0.4449176406223998,9.19,,20.18,1864.409,-5.192905876292686,4.6382633858767175,100.2,2553.0,1.261306102014803,-6.715515617702272,2.3493360572012234,-5.8329444703686395,112.63,0.0,0.07000000000000028
1992-12-31,40.3253848486629,3.3,10.4,99.3828,377418.0,1.0876989048015815,8.32,,17.85,1660.625,-10.930219710374711,-12.432120886781483,99.8,2846.5,11.496278887583244,-8.24211836023554,0.8080808080808133,0.5633802816901401,112.63,0.0,-0.8699999999999992
1993-03-31,40.1618071792059,3.1,10.6,100.0273,379370.0,1.6214102224115123,7.72,,18.7,1652.12,-0.512156567557398,-6.8325888564756525,100.5,2878.699951171875,1.131212055923947,-6.845886793951362,1.310483870967749,-2.0429544264012556,112.63,0.0,-0.6000000000000005
1993-06-30,40.3177973455655,2.3,10.4,100.583,381045.0,2.2250778669943294,7.96,,17.43,1694.039,2.53728542720868,-13.856393676370905,100.8,2900.0,0.739919032529035,-4.256369416671824,2.0242914979757165,-15.388349514563116,112.63,0.0,0.2400000000000002
1993-09-30,40.3636614417584,2.5,10.2,100.9989,384524.0,2.6664922290721598,6.96,,17.23,1743.053,2.8933218184469256,-6.509086793723906,102.3,3037.5,4.741379310344818,-2.894998871577592,2.095808383233533,-14.618434093161547,112.63,0.0,-1.0
1993-12-31,39.9098126861345,2.2,10.3,101.0014,387143.0,2.576718651468668,6.4253,,13.18,1779.347,2.082208630489135,7.149235980429047,103.8,3418.39990234375,12.539914480452683,-1.0305472944350025,4.008016032064132,-26.162464985994404,112.63,0.0,-0.5347
1994-03-31,40.5018482930965,2.4,9.9,100.5763,391026.0,3.072462240029528,7.417,112.63,13.25,1768.2,-0.6264657764899151,7.0261240103624445,105.2,3086.39990234375,-9.712146310686808,0.8466778209787806,4.676616915422893,-29.14438502673796,112.63,0.0,0.9916999999999998
1994-06-30,40.6426711179097,2.4,9.7,100.233,394588.0,3.554173391594162,8.7105,113.09,17.45,1820.679,2.9679334916864697,7.475624823277394,106.6,2919.199951171875,-5.417313260180789,0.8057825420364484,5.753968253968256,0.11474469305794432,113.09,0.46000000000000796,1.2934999999999999
1994-09-30,40.6338677894024,2.1,9.4,100.0999,398566.0,3.65178766474914,8.8959,111.35,16.73,1897.2,4.202882550960374,8.843506192869643,108.6,3026.300048828125,3.6688167802022553,0.6694297246395475,6.158357771260992,-2.901915264074284,111.35,-1.740000000000009,0.18539999999999957
1994-12-31,40.6298807769907,2.1,9.0,99.80414,400279.0,3.393061478575099,8.5814,111.87,16.23,1920.452,1.225595614589925,7.930156400072619,109.8,3065.5,1.295309471612183,1.8042382120885492,5.780346820809257,23.14112291350532,111.87,0.5200000000000102,-0.3144999999999989
1995-03-31,40.0774731619361,2.4,8.9,99.71375,402390.0,2.906200610701082,8.5938,108.56,17.98,2005.465,4.426718293401755,13.418448139350737,108.3,3137.89990234375,2.361764878282502,-1.0477920120814277,2.946768060836491,35.698113207547166,108.56,-3.3100000000000023,0.012399999999999523
1995-06-30,40.0152701878514,2.5,8.7,99.89848,403259.0,2.19748193051994,8.1097,106.74,16.58,2032.522,1.3491634109795037,11.635384381321456,108.5,3314.60009765625,5.631160993393047,-1.5437000393948686,1.7823639774859235,-4.985673352435538,106.74,-1.8200000000000074,-0.48409999999999975
1995-09-30,39.2379373642298,2.9,8.6,100.0218,407795.0,2.3155512512356813,7.9486,107.61,16.58,2048.199,0.7713077644424082,7.959044908285895,109.7,3508.199951171875,5.840820847513983,-3.43538654111748,1.0128913443830712,-0.8965929468021661,107.61,0.8700000000000045,-0.16110000000000024
1995-12-31,39.2260998354029,3.0,8.3,99.98991,409132.0,2.211707334134449,7.4926,105.76,18.65,2075.086,1.312714243098445,8.051958601412569,110.4,3689.300048828125,5.1621942927100095,-3.455045682493818,0.5464480874316946,14.910659272951321,105.76,-1.8499999999999943,-0.4559999999999995
1996-03-31,39.6151650912205,3.0,8.2,100.0546,412022.0,2.3936976565023915,8.057,105.9,20.33,2019.756,-2.666395513246189,0.7126028128140005,110.9,3699.699951171875,0.2818936439461961,-1.1535359748046203,2.4007386888273308,13.070077864293639,105.9,0.14000000000000057,0.5644
1996-06-30,38.9009707037829,2.8,8.3,100.0615,413325.0,2.496162515901701,8.054,109.0,19.28,2106.495,4.294528646034457,3.6394686010778665,109.7,3711.0,0.3054314938308877,-2.784685643349216,1.105990783410138,16.284680337756342,109.0,3.0999999999999943,-0.0030000000000001137
1996-09-30,39.4770004886989,2.7,8.1,100.1574,417019.0,2.261920818058094,7.8151,109.57,24.15,2163.322,2.6977040059435358,5.620694082948008,111.0,3953.699951171875,6.540014852381426,0.6092652685842692,1.185050136736554,45.65741857659831,109.57,0.5699999999999932,-0.2389000000000001
1996-12-31,40.7436549837628,2.9,7.8,100.3373,422639.0,3.3013795058807416,7.5716,118.43,23.9,2373.0,9.692408249904538,14.356706179888468,112.0,4118.5,4.168248750876469,3.868738301099861,1.4492753623188248,28.15013404825737,118.43,8.860000000000014,-0.24350000000000005
1997-03-31,41.5384977375735,2.4,7.3,100.6636,429418.0,4.222104644897606,7.4544,120.32,18.53,2284.052,-3.7483354403708313,13.08554102574766,111.2,4312.89990234375,4.720162737495448,4.855041350766087,0.27051397655544207,-8.85391047712738,120.32,1.8899999999999864,-0.11720000000000041
1997-06-30,41.6033279498479,2.1,7.2,100.9996,434199.0,5.05026311014336,7.1418,124.23,18.22,2412.291,5.61453942379595,14.516815848126877,111.3,4604.60009765625,6.763435320026368,6.946760446268785,1.458523245214205,-5.497925311203334,124.23,3.910000000000011,-0.31259999999999977
1997-09-30,42.8772333077107,2.3,6.8,101.2394,438100.0,5.055165352178204,6.8216,124.82,19.96,2415.098,0.1163624123291739,11.638396872957424,111.7,5244.2001953125,13.890459194964787,8.613199526101756,0.6306306306306242,-17.34989648033125,124.82,0.5899999999999892,-0.3201999999999998
1997-12-31,43.4769467543398,2.1,6.5,101.2703,444540.0,5.181963803624368,6.3739,131.82,15.86,2493.806,3.258998185580886,5.090855457227139,112.4,5135.5,-2.072769750660186,6.708509022242293,0.3571428571428559,-33.64016736401674,131.82,7.0,-0.4477000000000002
1998-03-31,44.7844511428107,1.8,6.4,101.1795,447712.0,4.260184715126059,5.992,133.39,13.87,2584.769,3.6475571876882102,13.165943682543112,114.3,5932.2001953125,15.513585732888725,7.814325461994476,2.7877697841726556,-25.14840798704804,133.39,1.5699999999999932,-0.3818999999999999
1998-06-30,46.3620741955229,2.0,6.3,100.5179,450292.0,3.706365053811722,5.7743,133.44,11.84,2622.52,1.4605173615127809,8.714910431618739,113.3,5832.60009765625,-1.6789739789117686,11.43837880328129,1.7969451931716174,-35.016465422612505,133.44,0.05000000000001137,-0.21769999999999978
1998-09-30,47.3092094037991,1.7,6.2,99.54326,451005.0,2.9456745035379983,5.151,132.52,14.71,2774.729,5.803921419093072,14.890948524656134,112.8,5064.39990234375,-13.170801742797188,10.33643207406152,0.9847806624887934,-26.302605210420836,132.52,-0.9199999999999875,-0.6233000000000004
1998-12-31,47.742646201451,1.7,6.1,99.42017,453937.0,2.1138705178386674,4.5175,128.95,10.54,2760.807,-0.5017426927098168,10.70656658938185,113.1,5882.60009765625,16.155916023413663,9.81140527464801,0.6227758007117279,-33.54350567465322,128.95,-3.5700000000000216,-0.6334999999999997
1999-03-31,48.4495702294735,2.0,6.2,100.1796,457044.0,2.084375670073624,4.6554,131.07,15.02,2746.448,-0.5201015500178041,6.255065733146759,113.5,6295.2998046875,7.015600247850906,8.183909801585587,-0.6999125109361293,8.291276135544345,131.07,2.1200000000000045,0.13790000000000013
1999-06-30,49.8520719818104,1.8,6.0,100.9156,458710.0,1.8694535989979943,5.1716,132.3,16.97,2736.499,-0.3622497130839619,4.346163232310896,114.0,6318.5,0.3685320164613204,7.527699842697122,0.6178287731685828,43.327702702702695,132.3,1.2300000000000182,0.5161999999999995
1999-09-30,52.3536537057682,1.6,5.9,100.7136,466387.0,3.4106052039334367,5.6909,132.41,22.98,2881.364,5.293807891031577,3.84307800869923,116.3,6029.7998046875,-4.569125509416794,10.662711056769458,3.1028368794326244,56.22025832766824,132.41,0.10999999999998522,0.5193000000000003
1999-12-31,54.2955766478021,1.5,5.8,100.3376,473892.0,4.395984464804581,5.389,133.75,24.93,2906.545,0.8739263765355609,5.278818838115096,115.6,6930.2001953125,14.932508869117656,13.725528364516881,2.2104332449160102,136.52751423149905,133.75,1.3400000000000034,-0.30189999999999984
2000-03-31,56.2823668443576,1.1,5.8,100.2268,480212.0,5.0690961920515365,5.3707,132.99,23.98,2909.532,0.1027680631127347,5.937997005586859,116.6,6540.2001953125,-5.6275430580460135,16.166906285825313,2.7312775330396333,59.6537949400799,132.99,-0.7599999999999909,-0.018299999999999983
2000-06-30,58.4669705107362,1.0,5.5,100.4242,483672.0,5.441782389745153,5.2097,128.94,31.58,2852.321,-1.9663299802167635,4.232488299831294,117.2,6312.7001953125,-3.4784867925457985,17.280923713800988,2.807017543859658,86.09310548025928,128.94,-4.050000000000011,-0.16100000000000048
2000-09-30,58.7837210617913,1.2,5.3,100.4849,486617.0,4.337599461391495,5.3873,128.53,28.42,2820.283,-1.1232256117035933,-2.119864064380628,116.1,6294.2001953125,-0.2930600127935334,12.281983970327271,-0.17196904557179593,23.672758920800696,128.53,-0.4099999999999966,0.17759999999999998
2000-12-31,61.4298553324286,1.4,5.2,100.6077,489506.0,3.2948435508512564,4.9118,129.37,22.58,2910.608,3.202692779412564,0.1397879613080244,117.1,6222.5,-1.1391470415240024,13.139705156654413,1.2975778546712835,-9.42639390292821,129.37,0.8400000000000034,-0.47549999999999937
2001-03-31,61.4041536305858,1.3,5.1,100.6739,493575.0,2.782729294561559,4.703,127.19,23.5,2832.834,-2.672087756235131,-2.636094052239335,116.2,5633.7001953125,-9.462431573925269,9.100162401471001,-0.34305317324184736,-2.0016680567139344,127.19,-2.180000000000007,-0.2088000000000001
2001-06-30,62.4644382331261,1.8,5.0,100.6667,495602.0,2.4665475776972867,5.1951,128.89,26.21,2821.042,-0.4162615952787885,-1.0966157034919988,115.0,5642.5,0.156199378426658,6.83713845179621,-1.8771331058020535,-17.004433185560476,128.89,1.6999999999999886,0.49209999999999976
2001-09-30,64.0258296278089,1.8,5.1,100.2819,497938.0,2.3264703041611767,4.9876,129.62,21.87,2991.475,6.041491051887915,6.070029142465483,114.6,4903.39990234375,-13.098805452481166,8.91761948942853,-1.2919896640826822,-23.047149894440533,129.62,0.7300000000000182,-0.20750000000000046
2001-12-31,64.0887758957543,1.4,5.2,100.1292,499278.0,1.996298308907352,4.8928,129.16,19.35,3016.14,0.8245096482504488,3.625771660079269,113.3,5217.39990234375,6.403719995383472,4.328384869111135,-3.2450896669513174,-14.304694419840558,129.16,-0.46000000000000796,-0.09479999999999933
2002-03-31,66.5501031675635,1.7,5.2,100.5478,500794.0,1.4625943372334582,5.2202,128.14,25.34,3009.337,-0.2255531905017593,6.230615701449516,114.3,5271.7998046875,1.0426630766660727,8.380458377353929,-1.6351118760757344,7.829787234042551,128.14,-1.0200000000000102,0.3273999999999999
2002-06-30,70.5851373434112,1.3,5.2,100.6271,503433.0,1.5800985468177986,5.099,126.25,25.33,3335.025,10.822583180281908,18.21961530526664,110.1,4656.39990234375,-11.673430804344244,13.000515717403083,-4.260869565217396,-3.357497138496768,126.25,-1.8899999999999864,-0.12119999999999997
2002-09-30,74.5114150233259,1.3,5.3,100.1925,506386.0,1.6965967650591107,4.5006,130.47,29.11,3548.272,6.394164961282134,18.61279134874936,113.4,3721.800048828125,-20.071296991592234,16.377117573440536,-1.0471204188481575,33.10470964791952,130.47,4.219999999999999,-0.5983999999999998
2002-12-31,78.509219536299,1.6,5.1,99.39195,509728.0,2.0930223242362045,4.5644,129.61,30.12,3704.425,4.400818201084933,22.82006140298529,112.6,3940.39990234375,5.873498055986515,22.500731897268178,-0.6178287731685828,55.65891472868216,129.61,-0.8599999999999852,0.06379999999999963
2003-03-31,80.8662882793289,1.5,5.2,98.8754,514031.0,2.6432025942802806,4.3243,123.45,28.05,3623.338,-2.188922707302754,20.403198445371864,112.4,3613.300048828125,-8.301184184911437,21.51189018553332,-1.6622922134733042,10.694554064719819,123.45,-6.160000000000011,-0.24009999999999998
2003-06-30,82.0742542415877,1.3,4.9,99.17898,518802.0,3.052839206011515,4.1127,123.03,28.88,3888.937,7.330229749474104,16.608930967533976,112.2,4031.199951171875,11.565601989773434,16.276963296507564,1.9073569482289,14.015001973943942,123.03,-0.4200000000000017,-0.2115999999999998
2003-09-30,83.0424029472781,1.4,5.0,99.61253,524213.0,3.520436978905428,4.7132,121.99,28.09,4002.347,2.9162210650365505,12.797074181460722,112.5,4091.300048828125,1.4908736451730409,11.449236229484526,-0.7936507936508019,-3.5039505324630738,121.99,-1.0400000000000063,0.6004999999999994
2003-12-31,85.1266108933137,1.3,4.9,100.0535,528320.0,3.6474354950090992,4.896,124.78,30.3,4365.116,9.063906752712846,17.835183597994273,113.5,4476.89990234375,9.424873485533602,8.428807974527274,0.799289520426294,0.5976095617529875,124.78,2.7900000000000063,0.1828000000000003
2004-03-31,86.6278875074885,1.3,4.8,100.2514,529996.0,3.105843810976383,4.7088,129.0,32.29,4524.645,3.6546336912925295,24.875046159094197,115.0,4385.7001953125,-2.037117403127664,7.124846893254011,2.313167259786475,15.115864527629231,129.0,4.219999999999999,-0.1871999999999998
2004-06-30,90.1914160593165,1.3,4.8,100.1202,532543.0,2.6486019714650366,5.2,129.95,33.22,4558.025,0.737737435754604,17.204907150720096,113.8,4464.10009765625,1.7876256664225432,9.890022020590926,1.426024955436711,15.027700831024937,129.95,0.9499999999999886,0.4912000000000001
2004-09-30,92.874231405398,1.3,4.7,100.1467,534447.0,1.9522598638339828,4.9109,126.66,47.76,4666.509,2.380065927677011,16.59431328667904,112.2,4570.7998046875,2.390172816404124,11.839527890783618,-0.2666666666666595,70.02491990032038,126.66,-3.289999999999992,-0.28910000000000036
2004-12-31,93.5234302892982,1.5,4.7,100.3596,536886.0,1.6213658388855243,4.5316,127.56,40.38,5127.539,9.879548073302756,17.46627122853093,113.2,4814.2998046875,5.327295230700835,9.863918353930433,-0.2643171806167355,33.267326732673276,127.56,0.9000000000000057,-0.37929999999999975
2005-03-31,93.8597044337894,1.8,4.7,100.3133,541028.0,2.081525143585994,4.796,126.12,53.22,5057.025,-1.37520163181597,11.76622696366232,110.7,4894.39990234375,1.6637953784735204,8.34813953610003,-3.7391304347826115,64.81882935893466,126.12,-1.4399999999999977,0.2644000000000002
2005-06-30,95.2163872777378,1.9,4.8,100.0874,545530.0,2.438676313462018,4.2847,127.19,55.36,5017.909,-0.7734982524310263,10.089545362300557,113.3,5113.2001953125,4.470421243347422,5.571451738950972,-0.4393673110720586,66.64659843467791,127.19,1.0699999999999932,-0.5113000000000003
2005-09-30,95.7518408920139,2.4,4.7,100.0608,550552.0,3.013395154243548,4.2109,125.28,61.7,5062.349,0.8856278581377275,8.482572304049985,111.2,5477.7001953125,7.128608035612483,3.0983938634765895,-0.89126559714795,29.187604690117276,125.28,-1.9099999999999966,-0.07380000000000031
2005-12-31,96.2436262644239,2.2,5.1,100.3955,556311.0,3.618086521160913,4.2186,123.96,58.34,5062.698,0.006894032789928,-1.264563760509663,113.7,5618.7998046875,2.575891420559029,2.90857164532059,0.4416961130742081,44.47746409113422,123.96,-1.3200000000000074,0.007700000000000706
2006-03-31,97.6113286389701,2.1,5.2,100.8855,558314.0,3.195028723097515,4.3177,121.49,66.06,5180.681,2.330437249071537,2.4452321275848954,113.4,5964.60009765625,6.154344432778425,3.997055208955147,2.4390243902439046,24.126268320180387,121.49,-2.469999999999999,0.09909999999999997
2006-06-30,98.5696649578179,2.4,5.5,101.3352,559795.0,2.614888273788796,4.6645,125.39,73.2,5616.613,8.414569435948692,11.931344310947068,113.2,5833.39990234375,-2.1996478081414805,3.5217442878807237,-0.08826125330979595,32.22543352601157,125.39,3.9000000000000057,0.3468
2006-09-30,99.8288778954431,2.5,5.5,101.8773,560675.0,1.838700068295096,4.5522,128.07,59.09,5894.992,4.9563500280328965,16.447759725771572,113.6,5960.7998046875,2.1839734027588875,4.257920229468137,2.1582733812949506,-4.230145867098867,128.07,2.6799999999999926,-0.11230000000000029
2006-12-31,102.578856989304,2.7,5.5,102.5566,562669.0,1.142885903748092,4.6195,130.29,58.96,6255.699,6.118871747408639,23.564530216892244,112.8,6220.7998046875,4.361830769681929,6.582493792861066,-0.79155672823219,1.0627356873500027,130.29,2.219999999999999,0.06730000000000036
2007-03-31,106.503770873783,2.8,5.5,103.1242,568845.0,1.8862145674297888,4.8194,128.17,68.47,6238.809,-0.2699938088453368,20.424496316217898,113.3,6308.0,1.4017521548723266,9.11005142415684,-0.08818342151676317,3.648198607326658,128.17,-2.1200000000000045,0.19989999999999952
2007-06-30,107.172825017132,2.6,5.4,103.2751,574194.0,2.5721916058557115,5.4321,128.82,72.22,6475.015,3.7860751948008087,15.283267691756585,113.3,6607.89990234375,4.754278730877459,8.727999697468537,0.08833922261484162,-1.3387978142076595,128.82,0.6500000000000057,0.6127000000000002
2007-09-30,108.599141184202,2.0,5.3,102.7876,579605.0,3.376287510589915,4.9928,126.49,80.97,6788.592,4.8428768118683685,15.158629562177506,112.6,6466.7998046875,-2.135324380537351,8.785296873660675,-0.8802816901408494,37.028261973261124,126.49,-2.3299999999999983,-0.43930000000000025
2007-12-31,109.472584933787,2.3,5.2,101.8351,584504.0,3.88061186950055,4.6937,122.18,93.68,6875.185,1.2755664208425,9.902746279832208,113.5,6456.89990234375,-0.1530881215245583,6.720417975803561,0.6205673758865382,58.88738127544097,122.18,-4.309999999999988,-0.29910000000000014
2008-03-31,106.548030197414,2.5,5.2,100.3468,586690.0,3.1370584254058587,4.445,114.4,102.33,6971.363,1.3989150837395714,11.741888555972778,111.8,5702.10009765625,-11.68981734428808,0.04155657895290599,-1.3239187996469504,49.45231488243027,114.4,-7.780000000000001,-0.24869999999999948
2008-06-30,102.622321597896,3.3,5.4,98.06202,583541.0,1.6278470342776077,5.2103,112.68,138.4,7036.996,0.9414658223936944,8.67922313693481,111.1,5625.89990234375,-1.3363531682620056,-4.2459489320250565,-1.9417475728155331,91.63666574356135,112.68,-1.7199999999999989,0.7652999999999999
2008-09-30,96.0787104335969,4.5,5.9,95.5342,573961.0,-0.9737666169201464,4.5701,109.72,93.52,6558.239,-6.80342862209955,-3.393236771336383,110.2,4902.5,-12.85838558987481,-11.529032931640215,-2.131438721136758,15.499567741138698,109.72,-2.960000000000008,-0.6402000000000001
2008-12-31,91.2964636619317,3.7,6.4,94.02947,561816.0,-3.881581648714128,3.6238,97.0,35.82,5603.911,-14.55158922997468,-18.49076061225989,103.9,4434.2001953125,-9.552265266445692,-16.603354422341344,-8.45814977973568,-61.76345004269855,97.0,-12.719999999999999,-0.9462999999999999
2009-03-31,87.6534693067159,2.9,7.1,94.53897,550451.0,-6.176856602294222,3.2497,95.52,46.13,5489.132,-2.048194555552374,-21.261710227971207,100.7,3926.10009765625,-11.458663914032908,-17.73337419348807,-9.928443649373875,-54.920355711912435,95.52,-1.480000000000004,-0.3741000000000003
2009-06-30,87.4183387719456,2.0,7.8,97.1227,548859.0,-5.943369874610349,3.7221,104.27,68.11,6305.737,14.876760114349596,-10.391635862802817,101.0,4249.2001953125,8.229543048307143,-14.815473465435735,-9.090909090909083,-50.78757225433526,104.27,8.75,0.4724000000000004
2009-09-30,89.5937695494577,1.4,7.8,100.1758,549540.0,-4.254818707194397,3.6566,101.13,65.82,6298.042,-0.1220317307873752,-3.9674827343132657,100.0,5133.89990234375,20.820381868738625,-6.7496127444603315,-9.255898366606175,-29.619332763045346,101.13,-3.1400000000000006,-0.06550000000000011
2009-12-31,93.0445668300137,1.6,7.8,101.659,551372.0,-1.858971620601768,3.8871,100.37,77.91,6382.561,1.3419885100797837,13.894760284379949,101.2,5412.89990234375,5.43446512996153,1.914754523850104,-2.5986525505293567,117.5041876046901,100.37,-0.7599999999999909,0.23050000000000015
2010-03-31,94.6744766196967,2.4,8.0,101.6906,556002.0,1.0084458017153295,4.0915,96.43,80.37,6163.248,-3.4361285383719853,12.280921646628284,104.6,5679.60009765625,4.927122247300764,8.00995941006395,3.8728897715988087,74.22501625840016,96.43,-3.9399999999999977,0.2043999999999997
2010-06-30,94.3997304173701,2.5,7.9,101.1911,562353.0,2.4585549294080966,3.6007,101.44,74.94,6153.467,-0.1586987899886538,-2.414785139310449,103.3,4916.89990234375,-13.428765796860189,7.986186586818289,2.2772277227722793,10.027896050506534,101.44,5.009999999999991,-0.4908000000000001
2010-09-30,93.7979978991031,2.3,7.8,100.8549,565659.0,2.933180478218156,3.1271,101.48,80.77,6667.066,8.346497998607937,5.859344856703075,104.8,5548.60009765625,12.847530107566074,4.692545442375384,4.800000000000004,22.713460954117302,101.48,0.04000000000000625,-0.4735999999999998
2010-12-31,92.0923437203362,2.7,7.9,100.8015,565945.0,2.6430431723047265,3.6098,100.94,93.23,6459.224,-3.117443265148412,1.2011322727663698,105.4,5899.89990234375,6.331323189715743,-1.02340538746033,4.150197628458496,19.663714542420752,100.94,-0.5400000000000063,0.4826999999999999
2011-03-31,90.0450794633518,3.5,7.8,100.6433,566873.0,1.9552087942129812,3.7386,100.51,116.94,6708.465,3.8586833340970905,8.846260932547256,103.8,5908.7998046875,0.1508483616851519,-4.889804857270031,-0.7648183556405286,45.50205300485255,100.51,-0.4299999999999926,0.12880000000000003
2011-06-30,89.2402198277949,3.8,7.9,99.97003,566601.0,0.7553974105232841,3.4144,99.24,111.71,6821.669,1.6874799227543091,10.858951547152197,103.7,5945.7001953125,0.6244989142418778,-5.46559886004273,0.3872216844143406,49.065919402188406,99.24,-1.2700000000000102,-0.3241999999999998
2011-09-30,88.4867579429012,4.0,8.3,98.86427,567586.0,0.3406646053541129,2.504,100.58,105.42,6795.748,-0.379980324463125,1.930114386148274,102.8,5128.5,-13.74438953307414,-5.662423585965126,-1.9083969465648831,30.518756964219396,100.58,1.3400000000000034,-0.9104000000000001
2011-12-31,87.7752107428748,4.0,8.4,98.18903,568056.0,0.37300444389472,2.1828,102.86,108.09,6888.64,1.3669135465294024,6.648105097454438,102.6,5572.2998046875,8.653598609486203,-4.687830500406809,-2.6565464895635826,15.939075404912572,102.86,2.280000000000001,-0.32120000000000015
2012-03-31,87.7212807172304,3.1,8.2,98.1609,573416.0,1.1542267844825815,2.323,102.45,123.41,7194.09,4.4341118130719614,7.238988352775189,101.4,5768.5,3.520991371416393,-2.580705975241193,-2.312138728323687,5.532751838549688,102.45,-0.4099999999999966,0.1402000000000001
2012-06-30,87.8300655558319,2.5,8.0,98.40362,573112.0,1.149133164254912,1.7698,104.62,94.17,7126.017,-0.9462350345909032,4.461488823336346,99.9,5571.2001953125,-3.420296518809052,-1.5801779451957376,-3.6644165863066513,-15.701369617760264,104.62,2.1700000000000017,-0.5531999999999999
2012-09-30,88.0365475749816,2.2,7.8,99.03578,579051.0,2.019958208976269,1.7222,106.35,111.36,7481.659,4.990754302157852,10.093237712758029,98.4,5742.10009765625,3.067559885705462,-0.5087884090070549,-4.280155642023342,5.6346044393853045,106.35,1.7299999999999898,-0.04760000000000009
2012-12-31,87.629372709779,2.4,7.8,99.61526,578215.0,1.7883800188713828,1.8467,106.29,110.8,7483.588,0.0257830515932422,8.636653969433716,99.6,5897.7998046875,2.711546374727991,-0.16614945365726053,-2.92397660818714,2.507169950966781,106.29,-0.05999999999998806,0.12450000000000006
2013-03-31,87.2664659877145,2.5,7.8,100.2805,579749.0,1.10443377931555,1.9768,100.28,108.46,7036.573,-5.973271110061107,-2.18953335307176,99.4,6411.7001953125,8.713425474641557,-0.5184770739747879,-1.9723865877712021,-12.114091240580183,100.28,-6.010000000000005,0.13009999999999988
2013-06-30,87.3026184648292,2.4,7.7,101.08,583605.0,1.830881223914349,2.3063,102.69,102.49,7105.439,0.978686641920712,-0.2887728165677949,100.5,6215.5,-3.0600338340201705,-0.6005313643622556,0.6006006006005871,8.83508548369969,102.69,2.4099999999999966,0.3294999999999999
2013-09-30,88.1575743762613,2.4,7.6,101.7545,588076.0,1.5585846497113476,2.8443,105.27,107.85,7506.471,5.644014395169661,0.3316376755476247,100.7,6462.2001953125,3.969112626699389,0.13747336147709177,2.3373983739837456,-3.15193965517242,105.27,2.5799999999999983,0.5380000000000003
2013-12-31,89.6497810825535,1.9,7.2,102.0991,591954.0,2.376105773803872,2.9458,107.84,109.95,7675.457,2.251204327572842,2.56386375091735,101.1,6749.10009765625,4.43966286516253,2.3056291632554737,1.5060240963855387,-0.767148014440433,107.84,2.5700000000000074,0.10150000000000015
2014-03-31,91.3773798151551,1.6,6.7,102.3572,596696.0,2.923161575095423,2.7837,108.89,105.95,7760.796,1.1118425912620022,10.292268693865614,101.3,6598.39990234375,-2.232893172896244,4.710760062197705,1.9114688128772483,-2.3142172229393188,108.89,1.0499999999999972,-0.16210000000000013
2014-06-30,93.0724960567095,1.6,6.3,102.2412,602310.0,3.2050787775978584,2.7842,111.65,111.03,7998.243,3.0595701781106044,12.565078667201291,101.3,6743.89990234375,2.2050800520338143,6.609054451447816,0.7960199004975133,8.33252024587765,111.65,2.760000000000005,0.0004999999999997229
2014-09-30,94.9840442308503,1.5,6.0,101.7813,607213.0,3.254171229568969,2.4919,111.28,94.67,7706.44,-3.648338766401582,2.6639548730688523,101.8,6622.7001953125,-1.797175355303371,7.7434864818912486,1.0923535253227312,-12.22067686601761,111.28,-0.37000000000000455,-0.2923
2014-12-31,96.6752857791238,1.1,5.7,101.4085,611220.0,3.2546447865881456,1.9287,111.26,55.27,7651.882,-0.7079533481088585,-0.3071478349758294,102.0,6566.10009765625,-0.8546377759378387,7.836611101259572,0.8902077151335286,-49.731696225557066,111.26,-0.01999999999999602,-0.5631999999999997
2015-03-31,97.9174583132057,0.4,5.5,101.351,613076.0,2.7451164412028994,1.7941,113.98,53.69,7361.635,-3.793145268053,-5.143299733687112,102.7,6773.0,3.151031803758242,7.1572182429397335,1.382033563672258,-49.32515337423313,113.98,2.719999999999999,-0.13460000000000005
2015-06-30,98.7397733790562,0.3,5.6,101.222,615875.0,2.252162507678768,2.1696,116.12,60.31,7728.04,4.977223130459474,-3.3782794546252326,103.0,6521.0,-3.720655544072049,6.089099962349365,1.6781836130306038,-45.68134738359002,116.12,2.1400000000000006,0.37549999999999994
2015-09-30,100.625200873307,0.4,5.3,100.7703,618263.0,1.819789760759405,1.8814,116.4,47.29,7543.601,-2.3866206696652736,-2.1130249505608267,103.4,6061.60009765625,-7.044930261367122,5.939057120737412,1.5717092337917515,-50.047533537551494,116.4,0.28000000000000114,-0.2882
2015-12-31,102.717567434431,0.4,5.1,100.2633,621968.0,1.7584503124897788,1.9234,116.17,36.61,7398.609,-1.922052876338498,-3.3099438804727987,101.6,6242.2998046875,2.98105622476017,6.250078917906832,-0.39215686274510775,-33.76153428623123,116.17,-0.23000000000000398,0.04200000000000004
2016-03-31,104.876111803658,0.7,5.1,99.89929,625099.0,1.961094546190023,1.5434,108.27,36.75,7318.811,-1.0785540903702429,-0.5817185991970564,102.6,6174.89990234375,-1.0797286969962183,7.106652491115395,-0.09737098344694273,-31.551499348109513,108.27,-7.900000000000006,-0.3799999999999999
2016-06-30,105.715625309615,0.7,4.9,99.88876,629697.0,2.2442865841282744,1.3105,107.12,48.05,7179.812,-1.8992019332101815,-7.094010900564696,104.4,6504.2998046875,5.334497846980857,7.0648854983481835,1.3592233009708687,-20.32830376388659,107.12,-1.1499999999999915,-0.2329000000000001
2016-09-30,105.748262919553,1.0,4.8,100.3988,632477.0,2.29902161377924,0.8243,99.49,48.24,7134.076,-0.6370083227805967,-5.428773340477577,103.9,6899.2998046875,6.0729057986431245,5.091231621685144,0.4835589941972973,2.008881370268556,99.49,-7.63000000000001,-0.48619999999999997
2016-12-31,106.309599841883,1.5,4.7,100.9265,636392.0,2.3190903712088096,1.4336,99.62,54.96,6770.606,-5.094843396678139,-8.488122564660472,106.0,7142.7998046875,3.5293436565049907,3.4969990987617106,4.330708661417337,50.12291723572795,99.62,0.13000000000000966,0.6093
2017-03-31,107.421727066954,2.2,4.6,101.1412,642463.0,2.7777999964805566,1.194,97.22,52.2,6945.291,2.5800497030841862,-5.103561220531583,105.7,7322.89990234375,2.5214216075054807,2.427259382061875,3.021442495126725,42.04081632653063,97.22,-2.4000000000000057,-0.23960000000000004
2017-06-30,108.090732150065,2.6,4.4,101.1494,647944.0,2.897742882688026,1.0846,97.96,47.08,7186.091,3.46709734696502,0.0874535433518453,,7312.7001953125,-0.1392850806001822,2.2466942171451842,1.245210727969348,-2.0187304890738833,97.96,0.7399999999999949,-0.10939999999999994
2017-09-30,109.053448981771,2.7,4.3,101.0143,652329.0,3.138770263582713,1.2436,98.29,57.02,7460.904,3.824234900448653,4.581223973504067,,7372.7998046875,0.8218525000317056,3.1255227943861152,1.7324350336862304,18.20066334991708,98.29,0.3300000000000125,0.15900000000000003
2017-12-31,109.573343642976,2.8,4.4,100.5681,657225.0,3.2736112333278777,1.2781,100.06,66.73,7712.775,3.375877775668989,13.91557860551922,,7687.7998046875,4.272461050681575,3.0700367661502304,-0.2830188679245227,21.415574963609906,100.06,1.769999999999996,0.034499999999999975
2018-03-31,109.637498251214,2.5,4.2,100.1853,657741.0,2.3780357779358496,1.508,100.51,69.02,7935.361,2.885939237174684,14.25527022553843,,7056.60009765625,-8.210407698785115,2.0626843793704275,0.0,32.2222222222222,100.51,0.45000000000000284,0.2299
2018-06-30,110.205205947492,2.2,4.0,99.86325,659172.0,1.7328658032175648,1.4229,99.84,77.44,7480.467,-5.732492825468183,4.0964691373933215,,7636.89990234375,8.223504189790187,1.9562026784048836,0.0,64.48598130841121,99.84,-0.6700000000000017,-0.08509999999999995
2018-09-30,109.701881588985,2.3,4.1,99.0269,661262.0,1.369401023103367,1.5023,100.09,82.72,7374.9,-1.4112354215318423,-1.1527289454468348,,7510.2001953125,-1.6590463231338948,0.5946007331894654,0.0,45.07190459487897,100.09,0.25,0.07939999999999992
2018-12-31,109.725611649016,2.1,4.0,98.04418,662120.0,0.7447982045722501,1.3125,98.85,50.57,7315.243,-0.8089194429754865,-5.154201957142524,,6728.10009765625,-10.413838210922776,0.13896446067771517,0.0,-24.216993855836954,98.85,-1.240000000000009,-0.18979999999999997
2019-03-31,109.902498717331,1.8,3.8,97.755,665456.0,1.1729540959131368,1.19,101.92,67.93,7517.855,2.769723439125671,-5.2613359367015615,,7279.2001953125,8.191021085554695,0.24170604979494303,0.0,-1.5792523906113964,101.92,3.0700000000000074,-0.12250000000000005
2019-06-30,109.583253732857,2.0,3.9,97.83329,666875.0,1.1685872579539236,0.919,98.63,67.52,7431.8,-1.1446749105961662,-0.6505877240017166,,7425.60009765625,2.0112086275360985,-0.5643582889644394,0.0,-12.809917355371903,98.63,-3.2900000000000063,-0.2709999999999999
2019-09-30,108.919807856726,1.8,3.9,97.84759,670547.0,1.4041333087339014,0.5981,98.26,60.99,7442.045,0.1378535482655651,0.9104530230918506,,7408.2001953125,-0.2343231808193069,-0.7129082208354176,0.0,-26.26934235976789,98.26,-0.36999999999999034,-0.3209000000000001
2019-12-31,109.071096306953,1.4,3.7,98.27435,670587.0,1.2787712197184886,0.8308,102.77,67.77,7869.727,5.746834371466436,7.579843895821359,,7542.39990234375,1.811502166425849,-0.5965018852267856,0.0,34.012260233339916,102.77,4.509999999999991,0.23270000000000002
2020-03-31,111.012919063795,1.7,4.1,95.76293,652180.0,-1.995022961698445,0.4609,98.39,14.85,7569.422,-3.81595193835822,0.6859270363687608,,5672.0,-24.798471661023115,1.0103686080149998,0.0,-78.13926100397468,98.39,-4.3799999999999955,-0.3699
2020-06-30,110.293465286353,0.8,4.1,94.63048,522356.0,-21.671077788191194,0.278,98.66,41.64,7979.639,5.419396619715489,7.371551979332058,,6169.7001953125,8.774686095072282,0.6481022686434912,0.0,-38.32938388625592,98.66,0.269999999999996,-0.18289999999999995
2020-09-30,111.405930582622,0.8,5.0,98.44017,610972.0,-8.884537549194915,0.273,99.36,40.3,8410.988,5.405620479823692,13.019848710938998,,5866.10009765625,-4.920824157499803,2.282525809415925,0.0,-33.9235940318085,99.36,0.7000000000000028,-0.0050000000000000044
2020-12-31,115.450790491382,0.8,5.3,99.01327,619330.0,-7.64360179961735,0.3224,99.81,51.22,9101.53,8.209998635118755,15.652423521171707,,6460.5,10.132795084441826,5.84911530225658,0.0,-24.420835177807287,99.81,0.45000000000000284,0.0494
2021-03-31,117.745626433479,0.9,4.9,100.6293,612665.0,-6.058910116838911,0.8456,103.41,63.52,8936.304,-1.8153651089432232,18.057944186491405,,6713.60009765625,3.917654943986526,6.0647962655724585,0.0,327.7441077441078,103.41,3.5999999999999943,0.5232
2021-06-30,119.308339062156,2.1,4.7,102.188,655443.0,25.478217920345504,0.8549,104.48,76.94,9234.575,3.337744553005373,15.726726484744493,,7037.5,4.824533746906146,8.17353390103197,0.0,84.77425552353506,104.48,1.0700000000000074,0.009299999999999975
2021-09-30,117.340382295391,2.7,4.4,102.1119,666498.0,9.088141518760274,0.8023,104.06,77.81,9019.221,-2.332040185931683,7.231409675058398,,7086.39990234375,0.6948476354351696,5.326872350272072,0.0,93.0769230769231,104.06,-0.4200000000000017,-0.05259999999999998
2021-12-31,117.644158220535,4.4,4.2,100.84,675680.0,9.098541972777042,0.8375,104.89,77.24,9218.788,2.2126855523331823,1.288332840742168,,7384.5,4.206650792564726,1.8998291131811174,0.0,50.80046856696603,104.89,0.8299999999999983,0.03520000000000001
2022-03-31,120.104977173351,5.5,3.8,98.28882,682527.0,11.402968996107177,1.5457,104.13,107.29,8684.354,-5.79722627312832,-2.819398265770734,,7515.7001953125,1.7766970724151898,2.0037693214914665,0.0,68.90743073047858,104.13,-0.7600000000000051,0.7082
2022-06-30,119.086192271839,7.9,3.8,96.23289,686335.0,4.713148206632756,2.3824,102.64,119.78,7720.524,-11.098465124751932,-16.39545945536205,,7169.2998046875,-4.609023532378897,-0.18619552670268158,0.0,55.679750454899924,102.64,-1.4899999999999949,0.8367
2022-09-30,119.258605103552,8.7,3.7,95.33255,687029.0,3.080429348625202,3.5007,99.29,88.9,6780.577,-12.174652912159845,-24.820813238748663,,6893.7998046875,-3.842774155153472,1.634750774317495,0.0,14.252666752345466,99.29,-3.3499999999999943,1.1183
2022-12-31,116.902086975244,9.4,3.9,95.77454,688817.0,1.944263556713244,3.5015,104.37,82.82,7422.336,9.464666502570497,-19.48685662366897,,7451.7001953125,8.092784914433548,-0.6307761103614862,0.0,7.224236147074059,104.37,5.079999999999998,0.0007999999999999119
2023-03-31,113.594021293183,9.0,4.0,97.08313,689206.0,0.9785693459746004,3.5638,103.11,79.19,7672.084,3.364816683049643,-11.656249848866128,,7631.7001953125,2.415556118498019,-5.421054175607187,0.0,-26.190698107931777,103.11,-1.2600000000000051,0.06230000000000002
2023-06-30,111.393756180536,7.7,4.2,98.32699,689491.0,0.4598337546533493,4.3659,108.9,74.51,7753.518,1.0614325911968647,0.427354412731562,,7531.5,-1.3129472168474932,-6.459553323985212,0.0,-37.79428953080648,108.9,5.790000000000006,0.8020999999999998
2023-09-30,110.930057251375,6.3,4.1,99.05981,687839.0,0.1178989533192842,4.4199,108.12,95.86,7503.686,-3.2221760496332186,10.664416907292695,,7608.10009765625,1.017062970938731,-6.983603275373995,0.0,7.82902137232846,108.12,-0.7800000000000011,0.05400000000000027
2023-12-31,109.803067284811,4.4,3.9,99.53013,685628.0,-0.4629676677550098,3.8622,108.38,77.69,8055.242,7.350467490244128,8.527045932709054,,7733.2001953125,1.64430141626013,-6.072620150858688,0.0,-6.194156000965945,108.38,0.2599999999999909,-0.5577000000000001
2024-03-31,108.550890621538,3.9,4.3,100.0318,690904.0,0.2463704610813133,4.033,109.11,86.17,8022.828,-0.4023963525862983,4.571691342274153,,7952.60009765625,2.8371165468694226,-4.439609245480291,0.0,8.814244222755407,109.11,0.730000000000004,0.17080000000000028
2024-06-30,109.056354878157,2.9,4.2,100.7257,695145.0,0.8200252070005298,4.1644,110.25,87.26,8103.682,1.00779924485479,4.516195100082299,,8164.10009765625,2.6595075497676923,-2.098323445158612,0.0,17.111797074218217,110.25,1.1400000000000006,0.1313999999999993
2024-09-30,109.096368481143,2.9,4.3,100.702,696752.0,1.2957974177096654,3.9053,111.19,72.35,8719.899,7.604160676591198,16.208207539601194,,8237.0,0.8929324906817193,-1.6530134534022078,0.0,-24.525349467974134,111.19,0.9399999999999977,-0.25909999999999966
2024-12-31,109.125973441642,3.4,4.4,100.2754,699094.0,1.9640388082166949,4.4345,112.02,74.58,8103.779,-7.065678168978784,0.6025517296686989,,8173.0,-0.7769819108898846,-0.6166438332844804,0.0,-4.003089200669329,112.02,0.8299999999999983,0.5291999999999999
2025-03-31,109.510583288311,3.6,4.5,100.3062,703655.0,1.84555307249632,4.6448,111.83,77.23,8288.154,2.275173101339512,3.307138081484484,,8582.7998046875,5.014068330937227,0.8840946963014407,0.0,-10.374840431704769,111.83,-0.18999999999999773,0.21030000000000015
2025-06-30,107.847384094526,4.1,4.7,100.8369,705117.0,1.43452085536111,4.5248,113.75,68.15,8916.353,7.579480304058039,10.028416712304344,,8761.0,2.0762478371588733,-1.1085743558747252,0.0,-21.9000687600275,113.75,1.9200000000000017,-0.1200000000000001
2025-09-30,107.775049044071,4.1,5.0,101.1013,705681.0,1.2815176705628373,4.6885,111.89,68.52,8843.121,-0.8213223500684652,1.413112697750285,,9350.400390625,6.727546976657917,-1.211148872751333,0.0,-5.293711126468558,111.89,-1.8599999999999994,0.1637000000000004
2025-12-31,108.128168722664,3.6,5.2,101.0863,706067.0,0.9974338214889578,4.4826,111.51,61.35,,,,,9931.400390625,6.213637659650684,-0.9143604290610119,0.0,-17.73934030571198,111.51,-0.37999999999999545,-0.20590000000000064
2026-03-31,,,,101.0437,,,4.4324,111.25,126.69,,,,,10176.5,2.4679259694973865,-1.2623570472704793,0.0,64.04247054253527,111.25,-0.2600000000000051,-0.050199999999999356
