,us_house_price_idx,us_cpi,us_unemployment,us_consumer_confidence,us_real_gdp,us_gdp_yoy_growth,us_bond_yield_10y,us_bond_yield_1y,us_term_spread,us_reer,us_reer_log_ret,us_oil_price,us_oil_log_ret,us_credit,us_credit_qoq_growth,us_credit_yoy_growth,us_industrial_production,us_vix,us_vix_log_ret,us_delinquency_rate,us_sp500_close,us_sp500_log_ret,us_house_price_yoy,us_indprod_yoy,us_oil_yoy,us_reer_interp,us_reer_diff,us_bond_yield_10y_d1,us_house_price_yoy_L3,us_consumer_confidence_L2,us_unemployment_L1,us_credit_qoq_growth_L6,us_gdp_yoy_growth_L0,us_cpi_L6,us_bond_yield_10y_d1_L2,us_sp500_log_ret_L4,us_reer_diff_L1,us_indprod_yoy_L3,us_oil_yoy_L2,us_vix_log_ret_L0
1990-03-31,77.2043845162229,5.232877,5.3,99.83252,10047.386,2.821006526483294,8.59,8.35,0.2400000000000002,,,20.34,-0.0711537602562903,7192.124,1.7858350865801451,8.094812184744548,62.5999,19.73,,,339.94000244140625,-0.0388314039836742,,,,88.27,,,,,,,2.821006526483294,,,,,,,
1990-06-30,76.4490582714173,4.58221,5.333333,99.29954,10083.855,2.412704964193124,8.48,8.05,0.4299999999999997,,,17.05,-0.176439186890888,7303.613,1.5501540296023908,7.159417763700371,62.8382,15.5,-0.2413002961093231,,358.0199890136719,0.0518196814446125,,,,88.27,0.0,-0.10999999999999943,,,5.3,,2.412704964193124,,,,,,,-0.2413002961093231
1990-09-30,75.6005698784759,5.53476,5.7,97.94815,10090.569,1.7273622503686914,8.89,7.69,1.2000000000000002,,,39.53,0.8409096735790683,7384.432,1.1065619166842344,6.583452530270728,62.9523,29.11,0.6302417338323308,,306.04998779296875,-0.1568403726643556,,,,88.27,0.0,0.41000000000000014,,99.83252,5.333333,,1.7273622503686914,,,,0.0,,,0.6302417338323308
1990-12-31,74.4160516992853,6.223517,6.133333,97.12814,9998.704,0.6030627340393391,8.08,6.82,1.2599999999999998,,,28.48,-0.3278577907648191,7458.077,0.9973008079700696,5.549709040752981,61.3352,26.38,-0.0984756104683633,,330.2200012207031,0.076010655288986,,,,88.27,0.0,-0.8100000000000005,,99.29954,5.7,,0.6030627340393391,,-0.10999999999999943,,0.0,,,-0.0984756104683633
1991-03-31,74.5810986520791,5.285082,6.6,97.72501,9951.916,-0.9501973946258402,8.11,6.28,1.8299999999999992,,,19.63,-0.3721430782554055,7468.526,0.1401031391872198,3.843120613604545,60.3346,16.88,-0.4464766581213575,5.26,375.2200012207031,0.1277534211684422,-3.397845706020186,-3.61869587651098,-3.4906588003933203,88.27,0.0,0.02999999999999936,,97.94815,6.133333,,-0.9501973946258402,,0.41000000000000014,-0.0388314039836742,0.0,,,-0.4464766581213575
1991-06-30,74.1845969590247,4.845361,6.833333,98.79539,10029.51,-0.5389307958117096,8.28,6.32,1.959999999999999,,,20.56,0.0462884322985946,7538.276,0.9339192231506032,3.2129714430378487,61.5581,19.55,0.1468457972635637,5.48,371.1600036621094,-0.0108792775171264,-2.96205259239829,-2.037136646180182,20.586510263929615,88.27,0.0,0.16999999999999993,,97.12814,6.6,,-0.5389307958117096,,-0.8100000000000005,0.0518196814446125,0.0,,,0.1468457972635637
1991-09-30,73.8102516891055,3.876362,6.866667,99.22391,10080.195,-0.1028088703421969,7.65,5.42,2.2300000000000004,,,22.25,0.078994568025285,7540.773,0.0331242846507651,2.117170284728753,62.2195,15.85,-0.2098057861080852,5.35,387.8599853515625,0.0440111656491235,-2.3681279020095203,-1.1640559598299127,-43.713635213761705,88.27,0.0,-0.629999999999999,,97.72501,6.833333,1.7858350865801451,-0.1028088703421969,5.232877,0.02999999999999936,-0.1568403726643556,0.0,,-3.4906588003933203,-0.2098057861080852
1991-12-31,73.9161140092293,2.991773,7.1,99.06947,10115.329,1.1664011655910578,7.09,4.12,2.97,,,19.15,-0.1500392929855943,7581.419,0.5390163581372898,1.653804325163177,61.7852,19.31,0.1974535961171334,5.32,417.0899963378906,0.072657605068658,-0.6718143177983249,0.7336733229858172,-32.759831460674164,88.27,0.0,-0.5600000000000005,-3.397845706020186,98.79539,6.866667,1.5501540296023908,1.1664011655910578,4.58221,0.16999999999999993,0.076010655288986,0.0,-3.61869587651098,20.586510263929615,0.1974535961171334
1992-03-31,74.343754939348,2.868447,7.366667,99.41574,10236.435,2.858936912248855,7.54,4.54,3.0,,,19.49,0.0175987978928144,7615.218,0.4458136399003942,1.9641358950882597,62.4232,16.18,-0.1768471848100773,5.27,403.6900024414063,-0.0326547543390598,-0.31823574205886995,3.4616952793256273,-0.713194090677538,88.27,0.0,0.4500000000000002,-2.96205259239829,99.22391,7.1,1.1065619166842344,2.858936912248855,5.53476,-0.629999999999999,0.1277534211684422,0.0,-2.037136646180182,-43.713635213761705,-0.1768471848100773
1992-06-30,73.7520437426397,3.097345,7.6,99.69566,10347.429,3.169835814511379,7.26,4.05,3.21,,,21.84,0.113841637357235,7656.355,0.5401946470869223,1.566392634071767,63.1363,13.35,-0.1922595267840871,5.1,408.1400146484375,0.0109630259612968,-0.5830768570784572,2.563756841098086,6.22568093385214,88.27,0.0,-0.28000000000000025,-2.3681279020095203,99.06947,7.366667,0.9973008079700696,3.169835814511379,6.223517,-0.5600000000000005,-0.0108792775171264,0.0,-1.1640559598299127,-32.759831460674164,-0.1922595267840871
1992-09-30,73.8806159211078,3.097561,7.633333,99.70724,10449.673,3.6653854414522735,6.42,3.06,3.36,,,21.83,-0.0004579803148518,7711.512,0.7204080793014489,2.2642108441667697,63.5703,14.28,0.0673435720651798,4.98,417.7999877929688,0.0233925312134045,0.0953312451753785,2.1710235537090616,-1.8876404494382104,88.27,0.0,-0.8399999999999999,-0.6718143177983249,99.41574,7.6,0.1401031391872198,3.6653854414522735,5.285082,0.4500000000000002,0.0440111656491235,0.0,0.7336733229858172,-0.713194090677538,0.0673435720651798
1992-12-31,73.9457425765761,3.050109,7.366667,100.0841,10558.648,4.382645388993267,6.77,3.61,3.16,,,19.49,-0.113383657042383,7773.848,0.8083499059587718,2.538166008236709,64.3507,12.57,-0.1275469343092821,4.69,435.7099914550781,0.0419740449156452,0.040084043572807815,4.152288897664813,1.7754569190600478,88.27,0.0,0.34999999999999964,-0.31823574205886995,99.69566,7.633333,0.9339192231506032,4.382645388993267,4.845361,-0.28000000000000025,0.072657605068658,0.0,3.4616952793256273,6.22568093385214,-0.1275469343092821
1993-03-31,73.5355172054693,3.197115,7.133333,100.0399,10576.275,3.319905807050993,5.98,3.32,2.6600000000000006,,,20.44,0.0475922518160343,7812.554,0.4979001390302384,2.5913375034043677,64.8522,12.53,-0.0031872536941791,4.6,451.6700134277344,0.0359749896006343,-1.0871629157527596,3.8911814838072933,4.874294510005139,88.27,0.0,-0.7899999999999991,-0.5830768570784572,99.70724,7.366667,0.0331242846507651,3.319905807050993,3.876362,-0.8399999999999999,-0.0326547543390598,0.0,2.563756841098086,-1.8876404494382104,-0.0031872536941791
1993-06-30,73.7903750223239,3.147353,7.066667,99.62022,10637.847,2.806668207145946,5.96,3.45,2.51,,,18.82,-0.0825736311782702,7919.946,1.3746080987088185,3.4427740093033954,64.9301,11.26,-0.1068691461964326,4.46,450.5299987792969,-0.0025271896248188,0.05197317625251774,2.8411547715022856,-13.827838827838823,88.27,0.0,-0.020000000000000462,0.0953312451753785,100.0841,7.133333,0.5390163581372898,2.806668207145946,2.991773,0.34999999999999964,0.0109630259612968,0.0,2.1710235537090616,1.7754569190600478,-0.1068691461964326
1993-09-30,74.0172720557835,2.744263,6.8,99.66884,10688.606,2.286511740606612,5.36,3.39,1.97,,,18.72,-0.0053276631077876,8028.094,1.3655143608302334,4.105316830214356,65.3717,12.99,0.1429232079709639,4.08,458.9299926757813,0.0184730122279242,0.1849688622271639,2.833713227717971,-14.246449839670172,88.27,0.0,-0.5999999999999996,0.040084043572807815,100.0399,7.066667,0.4458136399003942,2.286511740606612,2.868447,-0.7899999999999991,0.0233925312134045,0.0,4.152288897664813,4.874294510005139,0.1429232079709639
1993-12-31,74.2899670081485,2.724924,6.633333,100.3541,10833.987,2.6077107599381977,5.77,3.63,2.14,,,14.19,-0.2770549798774947,8151.103,1.532231685378882,4.852873377508793,66.5436,11.66,-0.1080156497601618,3.91,466.4500122070313,0.0162531825525978,0.4655094662359138,3.407732938414032,-27.193432529502303,88.27,0.0,0.40999999999999925,-1.0871629157527596,99.62022,6.8,0.5401946470869223,2.6077107599381977,3.097345,-0.020000000000000462,0.0419740449156452,0.0,3.8911814838072933,-13.827838827838823,-0.1080156497601618
1994-03-31,74.6910431721062,2.515723,6.566667,100.9483,10939.116,3.430706936043171,6.48,4.5,1.9800000000000004,88.27,,14.78,0.0407374243481043,8260.279,1.3394015509312185,5.730840388431235,67.4552,20.45,0.5618187015664644,3.6,445.7699890136719,-0.0453477602864111,1.5713848362665095,4.013742016462052,-27.690802348336607,88.27,0.0,0.7100000000000009,0.05197317625251774,99.66884,6.633333,0.7204080793014489,3.430706936043171,3.097561,-0.5999999999999996,0.0359749896006343,0.0,2.8411547715022856,-14.246449839670172,0.5618187015664644
1994-06-30,74.877131820295,2.380952,6.2,101.0804,11087.361,4.225610689832271,7.1,5.51,1.59,87.13,-0.0129990427889459,19.37,0.2704505618988489,8399.652,1.6872674639682117,6.05693523667965,68.6265,14.97,-0.3119346840572737,3.29,444.2699890136719,-0.003370638302056,1.472762264241556,5.692891278467149,2.922422954303938,87.13,-1.1400000000000006,0.6199999999999992,0.1849688622271639,100.3541,6.566667,0.8083499059587718,4.225610689832271,3.050109,0.40999999999999925,-0.0025271896248188,0.0,2.833713227717971,-27.193432529502303,-0.3119346840572737
1994-09-30,74.788679868747,2.878195,6.0,100.9238,11152.176,4.337048254936149,7.46,5.96,1.5,84.74,-0.0278135110447823,18.36,-0.0535510922265601,8528.83,1.5378970462109676,6.237296175156892,69.3961,14.28,-0.0471882415200987,3.25,462.7099914550781,0.0406680284994858,1.0421997346540035,6.156180732641192,-1.9230769230769162,84.74,-2.3900000000000006,0.3600000000000003,0.4655094662359138,100.9483,6.2,0.4979001390302384,4.337048254936149,3.197115,0.7100000000000009,0.0184730122279242,-1.1400000000000006,3.407732938414032,-27.690802348336607,-0.0471882415200987
1994-12-31,74.8073314536137,2.652641,5.633333,100.5002,11279.932,4.116167021429895,7.81,7.2,0.6099999999999994,86.11,0.0160378035096607,17.77,-0.0326627430257843,8699.19,1.9974603785044345,6.724083844848972,71.1523,13.2,-0.0786431273191131,3.29,459.2699890136719,-0.0074622409972477,0.6964122697866504,6.925835091579047,25.229034531360117,86.11,1.3700000000000045,0.34999999999999964,1.5713848362665095,101.0804,6.0,1.3746080987088185,4.116167021429895,3.147353,0.6199999999999992,0.0162531825525978,-2.3900000000000006,4.013742016462052,2.922422954303938,-0.0786431273191131
1995-03-31,74.8905655305094,2.840264,5.466667,99.58177,11319.951,3.481405627292,7.2,6.49,0.71,86.02,-0.0010457213524835,19.18,0.0763564272887322,8807.641,1.2466792885314604,6.626434772965895,71.3113,13.37,0.0127965615215266,3.48,500.7099914550781,0.0863888256191798,0.2671302340006898,5.7165348260771465,29.76995940460081,86.02,-0.09000000000000341,-0.6099999999999994,1.472762264241556,100.9238,5.633333,1.3655143608302334,3.481405627292,2.744263,0.3600000000000003,-0.0453477602864111,1.3700000000000045,5.692891278467149,-1.9230769230769162,0.0127965615215266
1995-06-30,74.9161560125794,3.093249,5.666667,98.83786,11353.721,2.4023751008017014,6.17,5.65,0.5199999999999996,82.22,-0.0451812458858578,17.38,-0.0985479496180461,8978.958,1.9450951736111888,6.8967857239800034,71.7749,11.38,-0.1611559624156668,3.7,544.75,0.0842998997147341,0.05211763770287536,4.587732144288292,-10.273618998451228,82.22,-3.799999999999997,-1.0300000000000002,1.0421997346540035,100.5002,5.466667,1.532231685378882,2.4023751008017014,2.724924,0.34999999999999964,-0.003370638302056,-0.09000000000000341,6.156180732641192,25.229034531360117,-0.1611559624156668
1995-09-30,75.2833888472521,2.641003,5.666667,98.62749,11450.31,2.6733258155179795,6.2,5.65,0.5499999999999998,85.22,0.0358375666020336,17.54,0.009163867106791,9125.043,1.6269705237511811,6.990560252695843,72.7144,12.74,0.1128892214458324,3.85,584.4099731445312,0.0702757715197023,0.6614757465612575,4.7816808149161005,-4.466230936819171,85.22,3.0,0.03000000000000025,0.6964122697866504,99.58177,5.666667,1.3394015509312185,2.6733258155179795,2.515723,-0.6099999999999994,0.0406680284994858,-3.799999999999997,6.925835091579047,29.76995940460081,0.1128892214458324
1995-12-31,75.3955893480103,2.650924,5.566667,98.57973,11528.067,2.1997916299495213,5.71,5.18,0.5300000000000002,86.36,0.0132884575748405,19.54,0.1079796596705996,9279.97,1.6978221362901946,6.676253766155216,73.0305,12.52,-0.0174192844720648,3.95,615.9299926757812,0.0525305634770342,0.7863639605449224,2.6396897921781903,9.960607765897578,86.36,1.1400000000000006,-0.4900000000000002,0.2671302340006898,98.83786,5.666667,1.6872674639682117,2.1997916299495213,2.380952,-1.0300000000000002,-0.0074622409972477,3.0,5.7165348260771465,-10.273618998451228,-0.0174192844720648
1996-03-31,75.6313983003169,2.739726,5.533333,98.93958,11614.418,2.601309846659228,6.27,5.41,0.8599999999999994,86.82,0.0053124042248408,21.43,0.0923281628708489,9410.866,1.4105218012558265,6.848882691744596,73.585,18.88,0.4107757950454022,4.04,645.5,0.0468919014652313,0.9892204239073221,3.188414739319012,11.730969760166833,86.82,0.45999999999999375,0.5599999999999996,0.05211763770287536,98.62749,5.566667,1.5378970462109676,2.601309846659228,2.878195,0.03000000000000025,0.0863888256191798,1.1400000000000006,4.587732144288292,-4.466230936819171,0.4107757950454022
1996-06-30,75.6114040921146,2.847131,5.5,99.41912,11808.14,4.002379484223728,6.91,5.7,1.21,87.08,0.0029902264948993,20.92,-0.0240861702887633,9590.932,1.913383954250336,6.815646091673444,75.4433,13.68,-0.3221682485229501,4.27,670.6300048828125,0.038192366082999,0.9280349080089678,5.110978907668273,20.368239355581142,87.08,0.2600000000000051,0.6400000000000006,0.6614757465612575,98.57973,5.533333,1.9974603785044345,4.002379484223728,2.652641,-0.4900000000000002,0.0842998997147341,0.45999999999999375,4.7816808149161005,9.960607765897578,-0.3221682485229501
1996-09-30,75.7642213344847,2.943742,5.266667,99.65799,11914.063,4.0501348871777365,6.83,5.71,1.12,86.83,-0.0028750522937928,24.2,0.1456469939659185,9739.846,1.5526541111958505,6.737535373805903,76.3158,16.95,0.2143329216320547,4.46,687.3300170898438,0.0245969747309183,0.6386966561882534,4.952801645891314,37.970353477765116,86.83,-0.25,-0.08000000000000007,0.7863639605449224,98.93958,5.5,1.2466792885314604,4.0501348871777365,2.840264,0.5599999999999996,0.0702757715197023,0.2600000000000051,2.6396897921781903,11.730969760166833,0.2143329216320547
1996-12-31,75.6957701866914,3.190104,5.333333,99.90023,12037.775,4.421452442981133,6.3,5.51,0.79,87.47,0.0073436933592096,25.9,0.0678903355428512,9877.376,1.4120346461330202,6.4375854663323295,77.5333,20.92,0.2104378053702631,4.6,740.739990234375,0.0748351222470773,0.39814111313001277,6.165643121709419,32.54861821903787,87.47,0.6400000000000006,-0.5300000000000002,0.9892204239073221,99.41912,5.266667,1.9450951736111888,4.421452442981133,3.093249,0.6400000000000006,0.0525305634770342,-0.25,3.188414739319012,20.368239355581142,0.2104378053702631
1997-03-31,75.831180940237,2.946237,5.233333,100.2667,12115.472,4.314068944306992,6.69,6.02,0.6700000000000008,90.57,0.0348271549550934,20.35,-0.2411620568168879,10009.716,1.3398295255744097,6.363388874095111,79.082,22.14,0.0566802880837686,4.7,757.1199951171875,0.021872081553083,0.26415304279685525,7.470272474009643,-5.039664022398494,90.57,3.0999999999999943,0.39000000000000057,0.9280349080089678,99.65799,5.333333,1.6269705237511811,4.314068944306992,2.641003,-0.08000000000000007,0.0468919014652313,0.6400000000000006,5.110978907668273,37.970353477765116,0.0566802880837686
1997-06-30,76.2645711104951,2.342419,5.0,100.6872,12317.221,4.31127171595187,6.49,5.67,0.8200000000000003,89.16,-0.0156905238691889,19.82,-0.026389382986762,10206.773,1.9686572526133483,6.421075657714992,79.9792,21.53,-0.0279386159042191,4.73,885.1400146484375,0.1562240862357894,0.8638472281043308,6.012329789391524,-5.258126195028689,89.16,-1.4099999999999966,-0.20000000000000018,0.6386966561882534,99.90023,5.233333,1.6978221362901946,4.31127171595187,2.650924,-0.5300000000000002,0.038192366082999,3.0999999999999943,4.952801645891314,32.54861821903787,-0.0279386159042191
1997-09-30,76.6141314803323,2.202923,4.866667,100.9501,12471.01,4.674702492340366,6.21,5.47,0.7400000000000002,91.79,0.0290708507133316,21.13,0.0640023027261233,10437.733,2.262811174501489,7.165277561883432,82.2156,22.91,0.0621261850891324,4.7,947.280029296875,0.0678489098135022,1.1217829879032415,7.7307713474798145,-12.685950413223146,91.79,2.6300000000000097,-0.28000000000000025,0.39814111313001277,100.2667,5.0,1.4105218012558265,4.674702492340366,2.739726,0.39000000000000057,0.0245969747309183,-1.4099999999999966,6.165643121709419,-5.039664022398494,0.0621261850891324
1997-12-31,77.1938817020323,1.871714,4.666667,100.9416,12577.495,4.483552816031211,5.81,5.51,0.2999999999999998,96.76,0.0527303265108269,17.65,-0.1799580482486596,10642.672,1.9634435945046655,7.747968691279961,83.9538,24.01,0.0468969137677577,4.81,970.4299926757812,0.0241445137410792,1.9791218342135153,8.280957988374027,-31.853281853281857,96.76,4.969999999999999,-0.40000000000000036,0.26415304279685525,100.6872,4.866667,1.913383954250336,4.483552816031211,2.847131,-0.20000000000000018,0.0748351222470773,2.6300000000000097,7.470272474009643,-5.258126195028689,0.0468969137677577
1998-03-31,78.1561420030997,1.462294,4.633333,100.7212,12703.742,4.855526883310857,5.65,5.41,0.2400000000000002,97.24,0.004948463706096,15.75,-0.1138954181076636,10867.157,2.109291726739282,8.566087189686499,84.488,24.22,0.0087083278917841,4.76,1101.75,0.1269158390309503,3.065969742308261,6.835942439493192,-22.604422604422613,97.24,0.47999999999998977,-0.15999999999999925,0.8638472281043308,100.9501,4.666667,1.5526541111958505,4.855526883310857,2.943742,-0.28000000000000025,0.021872081553083,4.969999999999999,6.012329789391524,-12.685950413223146,0.0087083278917841
1998-06-30,79.0918044189641,1.602164,4.4,100.2125,12821.339,4.09279008633523,5.5,5.38,0.1200000000000001,99.91,0.0270876312970046,14.3,-0.0965808280057804,11192.516,2.993966131160164,9.657734133991225,84.8248,19.71,-0.2060526169603172,4.76,1133.8399658203125,0.028710246991482,3.707138540611199,6.058575229559682,-27.850655903128153,99.91,2.6700000000000017,-0.15000000000000036,1.1217829879032415,100.9416,4.633333,1.4120346461330202,4.09279008633523,3.190104,-0.40000000000000036,0.1562240862357894,0.47999999999998977,7.7307713474798145,-31.853281853281857,-0.2060526169603172
1998-09-30,79.876416902589,1.595855,4.533333,99.76708,12982.752,4.103452727565782,4.81,4.41,0.3999999999999994,100.36,0.0044939407532942,16.19,0.1241342304236821,11437.292,2.186961358822259,9.576399396305678,86.2021,40.95,0.7312256891344496,4.72,1017.010009765625,-0.1087431122693791,4.258072706983773,4.848836473856544,-23.37908187411263,100.36,0.45000000000000284,-0.6900000000000004,1.9791218342135153,100.7212,4.4,1.3398295255744097,4.103452727565782,2.946237,-0.15999999999999925,0.0678489098135022,2.6700000000000017,8.280957988374027,-22.604422604422613,0.7312256891344496
1998-12-31,80.9744605575647,1.548307,4.433333,100.0393,13191.67,4.883126568525764,4.65,4.53,0.1200000000000001,96.15,-0.0428542494634327,12.14,-0.2878879820581915,11726.858,2.5317706324189397,10.187159765893371,87.1185,24.42,-0.5169493416165198,4.74,1229.22998046875,0.1895209817430942,4.897511010167088,3.7695732652959,-31.218130311614722,96.15,-4.209999999999994,-0.15999999999999925,3.065969742308261,100.2125,4.533333,1.9686572526133483,4.883126568525764,2.342419,-0.15000000000000036,0.0241445137410792,0.45000000000000284,6.835942439493192,-27.850655903128153,-0.5169493416165198
1999-03-31,81.9868653045711,1.667696,4.3,100.645,13315.597,4.816336792733988,5.23,4.72,0.5100000000000007,98.44,0.0235377534880663,16.66,0.3165048511073443,11996.079,2.295764133922318,10.38838400880746,88.2267,23.26,-0.0486673215920402,4.66,1286.3699951171875,0.0454363532741427,4.901372052524633,4.425125461604007,5.777777777777771,98.44,2.289999999999992,0.5800000000000001,3.707138540611199,99.76708,4.433333,2.262811174501489,4.816336792733988,2.202923,-0.6900000000000004,0.1269158390309503,-4.209999999999994,6.058575229559682,-23.37908187411263,-0.0486673215920402
1999-06-30,82.7323340119465,2.109359,4.266667,101.0605,13426.748,4.721885912228041,5.9,5.07,0.8300000000000001,98.43,-0.000101589881735,19.33,0.1486476564815427,12265.22,2.24357475471777,9.584118530632434,88.9188,21.09,-0.0979361525998352,4.58,1372.7099609375,0.0649625652261039,4.602916344780605,4.826418688874012,35.17482517482515,98.43,-0.009999999999990905,0.6699999999999999,4.258072706983773,100.0393,4.3,1.9634435945046655,4.721885912228041,1.871714,-0.15999999999999925,0.028710246991482,2.289999999999992,4.848836473856544,-31.218130311614722,-0.0979361525998352
1999-09-30,83.5511952282669,2.345981,4.233333,101.2426,13604.771,4.791118246732284,5.92,5.22,0.7000000000000002,97.0,-0.0146346571377372,24.54,0.2386461460625259,12616.408,2.8632833328713136,10.30939841354055,89.4299,25.41,0.1863438028413894,4.6,1282.7099609375,-0.0678118628100317,4.600579830914775,3.7444563415508503,51.57504632489189,97.0,-1.4300000000000068,0.019999999999999574,4.897511010167088,100.645,4.266667,2.109291726739282,4.791118246732284,1.462294,0.5800000000000001,-0.1087431122693791,-0.009999999999990905,3.7695732652959,5.777777777777771,0.1863438028413894
1999-12-31,84.2847229997912,2.622484,4.066667,101.3804,13827.98,4.823574270732967,6.28,5.98,0.2999999999999998,96.7,-0.0030975760441341,25.76,0.0485184619533876,12900.875,2.2547384326822684,10.01135171927552,91.6634,24.64,-0.0307716586667536,4.55,1469.25,0.1357770696152514,4.088032719740364,5.216917187508963,112.19110378912687,96.7,-0.29999999999999716,0.3600000000000003,4.901372052524633,101.0605,4.233333,2.993966131160164,4.823574270732967,1.602164,0.6699999999999999,0.1895209817430942,-1.4300000000000068,4.425125461604007,35.17482517482515,-0.0307716586667536
2000-03-31,85.0823308549841,3.240178,4.033333,101.2119,13878.147,4.224744861233032,6.26,6.28,-0.0200000000000004,98.51,0.0185446634083392,26.86,0.0418152898589386,13184.822,2.2009902429098727,9.909429572779583,92.1504,24.11,-0.0217444464722393,4.43,1498.5799560546875,0.0197658972343551,3.775562754977546,4.447293166354416,61.224489795918366,98.51,1.8100000000000023,-0.020000000000000462,4.602916344780605,101.2426,4.066667,2.186961358822259,4.224744861233032,1.595855,0.019999999999999574,0.0454363532741427,-0.29999999999999716,4.826418688874012,51.57504632489189,-0.0217444464722393
2000-06-30,86.0989232694648,3.329322,3.933333,100.7837,14130.908,5.2444568111355006,6.1,6.08,0.0199999999999995,100.53,0.0202981245497409,32.44,0.1887540381521205,13514.042,2.4969620371059875,10.181814920564005,92.9862,19.54,-0.210163045578443,4.51,1454.5999755859375,-0.0297870317907133,4.069254539624323,4.574285752844154,67.8220382824625,100.53,2.019999999999996,-0.16000000000000014,4.600579830914775,101.3804,4.033333,2.5317706324189397,5.2444568111355006,1.548307,0.3600000000000003,0.0649625652261039,1.8100000000000023,3.7444563415508503,112.19110378912687,-0.210163045578443
2000-09-30,86.8842011443255,3.508073,4.0,100.1366,14145.312,3.973172352551901,5.8,6.07,-0.2700000000000004,102.31,0.0175512294735199,30.87,-0.0496073907331441,13782.955,1.989878379836329,9.24626882707027,92.9792,20.57,0.0513700570502291,4.53,1436.510009765625,-0.0125143643787,3.989178020676576,3.968806853188922,25.79462102689487,102.31,1.7800000000000011,-0.2999999999999998,4.088032719740364,101.2119,3.933333,2.295764133922318,3.973172352551901,1.667696,-0.020000000000000462,-0.0678118628100317,2.019999999999996,5.216917187508963,61.224489795918366,0.0513700570502291
2000-12-31,87.9020311222318,3.4271,3.9,99.1219,14229.765,2.9055943095086967,5.24,5.32,-0.08,103.28,0.0094363266475384,26.72,-0.144372489845623,14015.065,1.6840365509428246,8.636545970719034,92.3415,26.85,0.2664321172900079,4.57,1320.280029296875,-0.084372710069792,4.291771976814318,0.7397718173229428,3.7267080745341463,103.28,0.9699999999999989,-0.5599999999999996,3.775562754977546,100.7837,4.0,2.24357475471777,2.9055943095086967,2.109359,-0.16000000000000014,0.1357770696152514,1.7800000000000011,4.447293166354416,67.8220382824625,0.2664321172900079
2001-03-31,88.8661829130291,3.393488,4.233333,98.35949,14183.12,2.1975051856706784,4.89,4.09,0.7999999999999998,106.28,0.0286333743532256,26.37,-0.0131853483032496,14130.7,0.8250764445259406,7.173991427415549,91.1162,28.64,0.0645385211375711,4.81,1160.3299560546875,-0.1291394479595422,4.447283025772153,-1.122295725249156,-1.8242740134028268,106.28,3.0,-0.35000000000000053,4.069254539624323,100.1366,3.9,2.8632833328713136,2.1975051856706784,2.345981,-0.2999999999999998,0.0197658972343551,0.9699999999999989,4.574285752844154,25.79462102689487,0.0645385211375711
2001-06-30,89.8743413614778,3.377329,4.4,98.22601,14271.694,0.9962983270431104,5.28,3.72,1.56,107.7,0.01327246327073,26.37,0.0,14471.316,2.4104679881393087,7.083550576504072,89.8784,19.06,-0.4072124438663889,4.94,1224.3800048828125,0.053730187866269,4.384977127062362,-3.3422163718917375,-18.711467324290986,107.7,1.4200000000000017,0.39000000000000057,3.989178020676576,99.1219,4.233333,2.2547384326822684,0.9962983270431104,2.622484,-0.5599999999999996,-0.0297870317907133,3.0,3.968806853188922,3.7267080745341463,-0.4072124438663889
2001-09-30,91.1969225235107,2.695937,4.833333,98.07815,14214.516,0.4892362925611015,4.73,2.49,2.24,106.58,-0.0104537072937067,23.44,-0.1177830356563833,14780.642,2.137511198014041,7.238556608506674,88.7485,31.93,0.5159541085006346,5.0,1040.93994140625,-0.1623105026176138,4.963757878168473,-4.55015745457048,-24.068675089083246,106.58,-1.1200000000000045,-0.5499999999999998,4.291771976814318,98.35949,4.4,2.2009902429098727,0.4892362925611015,3.240178,-0.35000000000000053,-0.0125143643787,1.4200000000000017,0.7397718173229428,-1.8242740134028268,0.5159541085006346
2001-12-31,92.6002623821926,1.857882,5.5,98.56182,14253.574,0.1673182937314887,5.09,2.17,2.92,106.95,0.0034655586597784,19.96,-0.1607136938254939,14963.76,1.238904237041938,6.769108812552771,87.9324,23.8,-0.2938604260492616,4.69,1148.0799560546875,0.0979668488084315,5.344849487525138,-4.774776238202749,-25.299401197604787,106.95,0.37000000000000455,0.35999999999999943,4.447283025772153,98.22601,4.833333,2.4969620371059875,0.1673182937314887,3.329322,0.39000000000000057,-0.084372710069792,-1.1200000000000045,-1.122295725249156,-18.711467324290986,-0.2938604260492616
2002-03-31,93.9253689973521,1.252134,5.7,99.37714,14372.785,1.3372586567694578,5.28,2.7,2.58,108.48,0.0142043886636708,26.21,0.2724107464519971,15137.544,1.1613658599175514,7.125223803491676,89.1686,17.4,-0.3132153744569457,4.94,1147.3900146484375,-0.0006011330453738,5.693038587326593,-2.1374903694403535,-0.6067500948046978,108.48,1.5300000000000011,0.1900000000000004,4.384977127062362,98.07815,5.5,1.989878379836329,1.3372586567694578,3.508073,-0.5499999999999998,-0.1291394479595422,0.37000000000000455,-3.3422163718917375,-24.068675089083246,-0.3132153744569457
2002-06-30,94.9492638157387,1.295531,5.833333,99.21523,14460.848,1.3253787532159889,4.93,2.06,2.87,105.5,-0.0278548712759642,26.79,0.0218876662212023,15366.315,1.5112821472228255,6.184641396815604,90.7061,25.4,0.3782789678040076,4.78,989.8200073242188,-0.1477219737246461,5.646686670948031,0.920910919642548,1.5927189988623303,105.5,-2.980000000000004,-0.35000000000000053,4.963757878168473,98.56182,5.7,1.6840365509428246,1.3253787532159889,3.4271,0.35999999999999943,0.053730187866269,1.5300000000000011,-4.55015745457048,-25.299401197604787,0.3782789678040076
2002-09-30,96.2680608880116,1.59385,5.733333,98.35358,14519.633,2.1465169830615416,3.87,1.53,2.34,105.81,0.0029340799999491,30.59,0.1326444746062947,15614.423,1.6146226339887049,5.6410337250574205,90.6531,39.69,0.446350092770483,4.89,815.280029296875,-0.1939914673602564,5.560646372900968,2.146064440525741,30.50341296928327,105.81,0.3100000000000023,-1.0599999999999996,5.344849487525138,99.37714,5.833333,0.8250764445259406,2.1465169830615416,3.393488,0.1900000000000004,-0.1623105026176138,-2.980000000000004,-4.774776238202749,-0.6067500948046978,0.446350092770483
2002-12-31,97.7446202313036,2.200075,5.866667,97.8903,14537.58,1.9925248221954737,4.03,1.32,2.71,104.28,-0.0145654438507693,31.21,0.020065398119876,15914.764,1.9234844604888668,6.355381267809679,90.4652,28.62,-0.3269934926666691,4.84,879.8200073242188,0.0761857009649329,5.5554462987140285,2.880394484854265,56.3627254509018,104.28,-1.5300000000000011,0.16000000000000014,5.693038587326593,99.21523,5.733333,2.4104679881393087,1.9925248221954737,3.377329,-0.35000000000000053,0.0979668488084315,0.3100000000000023,-2.1374903694403535,1.5927189988623303,-0.3269934926666691
2003-03-31,98.699922940589,2.866779,5.866667,97.81909,14614.141,1.6792570124718242,3.81,1.19,2.62,103.11,-0.0112832095354487,31.14,-0.0022453898768357,16107.287,1.2097131946160244,6.406210941484303,91.1044,29.15,0.0183491386681964,4.68,848.1799926757812,-0.0366244806373292,5.0833486141230955,2.1709435832793167,18.809614650896613,103.11,-1.1700000000000017,-0.2200000000000002,5.646686670948031,98.35358,5.866667,2.137511198014041,1.6792570124718242,2.695937,-1.0599999999999996,-0.0006011330453738,-1.5300000000000011,0.920910919642548,30.50341296928327,0.0183491386681964
2003-06-30,100.178545531622,2.131603,6.133333,98.46088,14743.567,1.9550651524723903,3.33,1.09,2.24,98.44,-0.0463491540069971,30.15,-0.0323082432326578,16531.904,2.6361795130365406,7.5853514652016285,90.6527,19.52,-0.4010153318115549,4.53,974.5,0.138831650164834,5.5074484053203365,-0.05887145406980876,12.541993281075037,98.44,-4.670000000000002,-0.48,5.560646372900968,97.8903,5.866667,1.238904237041938,1.9550651524723903,1.857882,0.16000000000000014,-0.1477219737246461,-1.1700000000000017,2.146064440525741,56.3627254509018,-0.4010153318115549
2003-09-30,101.493888958452,2.196383,6.133333,99.57734,14988.782,3.231135387512896,4.27,1.15,3.12,99.76,0.0133200758489259,29.19,-0.0323587383071709,16827.159,1.7859709323257755,7.766767942689912,91.5059,22.72,0.1518060128680041,4.24,995.969970703125,0.0217925882860045,5.428413143710875,0.9407289987876988,-4.576659038901598,99.76,1.3200000000000074,0.9399999999999995,5.5554462987140285,97.81909,6.133333,1.1613658599175514,3.231135387512896,1.252134,-0.2200000000000002,-0.1939914673602564,-4.670000000000002,2.880394484854265,18.809614650896613,0.1518060128680041
2003-12-31,103.266854961692,1.895124,5.833333,100.6823,15162.76,4.300440651057458,4.27,1.26,3.01,95.11,-0.0477331848774869,32.51,0.1077215494497904,17106.15,1.657980411310089,7.486042520014768,92.2602,18.31,-0.2157982351665313,4.43,1111.9200439453125,0.110126462064891,5.649655927170771,1.9841883950955763,4.165331624479318,95.11,-4.650000000000006,0.0,5.0833486141230955,98.46088,6.133333,1.5112821472228255,4.300440651057458,1.295531,-0.48,0.0761857009649329,1.3200000000000074,2.1709435832793167,12.541993281075037,-0.2157982351665313
2004-03-31,104.752106311837,1.785064,5.7,101.1322,15248.68,4.341952085996703,3.83,1.2,2.63,95.67,0.0058706531957818,35.75,0.0950025348242026,17427.102,1.8762374935330064,8.193900065231329,92.5861,16.74,-0.0896462936250901,4.21,1126.2099609375,0.0127696882151781,6.131902833288949,1.626375894029275,14.80411046885035,95.67,0.5600000000000023,-0.4399999999999995,5.5074484053203365,99.57734,5.833333,1.6146226339887049,4.341952085996703,1.59385,0.9399999999999995,-0.0366244806373292,-4.650000000000006,-0.05887145406980876,-4.576659038901598,-0.0896462936250901
2004-06-30,106.673439588665,2.867514,5.6,101.0138,15366.85,4.227491217016888,4.73,2.09,2.640000000000001,97.59,0.0198702594632937,36.92,0.0322031404946347,17834.915,2.3401079536919056,7.881796313358724,92.871,14.34,-0.1547482298898548,4.15,1140.8399658203125,0.0129068246851435,6.483318381771519,2.447031362551799,22.454394693200676,97.59,1.9200000000000017,0.9000000000000004,5.428413143710875,100.6823,5.7,1.9234844604888668,4.227491217016888,2.200075,0.0,0.138831650164834,0.5600000000000023,0.9407289987876988,4.165331624479318,-0.1547482298898548
2004-09-30,108.890889094825,2.727108,5.433333,100.684,15512.619,3.494860356231766,4.13,2.21,1.92,96.19,-0.0144496269888456,49.56,0.2944306471262903,18213.253,2.121333350901877,8.237243137715655,93.7467,13.34,-0.0722857946839966,4.07,1114.5799560546875,-0.0232871903089921,7.288123661712342,2.448803847620762,69.78417266187051,96.19,-1.4000000000000057,-0.6000000000000005,5.649655927170771,101.1322,5.6,1.2097131946160244,3.494860356231766,2.866779,-0.4399999999999995,0.0217925882860045,1.9200000000000017,1.9841883950955763,14.80411046885035,-0.0722857946839966
2004-12-31,110.627753299077,3.322499,5.433333,100.5736,15670.88,3.3511049439547858,4.23,2.75,1.4800000000000004,90.9,-0.0565654009810909,43.36,-0.133646699629551,18722.493,2.795985977903004,9.448899957032976,95.5365,13.29,-0.0037551677623237,4.03,1211.9200439453125,0.083728302221129,7.128035747884054,3.551152067738861,33.3743463549677,90.9,-5.289999999999992,0.10000000000000053,6.131902833288949,101.0138,5.433333,2.6361795130365406,3.3511049439547858,2.131603,0.9000000000000004,0.110126462064891,-1.4000000000000057,1.626375894029275,22.454394693200676,-0.0037551677623237
2005-03-31,112.716921097129,3.042233,5.3,100.4079,15844.727,3.9088432572524257,4.5,3.35,1.15,91.68,0.0085442517829963,55.31,0.2434163668751959,19053.399,1.767424883000368,9.331999089693754,96.4456,14.02,0.0534730088812901,3.7,1180.5899658203125,-0.0261916305609697,7.603488908930878,4.168552298887196,54.71328671328672,91.68,0.7800000000000011,0.2699999999999996,6.483318381771519,100.684,5.433333,1.7859709323257755,3.9088432572524257,2.196383,-0.6000000000000005,0.0127696882151781,-5.289999999999992,2.447031362551799,69.78417266187051,0.0534730088812901
2005-06-30,114.966565872345,2.946366,5.1,100.3841,15922.782,3.6177355801611855,4.0,3.45,0.5499999999999998,94.3,0.0281769366729822,56.63,0.023585156119127,19555.892,2.637287971558244,9.649482489824024,97.1753,12.04,-0.1522504417257691,3.67,1191.3299560546875,0.0090560086242915,7.7743122521018115,4.6347083589064475,53.385698808234025,94.3,2.6199999999999903,-0.5,7.288123661712342,100.5736,5.3,1.657980411310089,3.6177355801611855,1.895124,0.10000000000000053,0.0129068246851435,0.7800000000000011,2.448803847620762,33.3743463549677,-0.1522504417257691
2005-09-30,116.741502174166,3.83263,4.966667,100.6146,16047.587,3.448598847170792,4.2,4.01,0.1900000000000004,94.5,0.0021186448602853,66.21,0.1562926288110409,20032.135,2.435291624641822,9.986585043319815,95.3005,11.92,-0.0100167782434712,3.9,1228.81005859375,0.0309759758901626,7.209614270395459,1.6574450087309733,33.59564164648909,94.5,0.20000000000000284,0.20000000000000018,7.128035747884054,100.4079,5.1,1.8762374935330064,3.448598847170792,1.785064,0.2699999999999996,-0.0232871903089921,2.6199999999999903,3.551152067738861,54.71328671328672,-0.0100167782434712
2005-12-31,118.281507652431,3.739951,4.966667,101.1207,16136.734,2.9727366937913,4.47,4.38,0.0899999999999998,94.38,-0.0012706482014556,61.06,-0.0809745216300227,20516.36,2.4172410978660075,9.581346885802034,98.0452,12.07,0.0125053734722365,3.54,1248.2900390625,0.0157283769584547,6.918475811998492,2.6259073757150198,40.821033210332104,94.38,-0.12000000000000455,0.2699999999999996,7.603488908930878,100.3841,4.966667,2.3401079536919056,2.9727366937913,2.867514,-0.5,0.083728302221129,0.20000000000000284,4.168552298887196,53.385698808234025,0.0125053734722365
2006-03-31,119.381991014708,3.6471,4.733333,101.3753,16353.835,3.2131067957182013,4.72,4.82,-0.1000000000000005,94.23,-0.0015905840795764,66.25,0.0815784775595998,21066.108,2.6795591420700315,10.563516777242722,98.4628,11.39,-0.0579872576503492,3.86,1294.8699951171875,0.036635654200431,5.913105018043985,2.091541760329152,19.779425058759713,94.23,-0.14999999999999147,0.25,7.7743122521018115,100.6146,4.966667,2.121333350901877,3.2131067957182013,2.727108,0.20000000000000018,-0.0261916305609697,-0.12000000000000455,4.6347083589064475,33.59564164648909,-0.0579872576503492
2006-06-30,119.154582135583,4.010283,4.633333,101.2265,16396.151,2.9729038556202125,5.11,5.21,-0.0999999999999996,93.73,-0.0053202934602704,73.94,0.1098184886421542,21654.762,2.7943177733637192,10.732673303779736,99.0997,13.08,0.1383485685699619,4.13,1270.199951171875,-0.0192359702957551,3.642812352843716,1.9803386251444621,30.56683736535404,93.73,-0.5,0.39000000000000057,7.209614270395459,101.1207,4.733333,2.795985977903004,2.9729038556202125,3.322499,0.2699999999999996,0.0090560086242915,-0.14999999999999147,1.6574450087309733,40.821033210332104,0.1383485685699619
2006-09-30,118.48546459258,3.335591,4.633333,101.2501,16420.738,2.325277937424497,4.72,4.91,-0.1900000000000004,92.63,-0.0118052454924583,62.9,-0.1617077898020909,22127.754,2.1842401223343133,10.461286328192188,99.3183,11.98,-0.0878457533417493,4.12,1335.8499755859375,0.0503934451404933,1.493866693450796,4.2159275134967755,-4.999244827065397,92.63,-1.1000000000000085,-0.39000000000000057,6.918475811998492,101.3753,4.633333,1.767424883000368,2.325277937424497,3.042233,0.25,0.0309759758901626,-0.5,2.6259073757150198,19.779425058759713,-0.0878457533417493
2006-12-31,119.241580478205,1.937332,4.433333,101.5815,16561.866,2.63456037634382,4.56,5.0,-0.4400000000000004,90.24,-0.0261402755161874,60.85,-0.0331343442728585,22638.449,2.3079387090076957,10.343399121481587,100.1735,11.56,-0.0356877294430718,3.95,1418.300048828125,0.0598912306597022,0.8116846367862918,2.1707334984272686,-0.3439240091713036,90.24,-2.3900000000000006,-0.16000000000000014,5.913105018043985,101.2265,4.633333,2.637287971558244,2.63456037634382,2.946366,0.39000000000000057,0.0157283769584547,-1.1000000000000085,2.091541760329152,30.56683736535404,-0.0356877294430718
2007-03-31,118.871727977828,2.424095,4.5,101.9422,16611.69,1.5767249700146868,4.56,4.9,-0.3400000000000007,91.31,0.0117875228785,65.94,0.0803334182100486,23040.774,1.7771756360164035,9.37366313701611,100.9547,14.64,0.2362066452889341,3.98,1420.8599853515625,0.0018033060386475,-0.4274204446943264,2.5308035115800154,-0.46792452830188846,91.31,1.0700000000000074,0.0,3.642812352843716,101.2501,4.433333,2.435291624641822,1.5767249700146868,3.83263,-0.39000000000000057,0.036635654200431,-2.3900000000000006,1.9803386251444621,-4.999244827065397,0.2362066452889341
2007-06-30,117.543446984268,2.650684,4.5,102.1919,16713.314,1.9343747200181167,5.1,4.91,0.1899999999999995,89.89,-0.0156736100429408,70.47,0.0664418496953461,23667.946,2.7220092519461225,9.296726512163932,101.7893,16.23,0.1031038729933343,4.02,1503.3499755859375,0.0564336232354597,-1.3521386441368466,2.7140344521729087,-4.692994319718691,89.89,-1.4200000000000017,0.54,1.493866693450796,101.5815,4.5,2.4172410978660075,1.9343747200181167,3.739951,-0.16000000000000014,-0.0192359702957551,1.0700000000000074,4.2159275134967755,-0.3439240091713036,0.1031038729933343
2007-09-30,115.378590892797,2.360478,4.666667,101.9974,16809.587,2.368036077306624,4.52,4.05,0.4699999999999997,87.21,-0.0302676973464137,81.64,0.1471322506027129,24209.676,2.2888762717305555,9.4086458119518,102.0894,18.0,0.1035103763696649,4.41,1526.75,0.0154453581013561,-2.622155983829899,2.7901202497425004,29.793322734499217,87.21,-2.680000000000007,-0.5800000000000001,0.8116846367862918,101.9422,4.5,2.6795591420700315,2.368036077306624,3.6471,0.0,0.0503934451404933,-1.4200000000000017,2.1707334984272686,-0.46792452830188846,0.1035103763696649
2007-12-31,112.128582264457,3.974384,4.8,101.6229,16915.191,2.133364682457861,4.1,3.34,0.7599999999999998,84.43,-0.0323962145574854,95.95,0.1615078845120648,24691.757,1.9912740674431275,9.070002984745118,102.3803,22.5,0.2231435513142097,4.6,1468.3599853515625,-0.0389951713615627,-5.965199542996757,2.2029778334589523,57.68282662284305,84.43,-2.779999999999987,-0.41999999999999993,-0.4274204446943264,102.1919,4.666667,2.7943177733637192,2.133364682457861,4.010283,0.54,0.0598912306597022,-2.680000000000007,2.5308035115800154,-4.692994319718691,0.2231435513142097
2008-03-31,108.665834340447,4.095428,5.0,101.1763,16843.003,1.3924712055185309,3.51,1.55,1.96,81.5,-0.0353197684345915,101.54,0.0566255870655392,25019.455,1.3271554551585796,8.587736679332036,101.5336,25.61,0.1294675910010594,4.77,1322.699951171875,-0.1044710566251753,-8.585635803396919,0.5734255066876637,53.988474370639985,81.5,-2.930000000000007,-0.5899999999999999,-1.3521386441368466,101.9974,4.8,2.1842401223343133,1.3924712055185309,3.335591,-0.5800000000000001,0.0018033060386475,-2.779999999999987,2.7140344521729087,29.793322734499217,0.1294675910010594
2008-06-30,104.589139206153,4.379385,5.333333,100.2967,16943.291,1.3760107660276244,4.1,2.36,1.7399999999999998,82.41,0.0111037685284751,139.96,0.3209038579802389,25185.007,0.6616930704525625,6.409770412692351,100.0335,23.95,-0.0670145763545096,4.9,1280.0,-0.0328149872028433,-11.020867696562275,-1.724935725071297,98.60933730665533,82.41,0.9099999999999966,0.5899999999999999,-2.622155983829899,101.6229,5.0,2.3079387090076957,1.3760107660276244,1.937332,-0.41999999999999993,0.0564336232354597,-2.930000000000007,2.7901202497425004,57.68282662284305,-0.0670145763545096
2008-09-30,100.879193561927,5.302814,6.0,98.22334,16854.295,0.2659672721286865,3.69,1.78,1.91,85.33,0.0348193037732013,100.7,-0.3292108677749707,25446.404,1.0379071961345687,5.108403763850444,93.7895,39.39,0.4975436531258904,4.8,1166.3599853515625,-0.0929723023592234,-12.566800494505948,-8.130031129578574,23.34639882410583,85.33,2.9200000000000017,-0.4099999999999997,-5.965199542996757,101.1763,5.333333,1.7771756360164035,0.2659672721286865,2.424095,-0.5899999999999999,0.0154453581013561,0.9099999999999966,2.2029778334589523,53.988474370639985,0.4975436531258904
2008-12-31,99.4926215315527,1.601687,6.866667,95.66187,16485.35,-2.5411536884212604,2.42,0.37,2.05,89.56,0.0483826991820606,44.6,-0.8144119406984982,25207.752,-0.9378613968401894,2.0897459828395304,90.8357,40.0,0.0153674771311218,5.64,903.25,-0.2556436845266899,-11.269170159578213,-11.276192783181926,-53.517457008858784,89.56,4.230000000000004,-1.27,-8.585635803396919,100.2967,6.0,2.7220092519461225,-2.5411536884212604,2.650684,0.5899999999999999,-0.0389951713615627,2.9200000000000017,0.5734255066876637,98.60933730665533,0.0153674771311218
2009-03-31,99.5591214180201,-0.04023253,8.266666,94.78019,16298.262,-3.234227293078318,2.82,0.57,2.25,93.47,0.0427317374639378,49.64,0.107063101310388,25034.341,-0.6879272693574578,0.0594976988907092,86.6528,44.14,0.0984869467146539,6.51,797.8699951171875,-0.1240536992367511,-8.380474854585696,-14.656035046526473,-51.11286192633445,93.47,3.9099999999999966,0.3999999999999999,-11.020867696562275,98.22334,6.866667,2.2888762717305555,-3.234227293078318,2.360478,-0.4099999999999997,-0.1044710566251753,4.230000000000004,-1.724935725071297,23.34639882410583,0.0984869467146539
2009-06-30,97.77330294517,-1.150445,9.3,95.88248,16269.145,-3.9788374053187248,3.72,0.56,3.16,88.36,-0.0562211506425756,69.82,0.3411235413404834,24918.068,-0.4644540073972858,-1.0599123518210685,84.7459,26.35,-0.515898125841219,6.77,919.3200073242188,0.1416886034927275,-6.516772499244383,-15.282480369076357,-50.11431837667906,88.36,-5.109999999999999,0.9000000000000004,-12.566800494505948,95.66187,8.266666,1.9912740674431275,-3.9788374053187248,3.974384,-1.27,-0.0328149872028433,3.9099999999999966,-8.130031129578574,-53.517457008858784,-0.515898125841219
2009-09-30,96.6643830424593,-1.62336,9.633333,97.51221,16326.281,-3.1328157006863644,3.4,0.4,3.0,85.99,-0.0271883681291113,70.46,0.0091246712362016,24706.482,-0.8491268263655094,-2.907766456902905,87.4063,25.61,-0.0284853747759375,6.49,1057.0799560546875,0.1396313530536158,-4.178077134290659,-6.805879122929537,-30.029791459781542,85.99,-2.3700000000000045,-0.3200000000000003,-11.269170159578213,94.78019,9.3,1.3271554551585796,-3.1328157006863644,4.095428,0.3999999999999999,-0.0929723023592234,-5.109999999999999,-11.276192783181926,-51.11286192633445,-0.0284853747759375
2009-12-31,95.8740696963134,1.443934,9.933333,98.84718,16502.754,0.1055725234829774,3.59,0.47,3.12,84.11,-0.0221055444484591,79.39,0.1193272428239305,24496.841,-0.8485263098161888,-2.8202078471733616,88.3793,21.68,-0.1665927236399884,6.33,1115.0999755859375,0.0534337167399176,-3.6370052166046607,-2.704223119324234,78.00448430493275,84.11,-1.8799999999999955,0.18999999999999995,-8.380474854585696,95.88248,9.633333,0.6616930704525625,0.1055725234829774,4.379385,0.9000000000000004,-0.2556436845266899,-2.3700000000000045,-14.656035046526473,-50.11431837667906,-0.1665927236399884
2010-03-31,94.634796605452,2.360525,9.833333,99.63284,16582.71,1.7452658449103264,3.73,0.41,3.32,84.68,0.0067539802923185,83.45,0.049875234370822,24354.295,-0.5818954370483964,-2.716452572088879,90.2928,17.59,-0.2090596178219786,5.78,1169.4300537109375,0.0475724314460383,-4.946131245867747,4.200672107537207,68.11039484286864,84.68,0.5700000000000074,0.14000000000000012,-6.516772499244383,97.51221,9.933333,1.0379071961345687,1.7452658449103264,5.302814,-0.3200000000000003,-0.1240536992367511,-1.8799999999999955,-15.282480369076357,-30.029791459781542,-0.2090596178219786
2010-06-30,93.9936507929743,1.767765,9.633333,99.60513,16743.162,2.91359502911801,3.2,0.32,2.8800000000000003,87.37,0.0312725280433387,75.59,-0.0989236508037586,24225.045,-0.530707212013326,-2.781206793399882,91.9928,34.54,0.6747875139690658,5.1,1030.7099609375,-0.1262686492820759,-3.865730253907129,8.551328146848402,8.264107705528524,87.37,2.6899999999999977,-0.5299999999999998,-4.178077134290659,98.84718,9.833333,-0.9378613968401894,2.91359502911801,1.601687,0.18999999999999995,0.1416886034927275,0.5700000000000074,-6.805879122929537,78.00448430493275,0.6747875139690658
2010-09-30,92.2847583329001,1.175609,9.466666,99.61214,16872.266,3.344209253779229,2.65,0.27,2.38,83.95,-0.0399305907864533,79.95,0.0560774399758779,24202.399,-0.09348176649413,-2.0402864317145557,92.9537,23.7,-0.376643024577447,4.58,1141.199951171875,0.1018324503114723,-4.530753284418609,6.346682104150392,13.46863468634687,83.95,-3.4200000000000017,-0.5500000000000003,-3.6370052166046607,99.63284,9.633333,-0.6879272693574578,3.344209253779229,-0.04023253,0.14000000000000012,0.1396313530536158,2.6899999999999977,-2.704223119324234,68.11039484286864,-0.376643024577447
2010-12-31,90.7799135047109,1.270248,9.5,100.1113,16960.864,2.7759609093124693,3.29,0.29,3.0,81.71,-0.0270449901269338,91.38,0.1336251968551622,24132.748,-0.2877855207659485,-1.4862855173856993,93.6787,17.75,-0.2890895322196606,4.14,1257.6400146484375,0.0971566628797646,-5.313382656789811,5.996200467756596,15.102657765461647,81.71,-2.240000000000009,0.6400000000000001,-4.946131245867747,99.60513,9.466666,-0.4644540073972858,2.7759609093124693,-1.150445,-0.5299999999999998,0.0534337167399176,-3.4200000000000017,4.200672107537207,8.264107705528524,-0.2890895322196606
2011-03-31,88.0098902595533,2.141127,9.033334,100.3613,16920.632,2.037797199613345,3.41,0.3,3.1100000000000003,79.88,-0.0226508848490015,106.19,0.1502033062806288,24119.472,-0.0550123840020178,-0.964195432468884,94.0788,17.74,-0.0005635390399914,3.82,1325.8299560546875,0.0528016848206529,-7.000497262670747,4.193025357503588,27.249850209706405,79.88,-1.8299999999999983,0.1200000000000001,-3.865730253907129,99.61214,9.5,-0.8491268263655094,2.037797199613345,-1.62336,-0.5500000000000003,0.0475724314460383,-2.240000000000009,8.551328146848402,13.46863468634687,-0.0005635390399914
2011-06-30,86.4094299863782,3.430395,9.066667,99.78638,17035.114,1.7437088645501977,3.0,0.19,2.81,78.96,-0.0115841134223883,95.3,-0.1082001317555978,24141.256,0.0903170683006715,-0.3458775824771276,94.172,16.52,-0.0712502087886013,3.65,1320.6400146484375,-0.0039221665969712,-8.068865016532566,2.3688810428642126,26.074877629316042,78.96,-0.9200000000000017,-0.41000000000000014,-4.530753284418609,100.1113,9.033334,-0.8485263098161888,1.7437088645501977,1.443934,0.6400000000000001,-0.1262686492820759,-1.8299999999999983,6.346682104150392,15.102657765461647,-0.0712502087886013
2011-09-30,86.2760501885867,3.756174,9.0,99.13931,17031.313,0.9426534645672336,1.98,0.13,1.85,80.98,0.025260815478789,78.93,-0.1884684269398452,24212.82,0.2964385945785075,0.043057715063699,95.1961,42.96,0.9556976821077772,3.45,1131.4200439453125,-0.1546429588484064,-6.511051502825749,2.4123837996766095,-1.275797373358345,80.98,2.0200000000000102,-1.02,-5.313382656789811,100.3613,9.066667,-0.5818954370483964,0.9426534645672336,2.360525,0.1200000000000001,0.1018324503114723,-0.9200000000000017,5.996200467756596,27.249850209706405,0.9556976821077772
2011-12-31,86.1383699779629,3.293777,8.633333,99.52255,17222.583,1.543075871606514,1.98,0.12,1.86,82.1,0.0137358058543673,98.83,0.2248398186677813,24297.681,0.3504796219523376,0.6834406094158973,96.3571,23.4,-0.6075334278369536,3.25,1257.5999755859375,0.1057316034539904,-5.112963151817873,2.859134467066693,8.152768658349752,82.1,1.1199999999999903,0.0,-7.000497262670747,99.78638,9.0,-0.530707212013326,1.543075871606514,1.767765,-0.41000000000000014,0.0971566628797646,2.0200000000000102,4.193025357503588,26.074877629316042,-0.6075334278369536
2012-03-31,85.949647282451,2.815192,8.266666,99.95192,17367.01,2.6380693108862374,2.17,0.19,1.98,81.23,-0.0106533793955199,103.03,0.041619005568884,24325.59,0.1148628134512108,0.8545709458316342,96.74,15.5,-0.4118959984384546,3.06,1408.469970703125,0.1132988647728481,-2.3409221066250208,2.8286925428470555,-2.975798097749316,81.23,-0.8699999999999903,0.18999999999999995,-8.068865016532566,99.13931,8.633333,-0.09348176649413,2.6380693108862374,1.175609,-1.02,0.0528016848206529,1.1199999999999903,2.3688810428642126,-1.275797373358345,-0.4118959984384546
2012-06-30,87.0782780077535,1.889765,8.2,99.71552,17444.525,2.403335839137921,1.62,0.21,1.41,84.19,0.0357915122867101,85.04,-0.191898473923284,24413.329,0.3606860100823894,1.1270043281923714,97.6663,17.08,0.0970681644352227,2.92,1362.1600341796875,-0.0334322878299134,0.7740451724779662,3.7105509068513065,-10.766002098635873,84.19,2.9599999999999937,-0.5499999999999998,-6.511051502825749,99.52255,8.266666,-0.2877855207659485,2.403335839137921,1.270248,0.0,-0.0039221665969712,-0.8699999999999903,2.4123837996766095,8.152768658349752,0.0970681644352227
2012-09-30,87.8780672190928,1.697784,8.033334,99.62157,17469.65,2.5737123144880414,1.72,0.17,1.55,81.8,-0.0287989057408712,92.18,0.0806214532586696,24600.402,0.766274030059555,1.600730522095306,97.381,15.73,-0.0823384712902372,2.82,1440.6700439453125,0.0560366134384083,1.856850223212958,2.2951570495009843,16.78702647915875,81.8,-2.3900000000000006,0.09999999999999987,-5.112963151817873,99.95192,8.2,-0.0550123840020178,2.5737123144880414,2.141127,0.18999999999999995,-0.1546429588484064,2.9599999999999937,2.859134467066693,-2.975798097749316,-0.0823384712902372
2012-12-31,88.7078064650898,1.889365,7.8,99.91846,17489.852,1.551852007332477,1.72,0.16,1.56,80.51,-0.0158958432968118,91.83,-0.0038041456669314,24771.868,0.6970048700830178,1.9515730739900536,98.3101,18.02,0.1359125351100053,2.71,1426.18994140625,-0.0101018017968799,2.9829174707906025,2.0268355938483085,-7.082869574015982,80.51,-1.289999999999992,0.0,-2.3409221066250208,99.71552,8.033334,0.0903170683006715,1.551852007332477,3.430395,-0.5499999999999998,0.1057316034539904,-2.3900000000000006,2.8286925428470555,-10.766002098635873,0.1359125351100053
2013-03-31,90.224771370431,1.681829,7.733333,100.3331,17662.4,1.700868485709428,1.96,0.14,1.82,82.28,0.021746664472867,97.24,0.0572431078224917,24798.356,0.1069277456185346,1.9434924291661604,99.1921,12.7,-0.3498802587156464,2.64,1569.18994140625,0.0955530134548053,4.973986773826922,2.534732272069462,-5.619722410948269,82.28,1.769999999999996,0.24,0.7740451724779662,99.62157,7.8,0.2964385945785075,1.700868485709428,3.756174,0.09999999999999987,0.1132988647728481,-1.289999999999992,3.7105509068513065,16.78702647915875,-0.3498802587156464
2013-06-30,91.9708217625071,1.39285,7.533333,100.6512,17709.671,1.5199382041070075,2.3,0.15,2.15,83.06,0.0094351734178511,96.36,-0.0090909717012519,25005.821,0.8366078783609732,2.426920146777189,99.3897,16.86,0.2833419591091638,2.53,1606.280029296875,0.0233614394498837,5.618558229088966,1.7645800035426706,13.311382878645329,83.06,0.7800000000000011,0.33999999999999986,1.856850223212958,99.91846,7.733333,0.3504796219523376,1.5199382041070075,3.293777,0.0,-0.0334322878299134,1.769999999999996,2.2951570495009843,-7.082869574015982,0.2833419591091638
2013-09-30,93.0129268939342,1.553359,7.233333,100.7475,17860.45,2.237022493295515,2.81,0.1,2.71,82.86,-0.0024108015533517,102.36,0.0604048335449174,25246.055,0.9607123077462588,2.62456280185992,100.161,16.6,-0.0155412572112116,2.44,1681.550048828125,0.0457950513802674,5.8431640992279155,2.854766330187619,11.043610327619868,82.86,-0.20000000000000284,0.5100000000000002,2.9829174707906025,100.3331,7.533333,0.1148628134512108,2.237022493295515,2.815192,0.24,0.0560366134384083,0.7800000000000011,2.0268355938483085,-5.619722410948269,-0.0155412572112116
2013-12-31,93.6104804185167,1.233471,6.933333,100.7515,18016.147,3.0091449601746367,2.9,0.13,2.77,82.06,-0.0097017496352157,98.17,-0.0417953415871579,25547.606,1.194448003856441,3.131528070470901,100.5175,13.72,-0.1905480730647584,2.38,1848.3599853515625,0.0945827353681226,5.526767202113492,2.245344069429267,6.904061853424803,82.06,-0.7999999999999972,0.08999999999999986,4.973986773826922,100.6512,7.233333,0.3606860100823894,3.0091449601746367,1.889765,0.33999999999999986,-0.0101018017968799,-0.20000000000000284,2.534732272069462,13.311382878645329,-0.1905480730647584
2014-03-31,94.2967836390594,1.405456,6.666667,100.8007,17953.974,1.6508175559380112,2.72,0.13,2.5900000000000003,83.34,0.0154779389802673,101.57,0.0340475462469796,25734.748,0.7325226481103453,3.776024507431064,101.8942,13.88,0.0115943327809192,2.32,1872.3399658203125,0.0128902157232004,4.513186574793471,2.724108069090181,4.452900041135344,83.34,1.2800000000000011,-0.17999999999999972,5.618558229088966,100.7475,6.933333,0.766274030059555,1.6508175559380112,1.697784,0.5100000000000002,0.0955530134548053,-0.7999999999999972,1.7645800035426706,11.043610327619868,0.0115943327809192
2014-06-30,94.685294524021,2.050846,6.2,100.942,18185.911,2.6891521587272926,2.6,0.11,2.49,83.38,0.0004798464583434,106.07,0.0433510375659691,25987.556,0.9823605033940864,3.9260258641377934,102.735,11.57,-0.1820334138730732,2.26,1960.22998046875,0.0458728360925034,2.9514499375936643,3.365841732090935,10.076795350767952,83.38,0.03999999999999204,-0.1200000000000001,5.8431640992279155,100.7515,6.666667,0.6970048700830178,2.6891521587272926,1.889365,0.08999999999999986,0.0233614394498837,1.2800000000000011,2.854766330187619,6.904061853424803,-0.1820334138730732
2014-09-30,95.4488500212256,1.783154,6.066667,100.9466,18406.941,3.059782928201682,2.53,0.13,2.4,84.62,0.0147621728392707,91.17,-0.1513733579205674,26171.607,0.7082274300822977,3.666125261946873,103.0641,16.31,0.3433628754273372,2.2,1972.2900390625,0.0061335206647078,2.618908154636568,2.89843352202952,-10.932004689331764,84.62,1.240000000000009,-0.07000000000000028,5.526767202113492,100.8007,6.2,0.1069277456185346,3.059782928201682,1.681829,-0.17999999999999972,0.0457950513802674,0.03999999999999204,2.245344069429267,4.452900041135344,0.3433628754273372
2014-12-31,96.8051681274448,1.248028,5.7,100.79,18500.031,2.6858351011456394,2.21,0.25,1.96,87.77,0.0365491113121046,53.45,-0.5339792581257571,26475.049,1.1594320516886911,3.630254044155845,103.7044,19.2,0.1631318624008133,2.15,2058.89990234375,0.0429764881717451,3.4127457680434903,3.170492700276073,-45.553631455638175,87.77,3.1499999999999915,-0.31999999999999984,4.513186574793471,100.942,6.066667,0.8366078783609732,2.6858351011456394,1.39285,-0.1200000000000001,0.0945827353681226,1.240000000000009,2.724108069090181,10.076795350767952,0.1631318624008133
2015-03-31,98.574511441529,-0.06269593,5.533333,100.4775,18666.621,3.9692994988184793,2.04,0.26,1.78,92.44,0.0518400288021538,47.72,-0.1133960402413389,26681.023,0.7779928943663306,3.677032314441164,101.8914,15.29,-0.2277112590927649,2.11,2067.889892578125,0.0043568996252386,4.536451443395451,-0.0027479483621140055,-53.01762331397066,92.44,4.670000000000002,-0.16999999999999993,2.9514499375936643,100.9466,5.7,0.9607123077462588,3.9692994988184793,1.553359,-0.07000000000000028,0.0128902157232004,3.1499999999999915,3.365841732090935,-10.932004689331764,-0.2277112590927649
2015-06-30,99.3463064947448,-0.03827201,5.433333,100.1404,18782.243,3.2790878609270546,2.36,0.28,2.08,92.4,-0.0004328067585414,59.48,0.220289524362239,27099.713,1.569242678588445,4.2795751936042015,100.571,18.23,0.1758695687496007,2.12,2063.110107421875,-0.0023141066517863,4.922635551966659,-2.106390227283794,-43.92382388988404,92.4,-0.03999999999999204,0.31999999999999984,2.618908154636568,100.79,5.533333,1.194448003856441,3.2790878609270546,1.233471,-0.31999999999999984,0.0458728360925034,4.670000000000002,2.89843352202952,-45.553631455638175,0.1758695687496007
2015-09-30,100.291901617658,0.1095034,5.1,99.63113,18857.418,2.447321366434552,2.17,0.33,1.84,95.55,0.0335226920386434,45.06,-0.2776451865878558,27387.493,1.0619300654586272,4.645820946340806,100.7547,24.5,0.2956045288601097,2.15,1920.030029296875,-0.0718737789665672,5.073975847121703,-2.2407414414912674,-50.57584731819678,95.55,3.1499999999999915,-0.18999999999999995,3.4127457680434903,100.4775,5.433333,0.7325226481103453,2.447321366434552,1.405456,-0.16999999999999993,0.0061335206647078,-0.03999999999999204,3.170492700276073,-53.01762331397066,0.2956045288601097
2015-12-31,101.787280446068,0.4662646,5.033333,99.25893,18892.206,2.119861312664817,2.24,0.65,1.5900000000000003,96.42,0.0090639782911943,37.13,-0.1935696668151096,27540.109,0.5572470616423519,4.022882072852818,99.0417,18.21,-0.2967022238111647,2.16,2043.93994140625,0.0625384628599467,5.146535474288116,-4.496144811599123,-30.53320860617399,96.42,0.8700000000000045,0.07000000000000028,4.536451443395451,100.1404,5.1,0.9823605033940864,2.119861312664817,2.050846,0.31999999999999984,0.0429764881717451,3.1499999999999915,-0.0027479483621140055,-43.92382388988404,-0.2967022238111647
2016-03-31,103.001953519955,1.080267,4.9,99.09669,19001.69,1.7950168913805964,1.89,0.59,1.2999999999999998,95.73,-0.0071819200192143,36.94,-0.0051302934178949,27835.902,1.0740444055613585,4.328465966241235,98.3096,13.95,-0.2664913854721421,2.15,2059.739990234375,0.0077004674663395,4.491467432787832,-3.515311400177057,-22.590108968985756,95.73,-0.6899999999999977,-0.3500000000000003,4.922635551966659,99.63113,5.033333,0.7082274300822977,1.7950168913805964,1.783154,-0.18999999999999995,0.0043568996252386,0.8700000000000045,-2.106390227283794,-50.57584731819678,-0.2664913854721421
2016-06-30,103.822044640492,1.047063,4.933333,99.10478,19062.709,1.493250832714721,1.64,0.45,1.19,96.43,0.0072856275640313,48.27,0.2675152749013077,28121.919,1.0275111616645516,3.7720178069782673,98.8833,15.63,0.1137126361660107,2.21,2098.860107421875,0.0188146348648327,4.505188268860261,-1.678117946525337,-18.846671149966365,96.43,0.7000000000000028,-0.25,5.073975847121703,99.25893,4.9,1.1594320516886911,1.493250832714721,1.248028,0.07000000000000028,-0.0023141066517863,-0.6899999999999977,-2.2407414414912674,-30.53320860617399,0.1137126361660107
2016-09-30,105.009110012726,1.117615,4.9,99.25753,19197.938,1.8057615310855144,1.63,0.59,1.04,96.61,0.0018648990071251,47.72,-0.0114596524426862,28467.669,1.2294680174564254,3.944048474973605,98.7457,13.29,-0.1621802717082313,2.29,2168.27001953125,0.0325352322089481,4.703478864177257,-1.9939516469206886,5.903240124278741,96.61,0.1799999999999926,-0.010000000000000009,5.146535474288116,99.09669,4.933333,0.7779928943663306,1.8057615310855144,-0.06269593,-0.3500000000000003,-0.0718737789665672,0.7000000000000028,-4.496144811599123,-22.590108968985756,-0.1621802717082313
2016-12-31,106.145280524029,1.800621,4.766667,99.67922,19304.352,2.1815663030564147,2.49,0.85,1.64,101.16,0.0460211662723462,53.75,0.1189930697780568,28626.556,0.5581314016261718,3.9449625998212223,99.0214,14.04,0.0548985258725111,2.37,2238.830078125,0.0320238193002406,4.281478057830701,-0.02049641716570516,44.76164826286022,101.16,4.549999999999997,0.8600000000000003,4.491467432787832,99.10478,4.9,1.569242678588445,2.1815663030564147,-0.03827201,-0.25,0.0625384628599467,0.1799999999999926,-3.515311400177057,-18.846671149966365,0.0548985258725111
2017-03-31,106.878052599422,2.53932,4.566667,99.9113,19398.343,2.0874616941966906,2.48,1.03,1.45,99.28,-0.0187592809054125,50.54,-0.061578565047724,28966.27,1.186709291889665,4.060827631883468,99.0137,12.37,-0.1266362121932684,2.4,2362.719970703125,0.0538600424672083,3.7631316174174145,0.7162067590550603,36.81645912290201,99.28,-1.8799999999999955,-0.010000000000000231,4.505188268860261,99.25753,4.766667,1.0619300654586272,2.0874616941966906,0.1095034,-0.010000000000000009,0.0077004674663395,4.549999999999997,-1.678117946525337,5.903240124278741,-0.1266362121932684
2017-06-30,108.499027862779,1.901991,4.366667,99.94785,19506.949,2.3304137937582903,2.19,1.24,0.95,96.84,-0.024884008826494,46.02,-0.0936890173528282,29365.576,1.378520603446698,4.4223760121064215,100.3471,11.18,-0.1011477186774433,2.49,2423.409912109375,0.0253621176296828,4.504807469822181,1.4803308546539107,-4.661280298321935,96.84,-2.4399999999999977,-0.29000000000000004,4.703478864177257,99.67922,4.566667,0.5572470616423519,2.3304137937582903,0.4662646,0.8600000000000003,0.0188146348648327,-1.8799999999999955,-1.9939516469206886,44.76164826286022,-0.1011477186774433
2017-09-30,109.745083635889,1.966925,4.333333,100.1694,19660.766,2.410821412174591,2.2,1.31,0.8900000000000001,93.57,-0.0343503127820362,51.67,0.1158012576918733,29686.352,1.0923538499636454,4.280937086910752,99.7954,9.51,-0.1617825911696542,2.54,2519.360107421875,0.0388293406791509,4.5100597677564025,1.0630336308315114,8.277451802179382,93.57,-3.2700000000000102,0.010000000000000231,4.281478057830701,99.9113,4.366667,1.0740444055613585,2.410821412174591,1.080267,-0.010000000000000231,0.0325352322089481,-2.4399999999999977,-0.02049641716570516,36.81645912290201,-0.1617825911696542
2017-12-31,110.741816962729,2.117558,4.166667,100.5725,19882.352,2.9941434967617697,2.4,1.76,0.6399999999999999,94.38,0.0086193670104199,60.46,0.1571046470522187,30185.758,1.6822747368892,5.446697814434964,101.4644,11.04,0.1491811642916502,2.48,2673.610107421875,0.0594247156533476,4.330419982883216,2.467143465957866,12.483720930232556,94.38,0.8100000000000023,0.19999999999999973,3.7631316174174145,99.94785,4.333333,1.0275111616645516,2.9941434967617697,1.047063,-0.29000000000000004,0.0320238193002406,-3.2700000000000102,0.7162067590550603,-4.661280298321935,0.1491811642916502
2018-03-31,111.993606873921,2.214195,4.033333,100.905,20044.077,3.328810094759116,2.84,2.09,0.75,92.18,-0.0235859990058791,64.87,0.0704032778736521,30413.27,0.7537064333451582,4.995465415464273,102.2067,19.97,0.5927061065787745,2.5,2640.8701171875,-0.0123212066066953,4.786346822459464,3.224806264183644,28.35377918480413,92.18,-2.1999999999999886,0.43999999999999995,4.504807469822181,100.1694,4.166667,1.2294680174564254,3.328810094759116,1.117615,0.010000000000000231,0.0538600424672083,0.8100000000000023,1.4803308546539107,8.277451802179382,0.5927061065787745
2018-06-30,112.698004980836,2.711887,3.933333,100.866,20150.476,3.2989628465220244,2.91,2.33,0.5800000000000001,96.91,0.0500395254540962,74.13,0.1334350414436643,30982.652,1.8721498872038331,5.506706219554469,103.198,16.09,-0.216033186423432,2.5,2718.3701171875,0.0289240263814609,3.8700596685230515,2.8410387544831828,61.08213820078225,96.91,4.72999999999999,0.07000000000000028,4.5100597677564025,100.5725,4.033333,0.5581314016261718,3.2989628465220244,1.800621,0.19999999999999973,0.0253621176296828,-2.1999999999999886,1.0630336308315114,12.483720930232556,-0.216033186423432
2018-09-30,113.749117494993,2.64094,3.766667,100.5482,20276.154,3.130030640718684,3.0,2.59,0.4100000000000001,97.62,0.0072996777125427,73.16,-0.0131714851459634,31297.757,1.017036888901579,5.428100428102467,104.1004,12.12,-0.2833409803631234,2.52,2913.97998046875,0.0694873585482402,3.6484858605498216,4.313826088176409,41.59086510547705,97.62,0.710000000000008,0.08999999999999986,4.330419982883216,100.905,3.933333,1.186709291889665,3.130030640718684,2.53932,0.43999999999999995,0.0388293406791509,4.72999999999999,2.467143465957866,28.35377918480413,-0.2833409803631234
2018-12-31,114.560196731927,2.203131,3.833333,99.93317,20304.874,2.125110751484538,2.83,2.63,0.2000000000000001,98.55,0.0094816431397276,45.15,-0.4826585436596705,31649.593,1.124157235932266,4.849422697949146,104.0936,25.42,0.7406792851201397,2.54,2506.85009765625,-0.1504928137560783,3.4480017340541735,2.5912536810940523,-25.322527290770758,98.55,0.9299999999999926,-0.16999999999999993,4.786346822459464,100.866,3.766667,1.378520603446698,2.125110751484538,1.901991,0.07000000000000028,0.0594247156533476,0.710000000000008,3.224806264183644,61.08213820078225,0.7406792851201397
2019-03-31,115.708404627779,1.644936,3.866667,99.43452,20431.641,1.9335587266003704,2.57,2.4,0.1699999999999999,97.69,-0.008764833933878,60.19,0.287515945696685,31930.827,0.8885864661829945,4.989785708672567,102.8757,13.71,-0.6174107721870851,2.54,2834.39990234375,0.122803216242387,3.31697304654186,0.6545559146318158,-7.214428857715438,97.69,-0.8599999999999994,-0.26000000000000023,3.8700596685230515,100.5482,3.833333,1.0923538499636454,1.9335587266003704,1.966925,0.08999999999999986,-0.0123212066066953,0.9299999999999926,2.8410387544831828,41.59086510547705,-0.6174107721870851
2019-06-30,116.407017775045,1.811376,3.633333,99.09541,20602.275,2.242125694698238,2.07,1.92,0.1499999999999999,98.75,0.01079220411638,58.2,-0.0336208708222871,32290.786,1.1273087289596306,4.222149866318747,102.4375,15.08,0.0952438690055869,2.59,2941.760009765625,0.0371778048977228,3.291107766139878,-0.7369328862962377,-21.48927559692432,98.75,1.0600000000000023,-0.5,3.6484858605498216,99.93317,3.866667,1.6822747368892,2.242125694698238,2.117558,-0.16999999999999993,0.0289240263814609,-0.8599999999999994,4.313826088176409,-25.322527290770758,0.0952438690055869
2019-09-30,117.657063019342,1.757488,3.6,98.95823,20843.322,2.797216868642849,1.7,1.75,-0.05,100.11,0.013678177650161,54.09,-0.0732360288540565,32664.593,1.1576274420820765,4.3672011384074505,102.2917,16.24,0.0741079721537218,2.6,2976.739990234375,0.0118206936815151,3.435583159158151,-1.7374573008364869,-26.06615636960087,100.11,1.3599999999999994,-0.3699999999999999,3.4480017340541735,99.43452,3.633333,0.7537064333451582,2.797216868642849,2.214195,-0.26000000000000023,0.0694873585482402,1.0600000000000023,2.5912536810940523,-7.214428857715438,0.0741079721537218
2019-12-31,119.158664152198,2.032914,3.6,99.17158,20985.448,3.3517765241980912,1.86,1.59,0.27,98.12,-0.0200783620411037,61.14,0.1225169905793527,32941.707,0.8483620169398742,4.082561188069622,101.7003,13.78,-0.1642590691480193,2.61,3230.780029296875,0.0818948645232377,4.014018438735323,-2.2991807373363926,35.41528239202658,98.12,-1.9899999999999949,0.16000000000000014,3.31697304654186,99.09541,3.6,1.8721498872038331,3.3517765241980912,2.711887,-0.5,-0.1504928137560783,1.3599999999999994,0.6545559146318158,-21.48927559692432,-0.1642590691480193
2020-03-31,121.029317602844,2.118652,3.833333,97.75912,20709.212,1.3585350290757248,0.87,0.17,0.7,102.42,0.0428907866441155,20.51,-1.092253744378399,33855.658,2.774449423644021,6.028127614734191,97.4078,53.54,1.357210772506694,2.69,2584.590087890625,-0.2231566811812048,4.598553572821085,-5.315054964389065,-65.92457218807111,102.42,4.299999999999997,-0.9900000000000001,3.291107766139878,98.95823,3.6,1.017036888901579,1.3585350290757248,2.64094,-0.3699999999999999,0.122803216242387,-1.9899999999999949,-0.7369328862962377,-26.06615636960087,1.357210772506694
2020-06-30,122.255809233522,0.3642956,13.0,96.27989,19077.992,-7.39861495878491,0.73,0.16,0.57,101.77,-0.0063666408305641,39.27,0.6495482965056291,34521.688,1.9672634925600896,6.908788160189117,91.5934,30.43,-0.5650000741833268,2.45,3100.2900390625,0.181928746065993,5.024432006135315,-10.586064673581452,-32.52577319587628,101.77,-0.6500000000000057,-0.14,3.435583159158151,99.17158,3.833333,1.124157235932266,-7.39861495878491,2.203131,0.16000000000000014,0.0371778048977228,4.299999999999997,-1.7374573008364869,35.41528239202658,-0.5650000741833268
2020-09-30,125.870959256677,1.222386,8.8,98.85346,20558.879,-1.3646720997737227,0.68,0.12,0.56,99.25,-0.0250734456365403,40.05,0.0196678049244498,34736.284,0.6216266133915571,6.342313831983137,95.9669,26.37,-0.1432019635436844,1.99,3363.0,0.0813377646556849,6.981218149211066,-6.183101854793705,-25.95673876871881,99.25,-2.519999999999996,-0.04999999999999993,4.014018438735323,97.75912,13.0,0.8885864661829945,-1.3646720997737227,1.644936,-0.9900000000000001,0.0118206936815151,-0.6500000000000057,-2.2991807373363926,-65.92457218807111,-0.1432019635436844
2020-12-31,130.825282385654,1.239488,6.766667,100.0358,20791.917,-0.9222152417236896,0.93,0.1,0.8300000000000001,95.07,-0.0430284571963608,48.35,0.1883375483849351,35072.866,0.9689637498357716,6.469485628052007,98.363,22.75,-0.1476618549682359,2.1,3756.070068359375,0.1105397834616375,9.790826639810724,-3.28150457766595,-20.9192018318613,95.07,-4.180000000000007,0.25,4.598553572821085,96.27989,8.8,1.1273087289596306,-0.9222152417236896,1.811376,-0.14,0.0818948645232377,-2.519999999999996,-5.315054964389065,-32.52577319587628,-0.1476618549682359
2021-03-31,134.030300409343,1.898514,6.233333,101.0647,21082.134,1.8007541764505586,1.61,0.07,1.54,96.76,0.0176202233708876,59.19,0.2022863868033302,35513.128,1.2552780830628274,4.895695720933846,98.3856,19.4,-0.159292079327677,1.88,3972.889892578125,0.0561205463041948,10.742011162255372,1.0038210492383515,188.59093125304724,96.76,1.690000000000012,0.68,5.024432006135315,98.85346,6.766667,1.1576274420820765,1.8007541764505586,1.757488,-0.04999999999999993,-0.2231566811812048,-4.180000000000007,-10.586064673581452,-25.95673876871881,-0.159292079327677
2021-06-30,137.982128416549,4.848945,5.933333,101.3568,21440.929,12.385669309432568,1.52,0.07,1.45,97.19,0.0044341397735527,73.52,0.2168048693447979,36492.706,2.7583546005860216,5.709506441284096,99.7987,15.83,-0.2033661921763615,1.59,4297.5,0.0785396957509021,12.8634535091809,8.958396565691418,87.21670486376367,97.19,0.4299999999999926,-0.09000000000000008,6.981218149211066,100.0358,6.233333,0.8483620169398742,12.385669309432568,2.032914,0.25,0.181928746065993,1.690000000000012,-6.183101854793705,-20.9192018318613,-0.2033661921763615
2021-09-30,142.267464049887,5.335693,5.066667,101.1822,21617.828,5.150810995093647,1.37,0.09,1.28,98.68,0.0152144661457767,75.22,0.0228596749947588,37004.841,1.403390036354124,6.530799322115177,98.8579,23.14,0.3796558478726097,1.53,4307.5400390625,0.0023335262992106,13.026439847633252,3.0124970172007215,87.8152309612984,98.68,1.490000000000009,-0.1499999999999999,9.790826639810724,101.0647,5.933333,2.774449423644021,5.150810995093647,2.118652,0.68,0.0813377646556849,0.4299999999999926,-3.28150457766595,188.59093125304724,0.3796558478726097
2021-12-31,145.203948652326,6.689106,4.166667,101.0861,21988.737,5.756179192135091,1.47,0.39,1.08,101.02,0.0234362253787503,75.33,0.0014613087954129,37773.874,2.078195660940696,7.701132835850943,100.5726,17.22,-0.2954912227659458,1.57,4766.18017578125,0.1011781977901806,10.990739713663134,2.2463731281071153,55.80144777662874,101.02,2.339999999999989,0.09999999999999987,10.742011162255372,101.3568,5.066667,1.9672634925600896,5.756179192135091,0.3642956,-0.09000000000000008,0.1105397834616375,1.490000000000009,1.0038210492383515,87.21670486376367,-0.2954912227659458
2022-03-31,148.597318866443,7.966707,3.866667,100.633,21932.71,4.034582077886428,2.13,1.63,0.5,102.45,0.0140563576450022,100.53,0.2885777285797253,38484.522,1.881321465730501,8.367029792475611,101.3907,20.56,0.1772759415873795,1.69,4530.41015625,-0.0507327047494721,10.868451695333636,3.0544104015221674,69.84287886467308,102.45,1.4300000000000068,0.6599999999999999,12.8634535091809,101.1822,4.166667,0.6216266133915571,4.034582077886428,1.222386,-0.1499999999999999,0.0561205463041948,2.339999999999989,8.958396565691418,87.8152309612984,0.1772759415873795
2022-06-30,150.540948036499,8.635612,3.633333,99.71288,21967.045,2.4537929303342976,3.14,2.8,0.3400000000000003,107.43,0.0474645979935423,107.76,0.0694503416847797,39151.836,1.7339802219708211,7.2867438221764225,101.018,28.71,0.3338980535460083,1.83,3785.3798828125,-0.1796662304214795,9.101772645539041,1.2217594016755706,46.57236126224158,107.43,4.980000000000004,1.0100000000000002,13.026439847633252,101.0861,3.866667,0.9689637498357716,2.4537929303342976,1.239488,0.09999999999999987,0.0785396957509021,1.4300000000000068,3.0124970172007215,55.80144777662874,0.3338980535460083
2022-09-30,148.673356279946,8.329475,3.533333,99.05516,22125.625,2.3489732641040373,3.52,4.05,-0.5299999999999998,111.27,0.0351202074911579,79.91,-0.2990055307157371,39621.446,1.1994584366362917,7.070980253637638,101.2918,31.62,0.0965443376483534,2.05,3585.6201171875,-0.0542148125946821,4.502710632286755,2.462018715752601,6.235043871310819,111.27,3.839999999999989,0.3799999999999999,10.990739713663134,100.633,3.633333,1.2552780830628274,2.3489732641040373,1.898514,0.6599999999999999,0.0023335262992106,4.980000000000004,2.2463731281071153,69.84287886467308,0.0965443376483534
2022-12-31,147.540921859391,7.101672,3.566667,98.73925,22278.345,1.3170742821654535,3.62,4.73,-1.1100000000000003,107.45,-0.0349340570810895,80.16,0.0031236359501831,39968.814,0.8767171193095669,5.810735748205209,99.7664,21.67,-0.3778610162330583,2.26,3839.5,0.0684107151898364,1.6094419117076653,-0.8016099812473643,6.411788132218232,107.45,-3.819999999999993,0.10000000000000009,10.868451695333636,99.71288,3.533333,2.7583546005860216,1.3170742821654535,4.848945,1.0100000000000002,0.1011781977901806,3.839999999999989,3.0544104015221674,46.57236126224158,-0.3778610162330583
2023-03-31,147.381040481967,5.80477,3.533333,98.59053,22439.607,2.311146228623828,3.66,4.64,-0.9799999999999996,106.84,-0.0056932348467593,75.68,-0.0575107125929317,40248.554,0.6998956736619766,4.583744082880914,101.0205,18.7,-0.1474052916877268,2.47,4109.31005859375,0.0679129956728198,-0.8185062784135222,-0.36512224493961964,-24.718989356411015,106.84,-0.6099999999999994,0.040000000000000036,9.101772645539041,99.05516,3.566667,1.403390036354124,2.311146228623828,5.335693,0.3799999999999999,-0.0507327047494721,-3.819999999999993,1.2217594016755706,6.235043871310819,-0.1474052916877268
2023-06-30,149.043363364415,3.974292,3.533333,98.70115,22580.499,2.792610476283919,3.75,5.4,-1.6500000000000004,107.27,0.0040166323675776,70.66,-0.0686342828126238,40457.113,0.5181776219836287,3.333884520766772,100.1196,13.59,-0.3191892956974885,2.75,4450.3798828125,0.0797343139974765,-0.9948022060555339,-0.8893464531073647,-34.42835931700075,107.27,0.4299999999999926,0.08999999999999986,4.502710632286755,98.73925,3.533333,2.078195660940696,2.792610476283919,6.689106,0.10000000000000009,-0.1796662304214795,-0.6099999999999994,2.462018715752601,6.411788132218232,-0.3191892956974885
2023-09-30,151.299541979656,3.51429,3.633333,98.89146,22840.989,3.233192282703889,4.38,5.46,-1.08,109.14,0.0172824411487479,90.77,0.2504491926075367,40668.132,0.5215868962276105,2.641715802093625,101.0211,17.52,0.2540088573451929,2.94,4288.0498046875,-0.037157420858572,1.7664131391269544,-0.2672476942852109,13.590289075209604,109.14,1.8700000000000045,0.6299999999999999,1.6094419117076653,98.59053,3.533333,1.881321465730501,3.233192282703889,7.966707,0.040000000000000036,-0.0542148125946821,0.4299999999999926,-0.8016099812473643,-24.718989356411015,0.2540088573451929
2023-12-31,152.407510338912,3.243401,3.8,99.07044,23033.78,3.390893713155063,4.02,4.79,-0.7700000000000005,106.67,-0.0228915051206943,71.89,-0.2331916615427556,40892.094,0.5507063860223482,2.310000992273631,100.6031,12.45,-0.3416224625975287,3.1,4769.830078125,0.1064786426309576,3.298466905445352,0.8386591076755323,-10.316866267465063,106.67,-2.469999999999999,-0.3600000000000003,-0.8185062784135222,98.70115,3.633333,1.7339802219708211,3.390893713155063,8.635612,0.08999999999999986,0.0684107151898364,1.8700000000000045,-0.36512224493961964,-34.42835931700075,-0.3416224625975287
2024-03-31,152.760309697548,3.241019,3.833333,99.40149,23082.119,2.8632943527041155,4.21,5.03,-0.8200000000000003,108.4,0.0160881323681544,83.96,0.155203321956652,41158.249,0.6508715352165684,2.2601929997286607,100.4575,13.01,0.0439976696136972,3.17,5254.35009765625,0.0967456423109405,3.6499058481265,-0.557312624665296,10.940803382663834,108.4,1.730000000000004,0.1900000000000004,-0.9948022060555339,98.89146,3.8,1.1994584366362917,2.8632943527041155,8.329475,0.6299999999999999,0.0679129956728198,-2.469999999999999,-0.8893464531073647,13.590289075209604,0.0439976696136972
2024-06-30,153.539549860848,3.198886,3.966667,99.46564,23286.508,3.1266315239534936,4.31,5.09,-0.7800000000000002,111.04,0.0240624077529486,82.83,-0.0135501803422594,41489.309,0.8043588054486905,2.551333803773903,100.894,12.44,-0.0448012052133805,3.22,5460.47998046875,0.0384803708617632,3.016696882664749,0.7734749239909133,17.22332295499576,111.04,2.6400000000000006,0.09999999999999964,1.7664131391269544,99.07044,3.833333,0.8767171193095669,3.1266315239534936,7.101672,-0.3600000000000003,0.0797343139974765,1.730000000000004,-0.2672476942852109,-10.316866267465063,-0.0448012052133805
2024-09-30,154.412835006889,2.621493,4.166667,99.67978,23478.57,2.7913896372876,3.72,3.98,-0.2599999999999998,108.79,-0.0204710783255031,68.75,-0.186313578063492,41835.494,0.8343956752810744,2.8704588644494544,99.8084,16.73,0.2962864276876992,3.2,5762.47998046875,0.0538312398076791,2.0577015544776867,-1.2004422838397089,-24.259116448165685,108.79,-2.25,-0.5899999999999994,3.298466905445352,99.40149,3.966667,0.6998956736619766,2.7913896372876,5.80477,0.1900000000000004,-0.037157420858572,2.6400000000000006,0.8386591076755323,10.940803382663834,0.2962864276876992
2024-12-31,155.442612653776,2.744968,4.133333,100.0163,23586.542,2.3997884845648576,4.39,4.16,0.2299999999999995,113.45,0.0419427927928594,72.44,0.052281896468532,41746.359,-0.2130607086891389,2.089071300677348,100.3273,17.35,0.0363889913941357,3.08,5881.6298828125,0.0204659802432014,1.991438813031432,-0.2741466217243804,0.7650577270830405,113.45,4.659999999999997,0.6699999999999995,3.6499058481265,99.46564,4.166667,0.5181776219836287,2.3997884845648576,3.974292,0.09999999999999964,0.1064786426309576,-2.25,-0.557312624665296,17.22332295499576,0.0363889913941357
2025-03-31,155.349399988534,2.7363,4.133333,99.90885,23548.21,2.0192730138857806,4.28,4.03,0.25,112.91,-0.0047711700334199,71.87,-0.0078997015348613,41932.4,0.4456460502340054,1.8809133498366213,101.0404,22.28,0.250096908666215,3.06,5611.85009765625,-0.0469534636089907,1.694871067041026,0.5802453773984029,-14.399714149595033,112.91,-0.5400000000000063,-0.10999999999999943,3.016696882664749,99.67978,4.133333,0.5215868962276105,2.0192730138857806,3.51429,-0.5899999999999994,0.0967456423109405,4.659999999999997,0.7734749239909133,-24.259116448165685,0.250096908666215
2025-06-30,154.557746808787,2.445232,4.2,99.85506,23770.976,2.080466508761192,4.38,3.96,0.4199999999999999,108.72,-0.0378152713495424,66.3,-0.0806690342885345,42224.199,0.6958795585275235,1.771275583307497,101.4785,16.73,-0.2864859000603507,3.04,6204.9501953125,0.100466941237525,0.6631496242250012,0.5793208714095943,-19.956537486417968,108.72,-4.189999999999998,0.09999999999999964,2.0577015544776867,100.0163,4.133333,0.5507063860223482,2.080466508761192,3.243401,0.6699999999999995,0.0384803708617632,-0.5400000000000063,-1.2004422838397089,0.7650577270830405,-0.2864859000603507
2025-09-30,153.894276899797,2.878037,4.333333,100.0479,24026.834,2.335167772142843,4.12,3.68,0.4399999999999999,108.27,-0.0041476625200813,63.17,-0.0483603922812077,42637.245,0.9782210433405768,1.916437272140259,101.668,16.28,-0.0272661544243383,2.98,6688.4599609375,0.0750362553979326,-0.3358257796826636,1.8631698334008018,-8.116363636363634,108.27,-0.45000000000000284,-0.2599999999999998,1.991438813031432,99.90885,4.2,0.6508715352165684,2.335167772142843,3.241019,-0.10999999999999943,0.0538312398076791,-4.189999999999998,-0.2741466217243804,-14.399714149595033,-0.0272661544243383
2025-12-31,153.937931550587,,4.45,100.4661,24065.956,2.032574338366322,4.14,3.48,0.6599999999999997,107.51,-0.0070442408256701,57.26,-0.09822720524064,,,,101.6781,14.95,-0.0852260607376989,2.94,6845.5,0.0232078546104791,-0.967997820868105,1.3463932548767987,-20.955273329652123,107.51,-0.7599999999999909,0.019999999999999574,1.694871067041026,99.85506,4.333333,0.8043588054486905,2.032574338366322,3.198886,0.09999999999999964,0.0204659802432014,-0.45000000000000284,0.5802453773984029,-19.956537486417968,-0.0852260607376989
