,us_house_price_idx,us_consumer_confidence,us_real_gdp,us_gdp_yoy_growth,us_bond_yield_10y,us_bond_yield_1y,us_term_spread,us_reer,us_reer_log_ret,us_oil_price,us_oil_log_ret,us_credit,us_credit_qoq_growth,us_credit_yoy_growth,us_industrial_production,us_vix,us_vix_log_ret,us_delinquency_rate,us_cpi,us_unemployment,us_sp500_close,us_sp500_log_ret
1919-03-31,,,,,,,,,,,,,,,4.5238,,,,,,,
1919-06-30,,,,,,,,,,,,,,,4.9277,,,,,,,
1919-09-30,,,,,,,,,,,,,,,5.197,,,,,,,
1919-12-31,,,,,,,,,,,,,,,5.1432,,,,,,,
1920-03-31,,,,,,,,,,,,,,,5.5201,,,,,,,
1920-06-30,,,,,,,,,,,,,,,5.4124,,,,,,,
1920-09-30,,,,,,,,,,,,,,,5.1162,,,,,,,
1920-12-31,,,,,,,,,,,,,,,4.2276,,,,,,,
1921-03-31,,,,,,,,,,,,,,,3.7968,,,,,,,
1921-06-30,,,,,,,,,,,,,,,3.8776,,,,,,,
1921-09-30,,,,,,,,,,,,,,,4.0122,,,,,,,
1921-12-31,,,,,,,,,,,,,,,4.1738,,,,,,,
1922-03-31,,,,,,,,,,,,,,,4.7662,,,,,,,
1922-06-30,,,,,,,,,,,,,,,5.0893,,,,,,,
1922-09-30,,,,,,,,,,,,,,,5.2509,,,,,,,
1922-12-31,,,,,,,,,,,,,,,5.951,,,,,,,
1923-03-31,,,,,,,,,,,,,,,6.0856,,,,,,,
1923-06-30,,,,,,,,,,,,,,,6.2472,,,,,,,
1923-09-30,,,,,,,,,,,,,,,5.951,,,,,,,
1923-12-31,,,,,,,,,,,,,,,5.7894,,,,,,,
1924-03-31,,,,,,,,,,,,,,,5.9241,,,,,,,
1924-06-30,,,,,,,,,,,,,,,5.2509,,,,,,,
1924-09-30,,,,,,,,,,,,,,,5.5471,,,,,,,
1924-12-31,,,,,,,,,,,,,,,5.951,,,,,,,
1925-03-31,,,,,,,,,,,,,,,6.1395,,,,,,,
1925-06-30,,,,,,,,,,,,,,,6.1125,,,,,,,
1925-09-30,,,,,,,,,,,,,,,6.0856,,,,,,,
1925-12-31,,,,,,,,,,,,,,,6.5434,,,,,,,
1926-03-31,,,,,,,,,,,,,,,6.5165,,,,,,,
1926-06-30,,,,,,,,,,,,,,,6.5434,,,,,,,
1926-09-30,,,,,,,,,,,,,,,6.7588,,,,,,,
1926-12-31,,,,,,,,,,,,,,,6.705,,,,,,,
1927-03-31,,,,,,,,,,,,,,,6.8127,,,,,,,
1927-06-30,,,,,,,,,,,,,,,6.678,,,,,,,
1927-09-30,,,,,,,,,,,,,,,6.4895,,,,,,,
1927-12-31,,,,,,,,,,,,,,,6.3818,,,,,,,
1928-03-31,,,,,,,,,,,,,,,6.6242,,,,,,,
1928-06-30,,,,,,,,,,,,,,,6.7319,,,,,,,
1928-09-30,,,,,,,,,,,,,,,7.0012,,,,,,,
1928-12-31,,,,,,,,,,,,,,,7.4051,,,,,,,
1929-03-31,,,,,,,,,,,,,,,7.5128,,,,,,,
1929-06-30,,,,,,,,,,,,,,,7.8359,,,,,,,
1929-09-30,,,,,,,,,,,,,,,7.809,,,,,,,
1929-12-31,,,,,,,,,,,,,,,6.9742,,,,,,,
1930-03-31,,,,,,,,,,,,,,,6.8396,,,,,,,
1930-06-30,,,,,,,,,,,,,,,6.4895,,,,,,,
1930-09-30,,,,,,,,,,,,,,,5.951,,,,,,,
1930-12-31,,,,,,,,,,,,,,,5.5201,,,,,,,
1931-03-31,,,,,,,,,,,,,,,5.6279,,,,,,,
1931-06-30,,,,,,,,,,,,,,,5.4394,,,,,,,
1931-09-30,,,,,,,,,,,,,,,4.9277,,,,,,,
1931-12-31,,,,,,,,,,,,,,,4.6585,,,,,,,
1932-03-31,,,,,,,,,,,,,,,4.3623,,,,,,,
1932-06-30,,,,,,,,,,,,,,,3.7968,,,,,,,
1932-09-30,,,,,,,,,,,,,,,4.0391,,,,,,,
1932-12-31,,,,,,,,,,,,,,,4.093,,,,,,,
1933-03-31,,,,,,,,,,,,,,,3.7968,,,,,,,
1933-06-30,,,,,,,,,,,,,,,5.4663,,,,,,,
1933-09-30,,,,,,,,,,,,,,,5.4124,,,,,,,
1933-12-31,,,,,,,,,,,,,,,4.8739,,,,,,,
1934-03-31,,,,,,,,,,,,,,,5.5201,,,,,,,
1934-06-30,,,,,,,,,,,,,,,5.5201,,,,,,,
1934-09-30,,,,,,,,,,,,,,,4.7931,,,,,,,
1934-12-31,,,,,,,,,,,,,,,5.3855,,,,,,,
1935-03-31,,,,,,,,,,,,,,,5.8971,,,,,,,
1935-06-30,,,,,,,,,,,,,,,5.8702,,,,,,,
1935-09-30,,,,,,,,,,,,,,,6.2472,,,,,,,
1935-12-31,,,,,,,,,,,,,,,6.6511,,,,,,,
1936-03-31,,,,,,,,,,,,,,,6.4626,,,,,,,
1936-06-30,,,,,,,,,,,,,,,7.1358,,,,,,,
1936-09-30,,,,,,,,,,,,,,,7.5128,,,,,,,
1936-12-31,,,,,,,,,,,,,,,8.0783,,,,,,,
1937-03-31,,,,,,,,,,,,,,,8.3475,,,,,,,
1937-06-30,,,,,,,,,,,,,,,8.2667,,,,,,,
1937-09-30,,,,,,,,,,,,,,,7.9975,,,,,,,
1937-12-31,,,,,,,,,,,,,,,6.0856,,,,,,,
1938-03-31,,,,,,,,,,,,,,,5.8971,,,,,,,
1938-06-30,,,,,,,,,,,,,,,5.7086,,,,,,,
1938-09-30,,,,,,,,,,,,,,,6.5434,,,,,,,
1938-12-31,,,,,,,,,,,,,,,7.055,,,,,,,
1939-03-31,,,,,,,,,,,,,,,7.1358,,,,,,,
1939-06-30,,,,,,,,,,,,,,,7.2435,,,,,,,
1939-09-30,,,,,,,,,,,,,,,8.0244,,,,,,,
1939-12-31,,,,,,,,,,,,,,,8.6437,,,,,,,
1940-03-31,,,,,,,,,,,,,,,8.0783,,,,,,,
1940-06-30,,,,,,,,,,,,,,,8.7514,,,,,,,
1940-09-30,,,,,,,,,,,,,,,9.1015,,,,,,,
1940-12-31,,,,,,,,,,,,,,,9.7747,,,,,,,
1941-03-31,,,,,,,,,,,,,,,10.6364,,,,,,,
1941-06-30,,,,,,,,,,,,,,,11.2288,,,,,,,
1941-09-30,,,,,,,,,,,,,,,11.4981,,,,,,,
1941-12-31,,,,,,,,,,,,,,,11.8481,,,,,,,
1942-03-31,,,,,,,,,,,,,,,12.4405,,,,,,,
1942-06-30,,,,,,,,,,,,,,,12.1443,,,,,,,
1942-09-30,,,,,,,,,,,,,,,13.1137,,,,,,,
1942-12-31,,,,,,,,,,,,,,,14.1908,,,,,,,
1943-03-31,,,,,,,,,,,,,,,14.8102,,,,,,,
1943-06-30,,,,,,,,,,,,,,,15.0256,,,,,,,
1943-09-30,,,,,,,,,,,,,,,16.2104,,,,,,,
1943-12-31,,,,,,,,,,,,,,,16.4527,,,,,,,
1944-03-31,,,,,,,,,,,,,,,16.7489,,,,,,,
1944-06-30,,,,,,,,,,,,,,,16.5874,,,,,,,
1944-09-30,,,,,,,,,,,,,,,16.6681,,,,,,,
1944-12-31,,,,,,,,,,,,,,,16.5335,,,,,,,
1945-03-31,,,,,,,,,,,,,,,16.2104,,,,,,,
1945-06-30,,,,,,,,,,,,,,,15.1333,,,,,,,
1945-09-30,,,,,,,,,,,,,,,12.0635,,,,,,,
1945-12-31,,,,,,,,,,,,85.382,,,12.0635,,,,,,,
1946-03-31,,,,,,,,,,,,88.98,4.214002951441764,,11.9558,,,,,,,
1946-06-30,,,,,,,,,,,,92.619,4.0896830748482715,,12.0097,,,,,,,
1946-09-30,,,,,,,,,,,,96.297,3.9711074401580726,,13.1137,,,,,,,
1946-12-31,,,,,,,,,,,,99.975,3.819433627215796,17.091424422009304,13.5176,,,,,,,
1947-03-31,,,2182.681,,,,,,,,,104.29,4.316079019754948,17.206113733423244,13.8407,,,,,,,
1947-06-30,,,2176.892,,,,,,,,,108.653,4.183526704382001,17.3117826795798,13.7869,,,,,,,
1947-09-30,,,2172.432,,,,,,,,,113.063,4.058792670243805,17.41071892166943,13.8946,,,,,,,
1947-12-31,,,2206.452,,,,,,,,,117.474,3.901364725860801,17.503375843961,14.2716,,,,,,,
1948-03-31,,,2239.682,2.6115130887197857,,,,,,,,121.432,3.369256175834656,16.436858759229068,14.2177,,,,6.818181818181812,4.0,,
1948-06-30,,,2276.69,4.584425869542463,,,,,,,,125.389,3.2586138744317816,15.403164201632702,14.6755,,,,9.375,3.6,,
1948-09-30,,,2289.77,5.401227748440474,,,,,,,,129.39,3.19087001252103,14.440621600346692,14.5139,,,,6.654991243432562,3.8,,
1948-12-31,,,2292.364,3.893671831519563,,,,,,,,133.391,3.0922018703145593,13.549381139656425,14.2985,,,,2.733874412644166,4.0,,
1949-03-31,,,2260.807,0.9432142598815307,,,,,,,,136.058,1.9993852658725109,12.04460109361618,13.76,,,,1.744680851063829,5.0,,
1949-06-30,,,2253.128,-1.0349235073725427,,,,,,,,138.754,1.9815078863425928,10.658829721905416,13.4638,,,,-0.9523809523809379,6.2,,
1949-09-30,,,2276.424,-0.5828532996763891,,,,,,,,141.48,1.9646280467590094,9.343844191977734,13.7061,,,,-2.504105090311981,6.6,,
1949-12-31,,,2257.352,-1.5273316105121282,,,,,,,,144.206,1.926774102346629,8.107743400979084,13.7869,,,,-1.8295218295218296,6.6,,
1950-03-31,,,2346.104,3.7728563296203443,,,,,,,,149.809,3.8854139217508354,10.10671919328523,14.5409,,,,-1.129234629861986,6.3,17.290000915527344,
1950-06-30,,,2417.682,7.3033578207718275,,,,,,,,155.474,3.7814817534326917,12.050103060091955,15.8334,,,,-0.16722408026756952,5.4,17.690000534057617,0.022871185715035432
1950-09-30,,,2511.127,10.31016190305496,,,,,,,,161.202,3.6842172967827436,13.939779474130631,16.7489,,,,2.4842105263158,4.4,19.450000762939453,0.0948475709286368
1950-12-31,,,2559.214,13.37239384907627,,,,,,,,166.929,3.5526854505527172,15.757319390316638,17.1259,,,,5.80262600592969,4.3,20.43000030517578,0.04915731447702729
1951-03-31,,,2593.967,10.564876919352262,,,,,,,,171.94,3.0018750486733747,14.772810712307006,17.3682,,,,9.475465313028764,3.4,21.479999542236328,0.050117824562345294
1951-06-30,,,2638.898,9.149921288242213,,,,,,,,177.007,2.9469582412469553,13.849904164040305,17.2605,,,,8.584589614740379,3.2,20.959999084472656,-0.024506432556405035
1951-09-30,,,2693.259,7.252998354921925,,,,,,,,182.13,2.8942358211822006,12.982469200133995,16.9374,,,,6.943303204601481,3.3,23.260000228881836,0.1041193411575653
1951-12-31,,,2699.156,5.468163272004611,,,,,,,,187.253,2.8128260034041563,12.175236178255421,17.1528,,,,5.964771817453962,3.1,23.770000457763672,0.02168914369947891
1952-03-31,,,2727.954,5.165331710079579,,,,,,,,189.293,1.0894351492366061,10.09247411887868,17.5029,,,,1.9706336939721902,2.9,24.3700008392334,0.024928601444121394
1952-06-30,,,2733.8,3.5962738991806464,,,,,,,,195.577,3.3197212786526764,10.491110521052827,17.0182,,,,2.313922097956045,3.0,24.959999084472656,0.023921604747178363
1952-09-30,,,2753.517,2.2373637292217197,,,,,,,,200.88,2.711464026956123,10.294844341953556,18.4723,,,,2.3050326546292688,3.1,24.540000915527344,-0.016970030231127406
1952-12-31,,,2843.941,5.364084180388229,,,,,,,,208.132,3.610115491835919,11.150155137701411,19.1455,,,,0.9066868152625585,2.7,26.56999969482422,0.07947827169567716
1953-03-31,,,2896.811,6.189877102033248,,,,,,,,211.975,1.8464243845252026,11.982482183704612,19.4686,,,,0.9094353921940135,2.6,25.290000915527344,-0.04937365140296112
1953-06-30,,,2919.206,6.781988440997866,3.11,,,,,,,218.127,2.9022290364429937,11.529985632257379,19.5763,,,,0.9046362608367886,2.5,24.139999389648438,-0.046538906497474455
1953-09-30,,,2902.785,5.420994313817573,2.87,,,,,,,222.132,1.8360863166870578,10.579450418160107,19.307,,,,0.9763424708974844,2.9,23.350000381469727,-0.03327318993361955
1953-12-31,,,2858.845,0.5240615047921171,2.59,,,,,,,225.767,1.6364143842400036,8.472988295889138,18.2299,,,,0.5990265818045737,4.5,24.809999465942383,0.06064977572586845
1954-03-31,,,2845.192,-1.7819250203068182,2.37,,,,,,,226.957,0.5270920905180887,7.067814600778388,18.0414,,,,1.1265490048817162,5.7,26.940000534057617,0.08236541462837481
1954-06-30,,,2848.305,-2.4287768660382403,2.38,,,,,,,231.822,2.1435778583608345,6.278452461180861,18.0953,,,,0.635039223010847,5.6,29.209999084472656,0.08089889425052418
1954-09-30,,,2880.482,-0.7683311027168682,2.38,,,,,,,237.222,2.3293733985557896,6.793258062773488,18.1222,,,,-0.2975083674228385,6.1,32.310001373291016,0.10086573728328996
1954-12-31,,,2936.852,2.728619424977574,2.51,,,,,,,244.211,2.9461854296819023,8.16948446850072,18.8762,,,,-0.37216226274656705,5.0,35.97999954223633,0.10758639345966452
1955-03-31,,102.1094,3020.746,6.170198707152275,2.68,,,,,,,248.948,1.9397160652059098,9.68950065430898,20.0071,,,,-0.519866320089124,4.6,36.58000183105469,0.01653847721922689
1955-06-30,,102.4753,3069.91,7.780241231188367,2.78,,,,,,,259.377,4.189228272570977,11.886274814297181,20.5996,,,,-0.8537490720118779,4.2,41.029998779296875,0.11480178368372866
1955-09-30,,102.4342,3111.379,8.015915391937867,2.97,,,,,,,267.356,3.076217243626078,12.702869042500264,20.8688,,,,0.14919806042521522,4.1,43.66999816894531,0.06235784886550262
1955-12-31,,102.0589,3130.068,6.579017260658704,2.96,,,,,,,277.617,3.8379538891964327,13.679154501639967,21.3535,,,,0.37355248412402897,4.2,45.47999954223633,0.04061133324905171
1956-03-31,,101.0831,3117.922,3.2169536928957188,2.96,,,,,,,282.304,1.6882971864114804,13.398782074971471,21.2997,,,,0.3732736095558131,4.2,48.47999954223633,0.06387867350156806
1956-06-30,,100.3109,3143.694,2.403458081833021,3.0,,,,,,,291.311,3.1905321922466534,12.311808680029435,21.0843,,,,1.647323099962561,4.3,46.970001220703125,-0.031642206290839976
1956-09-30,,100.4149,3140.874,0.9479719442729406,3.38,,,,,,,297.383,2.0843703121406376,11.231092625562923,21.7574,,,,1.862197392923659,3.9,45.349998474121094,-0.035098983113477415
1956-12-31,,100.6151,3192.57,1.9968256280694208,3.59,,,,,,,305.291,2.659197062374119,9.968409715543359,22.0806,,,,2.828433196873825,4.2,46.66999816894531,0.02869137781321807
1957-03-31,,100.073,3213.011,3.0497555743857596,3.41,,,,,,,309.274,1.3046568683649395,9.553530945363864,22.1883,,,,3.607288955001864,3.7,44.11000061035156,-0.056414992773757694
1957-06-30,,99.2765,3205.97,1.9809816095332389,3.8,,,,,,,318.147,2.868977023610131,9.212147841997043,21.8652,,,,3.53591160220994,4.3,47.369998931884766,0.07130256643343036
1957-09-30,,98.08414,3237.386,3.0727752848411116,3.92,,,,,,,323.451,1.6671538628370008,8.765800331558982,21.8113,,,,3.546617915904937,4.4,42.41999816894531,-0.11036918841566819
1957-12-31,,96.80237,3203.894,0.3546985657322921,3.21,,,,,,,329.585,1.8964232604010922,7.95765351746367,20.5726,,,,3.0401737242128135,5.2,39.9900016784668,-0.058990441140755134
1958-03-31,,96.84549,3120.724,-2.8722901975747894,2.98,,,,,,,330.838,0.3801750686469374,6.972458079243649,19.5225,,,,3.6252692031586653,6.7,42.099998474121094,0.05141823961329144
1958-06-30,,98.38609,3141.224,-2.019544786757199,2.97,,,,,,,336.654,1.75796008922795,5.817122273665953,19.8994,,,,2.8459622909996485,7.3,45.2400016784668,0.07193398390512647
1958-09-30,,100.3518,3213.884,-0.7259560645533125,3.76,,,,,,,342.246,1.661052594057999,5.810771956185001,20.7881,,,,2.083333333333326,7.1,50.060001373291016,0.1012406250872216
1958-12-31,,102.0516,3289.032,2.6573288629399228,3.86,,,,,,,352.516,3.0007655312260795,6.957537509292,21.6767,,,,1.7562346329469625,6.2,55.209999084472656,0.09792176627678836
1959-03-31,,103.132,3352.129,7.415106238167812,3.99,,,,,,,357.062,1.2895868556320744,7.926538063946698,22.7538,,,,0.3463803255975062,5.6,55.439998626708984,0.004157250397569175
1959-06-30,,102.8538,3427.667,9.118833932250613,4.34,,,,,,,369.456,3.4711058583663412,9.743534905273666,23.6155,,,,0.6918021445866396,5.0,58.470001220703125,0.053212492954119436
1959-09-30,,101.6909,3430.057,6.726222850606911,4.68,,,,,,,378.124,2.346152180503225,10.483102797403054,22.2421,,,,1.1760636457972984,5.5,56.880001068115234,-0.027570018791622936
1959-12-31,,100.9845,3439.832,4.584935628476705,4.69,,,,,,,389.209,2.9315780008674297,10.40888924190675,23.5885,,,,1.5188125647221273,5.3,59.88999938964844,0.05156573181177857
1960-03-31,,100.1096,3517.181,4.92379619042107,4.25,,,,,,,393.312,1.054189394387084,10.152298480375954,23.777,,,,1.5188125647221273,5.4,55.34000015258789,-0.0790135589691009
1960-06-30,,99.26097,3498.246,2.0590973393856515,4.15,,,,,,,404.512,2.847612073875183,9.488545320687702,23.2654,,,,1.7176228100309165,5.4,56.91999816894531,0.0281507639366751
1960-09-30,,98.59476,3515.385,2.487655452956039,3.8,,,,,,,410.756,1.5435883237085557,8.629973236292843,22.9153,,,,1.2307692307692353,5.5,53.52000045776367,-0.061591316679629464
1960-12-31,,98.26443,3470.278,0.8851013654155082,3.84,,,,,,,420.477,2.3666118084702426,8.033729949718516,22.1344,,,,1.3600816048962905,6.6,58.11000061035156,0.0822823522172909
1961-03-31,,98.96092,3493.703,-0.6675232238545603,3.74,,,,,,,423.016,0.6038380220559247,7.552274021641847,22.2691,,,,1.4620877252635056,6.9,65.05999755859375,0.11297210692935074
1961-06-30,,100.2508,3553.021,1.5657846818091237,3.88,,,,,,,433.052,2.3724870926868036,7.055414919705716,23.4,,,,0.7767646065518496,6.9,64.63999938964844,-0.006476478749227508
1961-09-30,,101.1059,3621.252,3.0115335873595495,3.98,,,,,,,439.847,1.569095628238637,7.082306770929714,23.8578,,,,1.249577845322536,6.7,66.7300033569336,0.03182127245120706
1961-12-31,,101.257,3692.289,6.397498989994466,4.06,,,,,,,452.605,2.9005540562968557,7.6408459915762394,24.908,,,,0.6709158000671067,6.0,71.55000305175781,0.06974187143283285
1962-03-31,,100.6418,3758.147,7.569160858836588,3.93,2.97,0.96,,,,,456.421,0.8431192761900519,7.89686442120392,25.2311,,,,1.1058981233244003,5.6,69.55000305175781,-0.02835058640649182
1962-06-30,,99.69308,3792.149,6.730272632782075,3.91,3.2,0.71,,,,,469.346,2.831815363447343,8.380979651404452,25.2042,,,,1.2399463806970434,5.5,54.75,-0.2392685935514577
1962-09-30,,99.3917,3838.776,6.0068727611334305,3.98,3.02,0.96,,,,,478.75,2.0036391063309456,8.844666440830572,25.635,,,,1.4676450967311627,5.6,56.27000045776367,0.027384172883705624
1962-12-31,,99.78554,3851.421,4.3098468185995165,3.86,3.05,0.81,,,,,492.52,2.87624020887729,8.818948089393608,25.7696,,,,1.2329223592135952,5.5,63.099998474121094,0.1145592037849352
1963-03-31,,100.2181,3893.482,3.601109802250946,3.93,3.09,0.8400000000000003,,,,,498.502,1.2145699667018617,9.219777354679138,26.4159,,,,1.1269472986410234,5.7,66.56999969482422,0.05353327566307715
1963-06-30,,100.3097,3937.183,3.824586006509767,3.99,3.19,0.8000000000000003,,,,,513.521,3.0128264279782213,9.412032913884417,27.0622,,,,1.3240648791790655,5.6,69.37000274658203,0.04120051596210602
1963-09-30,,100.1839,4023.755,4.818697418135365,4.08,3.59,0.4900000000000002,,,,,524.011,2.0427596923981772,9.453994778067877,27.2776,,,,0.9861932938855844,5.5,71.69999694824219,0.033036168052268895
1963-12-31,,100.2128,4050.147,5.159809846807195,4.13,3.83,0.2999999999999998,,,,,540.367,3.1213085221493353,9.714732396653947,27.5469,,,,1.6458196181698526,5.5,75.0199966430664,0.045263994863854934
1964-03-31,,100.4657,4135.553,6.217339646105979,4.22,3.94,0.2799999999999998,,,,,547.51,1.3218793893779557,9.831053837296544,27.9777,,,,1.4093739757456536,5.4,78.9800033569336,0.051439998455534985
1964-06-30,,100.7228,4180.592,6.182313598326505,4.17,3.78,0.3900000000000001,,,,,563.882,2.9902650179905343,9.806999129538996,28.6778,,,,1.3067624959163693,5.2,81.69000244140625,0.033736926877915796
1964-09-30,,100.872,4245.918,5.521285465939152,4.2,3.84,0.3600000000000003,,,,,574.871,1.9488119854863317,9.705903120354353,29.1625,,,,1.171875,5.1,84.18000030517578,0.030025741727692106
1964-12-31,,101.0748,4259.046,5.157812790498717,4.18,3.99,0.1899999999999995,,,,,591.322,2.861685491179755,9.42970240595744,29.9973,,,,1.1981865284974136,5.0,84.75,0.006748379292858431
1965-03-31,,101.1957,4362.111,5.478300000024183,4.21,4.03,0.17999999999999972,,,,,601.145,1.6611930555602505,9.7961681065186,30.9128,,,,1.1958629605688387,4.7,86.16000366210938,0.016500329091163266
1965-06-30,,101.0116,4417.225,5.660274908434038,4.21,3.96,0.25,,,,,619.309,3.021567175972506,9.829538804217908,31.5321,,,,1.9348597226700903,4.6,84.12000274658203,-0.023961691866463197
1965-09-30,,101.1355,4515.427,6.347484807761239,4.29,4.36,-0.07000000000000028,,,,,631.51,1.9700989328429008,9.852471250071758,32.0438,,,,1.737451737451745,4.3,89.95999908447266,0.0671207334288061
1965-12-31,,101.6879,4619.458,8.46227065873435,4.62,4.96,-0.33999999999999986,,,,,649.65,2.8724802457601673,9.86399964824578,32.9054,,,,1.9200000000000106,4.0,92.43000030517578,0.027086487664316674
1966-03-31,,101.7553,4731.888,8.477019498128314,4.87,4.9,-0.03000000000000025,,,,,661.449,1.8162087277765027,10.03152317660465,33.9018,,,,2.7786649632705274,3.8,89.2300033569336,-0.03523426104519121
1966-06-30,,100.8523,4748.046,7.489340026826796,4.81,5.05,-0.2400000000000002,,,,,682.868,3.238193723174443,10.262889769081362,34.4403,,,,2.4359379943056148,3.8,84.73999786376953,-0.05162962354401211
1966-09-30,,99.78816,4788.254,6.042108531485502,5.18,5.62,-0.4400000000000004,,,,,692.403,1.3963167112824193,9.642444300169451,34.9789,,,,3.5736875395319334,3.7,76.55999755859375,-0.10151300473327714
1966-12-31,,98.89452,4827.537,4.504402897482795,4.84,5.0,-0.16000000000000014,,,,,706.595,2.0496733838530456,8.76548910952053,35.0596,,,,3.3594976452119285,3.8,80.33000183105469,0.04806845772397669
1967-03-31,,98.61965,4870.299,2.925069232407873,4.54,4.13,0.41000000000000014,,,,,713.77,1.015433168929869,7.9100580694807965,34.6292,,,,2.5481665630826544,3.8,90.19999694824219,0.11588622025546369
1967-06-30,,99.31717,4873.287,2.637737713577337,5.02,4.97,0.04999999999999982,,,,,731.651,2.5051487173739506,7.143840390822231,34.6465,,,,2.8412600370598895,3.9,90.63999938964844,0.004866216750609338
1967-09-30,,100.2449,4919.392,2.7387436004856935,5.3,5.27,0.03000000000000025,,,,,743.298,1.591879188301526,7.350488082807272,35.1727,,,,2.595419847328251,3.8,96.70999908447266,0.06482119027619136
1967-12-31,,100.722,4956.477,2.6709272243796267,5.7,5.76,-0.05999999999999961,,,,,773.178,4.019922023199318,9.423078283882557,36.3536,,,,3.280680437424044,3.8,96.47000122070312,-0.0024847084259737233
1968-03-31,,100.7533,5057.553,3.8448152772550426,5.74,5.59,0.15000000000000036,,,,,773.843,0.08600865518677558,8.416296566120728,36.5584,,,,3.9393939393939315,3.7,90.19999694824219,-0.06720269860082696
1968-06-30,,100.7722,5142.033,5.514676233925897,5.72,5.91,-0.1900000000000004,,,,,798.123,3.1375873400677046,9.085205924682693,37.158,,,,4.2042042042042205,3.7,99.58000183105469,0.09893196636646985
1968-09-30,,101.1018,5181.859,5.335354450306062,5.46,5.44,0.019999999999999574,,,,,813.391,1.9129883489136246,9.429999811650225,37.3454,,,,4.464285714285721,3.4,102.66999816894531,0.030558583874691878
1968-12-31,,101.3787,5202.212,4.9578561546840705,6.03,6.46,-0.4299999999999997,,,,,840.074,3.2804641310267835,8.652082702818742,38.0233,,,,4.705882352941182,3.4,103.86000061035156,0.01152390081634469
1969-03-31,,101.0298,5283.597,4.469434131486105,6.3,6.27,0.03000000000000025,,,,,848.987,1.0609779614652926,9.710496832044747,38.8,,,,5.247813411078739,3.4,101.51000213623047,-0.022886507451977105
1969-06-30,,100.2377,5299.625,3.064780019887059,6.57,7.58,-1.0099999999999998,,,,,875.953,3.176255937959005,9.751629761327507,38.8874,,,,5.475504322766556,3.5,97.70999908447266,-0.03815343825446284
1969-09-30,,99.58659,5334.6,2.947610114439625,7.16,8.01,-0.8499999999999996,,,,,891.625,1.7891370884054236,9.618252476361322,39.1737,,,,5.698005698005693,3.7,93.12000274658203,-0.048114885108199744
1969-12-31,,98.85007,5308.556,2.0442073487201062,7.65,8.32,-0.6699999999999999,,,,,915.449,2.6719753259498047,8.972423857898226,38.7116,,,,5.89887640449438,3.5,92.05999755859375,-0.011448501608843193
1970-03-31,55.7473319735971,97.94125,5300.652,0.3227914619529093,7.07,6.9,0.16999999999999993,,,,,920.172,0.5159216952555612,8.384698470059027,37.9205,,,,6.094182825484751,4.4,89.62999725341797,-0.026750457143653435
1970-06-30,55.5463162444915,97.54119,5308.164,0.1611246078731865,7.84,7.4,0.4399999999999995,,,,,943.967,2.585929587077196,7.764571843466483,37.6567,,,,6.010928961748618,4.9,72.72000122070312,-0.2090735880701428
1970-09-30,56.0448949291585,97.69106,5357.077,0.42134368087578533,7.39,6.58,0.8099999999999996,,,,,960.905,1.7943423869690278,7.770082714145521,37.4221,,,,5.660377358490565,5.4,84.30000305175781,0.1477654345533995
1970-12-31,56.2989585314487,98.67099,5299.672,-0.16735247777361906,6.39,4.94,1.4499999999999993,,,,,981.085,2.100103548217569,7.169815030657101,37.2885,,,,5.570291777188308,6.1,92.1500015258789,0.08903579946550517
1971-03-31,56.8460170635473,99.93185,5443.619,2.697158764619889,5.7,3.92,1.7800000000000002,,,,,994.486,1.3659366925393712,8.076098816308242,37.4631,,,,4.438642297650142,6.0,100.30999755859375,0.08484766588230612
1971-06-30,57.7498345998532,100.2935,5473.059,3.1064413232145816,6.52,6.24,0.27999999999999936,,,,,1025.346,3.1031105515814117,8.620958147901359,38.0234,,,,4.381443298969079,5.9,98.69999694824219,-0.016180451036877357
1971-09-30,57.9527932184827,100.4097,5518.072,3.005276944871249,6.14,5.27,0.8700000000000001,,,,,1049.77,2.382025189545778,9.248052617064118,38.3056,,,,4.081632653061207,6.0,98.33999633789062,-0.003654090775376355
1971-12-31,59.2866231490447,101.2538,5531.032,4.365553188952087,5.93,4.46,1.4699999999999998,,,,,1077.712,2.6617259018642203,9.848993716140807,39.2035,,,,3.266331658291466,6.0,102.08999633789062,0.037423916565014495
1972-03-31,58.4104579757008,102.2781,5632.649,3.4725060662768703,6.07,5.11,0.96,,,,,1099.111,1.985595409534291,10.520510092650891,40.8263,,,,3.499999999999992,5.8,107.19999694824219,0.048841478859269566
1972-06-30,59.6903773837502,102.7756,5760.47,5.251377703035898,6.11,5.15,0.96,,,,,1139.652,3.6885264545619023,11.148041734204849,41.3497,,,,2.9629629629629672,5.7,107.13999938964844,-0.0005598354127634374
1972-09-30,60.5455868705106,103.3514,5814.854,5.378364037294192,6.55,5.61,0.9399999999999995,,,,,1168.057,2.492427512960105,11.26789677738933,42.2132,,,,3.1862745098039325,5.5,110.55000305175781,0.0313315501526338
1972-12-31,61.6436165514419,103.8092,5912.22,6.891806086097496,6.36,5.68,0.6800000000000006,,,,,1210.643,3.6458837197157257,12.334556913164185,43.7367,,,,3.406326034063256,5.2,118.05000305175781,0.06564035447424033
1973-03-31,63.164662872361,103.4277,6058.544,7.561184799549903,6.71,7.09,-0.3799999999999999,,,,,1246.838,2.989733554813423,13.440589712958918,44.7045,,,,4.8309178743961345,4.9,111.5199966430664,-0.05690437247233696
1973-06-30,63.3757573953064,102.2888,6124.506,6.319553786409782,6.9,7.74,-0.8399999999999999,,,,,1295.54,3.9060407206068515,13.678561525799093,45.0035,,,,5.995203836930463,4.9,104.26000213623047,-0.0673161170811714
1973-09-30,64.076727803121,101.3248,6092.301,4.7713493752379765,7.09,7.5,-0.41000000000000014,,,,,1336.394,3.1534340892600765,14.411711072319244,45.4624,,,,7.3634204275534465,4.8,108.43000030517578,0.03921700646917272
1973-12-31,64.4010049999491,100.6848,6150.131,4.024055261813664,6.74,7.3,-0.5599999999999996,,,,,1373.126,2.7485906102541646,13.42121500723168,45.923,,,,8.94117647058823,4.9,97.55000305175781,-0.1057397079454296
1974-03-31,63.6766084864611,99.89592,6097.258,0.6389984128199799,7.21,8.36,-1.1499999999999995,,,,,1399.728,1.9373313155529814,12.262218507937694,45.4777,,,,10.138248847926267,5.1,93.9800033569336,-0.03728306895882833
1974-06-30,62.9790661110586,98.59726,6111.751,-0.20826169490241186,7.54,8.87,-1.3299999999999992,,,,,1452.27,3.7537292959775037,12.097658119394229,45.6238,,,,10.859728506787313,5.4,86.0,-0.08873473314082078
1974-09-30,63.2324337663339,96.94707,6053.978,-0.6290398324048763,8.04,8.21,-0.1700000000000017,,,,,1490.429,2.6275417105634746,11.526166684376026,45.2365,,,,11.946902654867241,5.9,63.540000915527344,-0.30267765300346067
1974-12-31,62.2846608282658,95.6399,6030.464,-1.9457634317057715,7.43,7.35,0.08000000000000007,,,,,1523.934,2.2480104721526395,10.982823134949005,42.0533,,,,12.095032397408211,7.2,68.55999755859375,0.07603959542970058
1975-03-31,62.4130921104947,95.924,5957.035,-2.2997714710448536,7.73,6.36,1.37,,,,,1531.672,0.5077647719651912,9.426402843981109,40.0638,,,,10.460251046025103,8.6,83.36000061035156,0.19545934664718498
1975-06-30,62.4396280789175,97.31956,5999.61,-1.8348424207727088,7.86,6.85,1.0100000000000007,,,,,1556.872,1.6452608652505196,7.202655153656012,40.2772,,,,9.183673469387754,8.8,95.19000244140625,0.13270633458399872
1975-09-30,61.170192832849,98.72061,6102.326,0.7986153897486803,8.43,7.83,0.5999999999999996,,,,,1581.501,1.5819540720110492,6.110455446049423,41.6304,,,,7.905138339920947,8.4,83.87000274658203,-0.126606906166525
1975-12-31,61.3393469960194,99.93874,6184.53,2.5547951202428143,8.0,6.16,1.8399999999999999,,,,,1615.051,2.121402389249205,5.979064710151483,42.4414,,,,7.129094412331405,8.2,90.19000244140625,0.07265056950279936
1976-03-31,61.3799723569383,100.8818,6323.649,6.154303273356643,7.73,6.11,1.62,,,,,1635.133,1.2434282261055696,6.754775173797012,43.5168,,,,6.060606060606055,7.6,102.7699966430664,0.13057486572524707
1976-06-30,62.4032642108448,101.0879,6370.025,6.173984642335095,7.86,6.46,1.4000000000000004,,,,,1682.642,2.905512884884587,8.07837767009747,43.9637,,,,5.981308411214958,7.6,104.27999877929688,0.014586128386834344
1976-09-30,62.402996501655,101.0255,6404.895,4.95825690072933,7.59,5.78,1.8099999999999996,,,,,1723.078,2.4031255608738977,8.95206515835274,44.6721,,,,5.494505494505497,7.6,105.23999786376953,0.009163858514149591
1976-12-31,62.7119864954673,101.3069,6451.177,4.311515992322779,6.87,4.86,2.01,,,,,1773.575,2.9306276326434455,9.815417593623987,45.8294,,,,5.035971223021574,7.8,107.45999908447266,0.020875240907535265
1977-03-31,63.0567532511507,101.8432,6527.703,3.2268394403294653,7.46,5.4,2.0599999999999996,,,,,1816.288,2.4082996208223406,11.078915293129054,46.8185,,,,6.428571428571428,7.4,98.41999816894531,-0.08787465994763773
1977-06-30,64.1786673371641,101.9878,6654.466,4.465304296293993,7.28,5.72,1.5600000000000005,,,,,1886.176,3.847847918391789,12.096096495867803,48.0116,,,,6.701940035273357,7.2,100.4800033569336,0.02071471929552692
1977-09-30,65.1910348499212,101.7658,6774.457,5.769993106834703,7.34,6.66,0.6799999999999997,,,,,1947.699,3.2617846902940117,13.036032031051414,48.3189,,,,6.423611111111094,6.8,96.52999877929688,-0.04010490791417913
1977-12-31,66.6031901886216,101.6733,6774.592,5.013271221670101,7.69,6.98,0.71,,,,,2020.846,3.7555597656516726,13.941953399207808,48.5629,,,,6.67808219178081,6.4,95.0999984741211,-0.01492487470833099
1978-03-31,67.3033415990865,101.8433,6796.26,4.1141118093148465,8.04,7.48,0.5599999999999987,,,,,2072.739,2.5678849353191646,14.119511883577939,49.0265,,,,6.375838926174482,6.3,89.20999908447266,-0.06393582284326763
1978-06-30,67.987880300849,102.2327,7058.92,6.077933225596155,8.46,8.38,0.08000000000000007,,,,,2163.082,4.358628848108692,14.680814515718566,50.5801,,,,7.438016528925617,5.9,95.52999877929688,0.06844719084061618
1978-09-30,69.1910769828303,102.1735,7129.915,5.247033083241948,8.42,8.81,-0.39000000000000057,,,,,2238.138,3.469863833178777,14.911903738719378,50.8744,,,,8.482871125611746,6.0,102.54000091552734,0.07081265378034496
1978-12-31,70.0734313726074,101.6317,7225.75,6.659559719611163,9.01,10.57,-1.5600000000000005,,,,,2315.825,3.471054957290387,14.596807475680972,51.909,,,,8.988764044943842,6.0,96.11000061035156,-0.06475960009829916
1979-03-31,71.5077302822835,101.0849,7238.727,6.510448393675339,9.12,10.17,-1.0500000000000007,,,,,2378.591,2.7103084214048945,14.755934056338017,52.0446,,,,10.252365930599371,5.8,101.58999633789062,0.05545169386977616
1979-06-30,71.3696505373974,100.3159,7246.454,2.6566953584967523,8.91,9.4,-0.4900000000000002,,,,,2476.7,4.1246687639867385,14.498664405695205,51.8965,,,,11.076923076923073,5.7,102.91000366210938,0.01290978637803261
1979-09-30,71.4388957316331,99.54507,7300.281,2.389453450707335,9.33,10.8,-1.4700000000000006,,,,,2566.476,3.6248233536560814,14.67014098326378,51.4597,,,,11.879699248120312,5.9,109.31999969482422,0.06042450283473112
1979-12-31,71.3689983674672,98.70916,7318.535,1.284088156938723,10.39,11.7,-1.3099999999999987,,,,,2643.895,3.0165487618041276,14.166441764813854,51.7878,,,,13.254786450662737,6.0,107.94000244140625,-0.012703818459609351
1980-03-31,70.4205074801084,97.77548,7341.557,1.420553641544986,12.75,15.8,-3.0500000000000007,,,,,2713.36,2.6273736286804183,14.074256566177223,51.87,,,,14.592274678111572,6.3,102.08999633789062,-0.055720798499133986
1980-06-30,69.0963863235689,97.98675,7190.289,-0.775068743967744,9.78,8.49,1.2899999999999991,,,,,2752.864,1.4559070672524044,11.15048249687085,48.9482,,,,14.265927977839322,7.6,114.23999786376953,0.11244673858223621
1980-09-30,70.1088336769823,99.59418,7181.743,-1.623745716089553,11.51,12.29,-0.7799999999999994,,,,,2815.092,2.260482174201117,9.687057272306454,49.5608,,,,12.768817204301076,7.5,125.45999908447266,0.09368549547945505
1980-12-31,68.85678613926,100.052,7315.677,-0.039051531488198954,12.84,13.86,-1.0199999999999996,,,,,2897.916,2.942141855399405,9.60783238366123,51.3708,,,,12.353706111833551,7.2,135.75999450683594,0.0789016050924211
1981-03-31,67.550666831284,99.71728,7459.022,1.6000011986558205,13.12,13.05,0.06999999999999851,,,,,2941.973,1.5202994151659155,8.425457735059116,51.0826,,,,10.611735330836458,7.4,136.0,0.001766305272398207
1981-06-30,67.5227966293503,99.08829,7403.745,2.9686706612209957,13.47,14.87,-1.3999999999999986,,,,,3037.361,3.2423139165451254,10.334582456670582,51.4101,,,,9.696969696969692,7.5,131.2100067138672,-0.03585574144956085
1981-09-30,67.4711427133165,98.20945,7492.405,4.325718700878034,15.32,16.64,-1.3200000000000003,,,,,3118.295,2.6646157634867995,10.77062490320031,51.4337,,,,10.96543504171632,7.6,116.18000030517578,-0.12165842909535503
1981-12-31,66.817123137701,97.22034,7410.768,1.2998250196119887,13.72,13.35,0.370000000000001,,,,,3188.017,2.235901349936409,10.010676637970173,49.8987,,,,8.912037037037024,8.5,122.55000305175781,0.053378419685129734
1982-03-31,66.6899379086403,96.42802,7295.631,-2.190515056799669,13.86,14.3,-0.4400000000000013,,,,,3234.264,1.4506509846089477,9.935203348229237,49.5323,,,,6.884875846501148,9.0,111.95999908447266,-0.0903774784062848
1982-06-30,66.1769135862632,96.27023,7328.912,-1.0107452377141501,14.3,14.34,-0.03999999999999915,,,,,3306.752,2.2412517963901424,8.869245374520851,48.6214,,,,7.182320441988943,9.6,109.61000061035156,-0.02121303967395599
1982-09-30,64.9828264549587,96.82629,7300.896,-2.5560417516138023,12.34,10.26,2.08,,,,,3354.121,1.4324932743671193,7.562658439948744,47.9008,,,,4.940923737916236,10.1,120.41999816894531,0.0940570000347071
1982-12-31,65.0464030061164,98.03652,7303.817,-1.4431837563933958,10.54,8.68,1.8599999999999994,,,,,3408.601,1.624270561497343,6.919160092308174,46.9485,,,,3.825717321997879,10.8,140.63999938964844,0.15521781276631985
1983-03-31,65.483575718885,99.84487,7400.066,1.4314731652409485,10.51,9.34,1.17,,,,,3449.914,1.2120221756668048,6.6676684401768105,47.9244,,,,3.5902851108764455,10.3,152.9600067138672,0.08397306359899843
1983-06-30,65.5345709656255,101.5127,7568.456,3.268479687025838,10.85,9.7,1.1500000000000004,,,,,3541.234,2.647022505488539,7.091006522412324,49.123,,,,2.4742268041237248,10.1,167.63999938964844,0.09164232621997359
1983-09-30,65.2719005382331,102.398,7719.746,5.736967079109201,11.65,9.89,1.7599999999999998,,,,,3638.934,2.7589252785893414,8.491434864752945,51.178,,,,2.763561924257929,9.2,166.07000732421875,-0.009409389094161186
1983-12-31,65.3049382414105,102.6285,7880.794,7.899663970222681,11.83,10.08,1.75,,,,,3758.761,3.29291490310073,10.272836275058307,52.0594,,,,3.7871033776867957,8.3,164.92999267578125,-0.00688833326984718
1984-03-31,65.4399251869815,102.2807,8034.847,8.578045114732769,12.32,10.8,1.5199999999999996,,,,,3862.041,2.74771394084381,11.946007929473023,53.5929,,,,4.892966360856277,7.8,159.17999267578125,-0.035485505686492995
1984-06-30,65.7891110102005,101.4188,8173.67,7.996531921438144,13.56,12.3,1.2599999999999998,,,,,4018.861,4.060547259855607,13.487586530570983,54.4014,,,,4.325955734406439,7.2,153.17999267578125,-0.03842193869853482
1984-09-30,66.0225822995856,100.6705,8252.465,6.900732226163919,12.52,11.43,1.0899999999999999,,,,,4142.505,3.0765930944115727,13.838420812248863,54.4466,,,,4.2828685258964105,7.3,166.10000610351562,0.0809764006982909
1984-12-31,66.5388900040464,100.3632,8320.199,5.575643773964911,11.5,9.22,2.2799999999999994,,,,,4303.374,3.8833749144539187,14.489162785290155,54.6416,,,,4.043392504930954,7.3,167.24000549316406,0.006839885969079059
1985-03-31,66.5691585780374,100.2146,8400.82,4.5548222635726665,11.86,9.49,2.369999999999999,,,,,4429.767,2.9370675195788287,14.700154659155595,54.8653,,,,3.790087463556846,7.2,180.66000366210938,0.07718689265806554
1985-06-30,67.0528476207862,100.1234,8474.787,3.683987731337335,10.16,7.71,2.45,,,,,4574.692,3.271616769008401,13.830560449838902,54.7989,,,,3.6644165863066513,7.4,191.85000610351562,0.06009701651453618
1985-09-30,67.8685882655256,100.0419,8604.22,4.262423409248006,10.37,7.99,2.379999999999999,,,,,4710.204,2.962210352084904,13.704244171099367,54.8906,,,,3.2473734479465,7.1,182.0800018310547,-0.05226768751267371
1985-12-31,68.5909420598761,100.0831,8668.188,4.182460058948112,9.26,7.6,1.6600000000000001,,,,,4907.862,4.196378755569841,14.04683859687772,55.4412,,,,3.791469194312791,7.0,211.27999877929688,0.14873810121693518
1986-03-31,69.2582904396872,100.1112,8749.127,4.146107165729074,7.78,6.72,1.0600000000000005,,,10.25,,4993.852,1.7520867538655338,12.73396546590373,54.9625,,,,2.1535580524344455,7.2,238.89999389648438,0.12286076657213052
1986-06-30,70.7934327017827,100.0456,8788.524,3.702004545954951,7.8,6.41,1.3899999999999997,,,12.8,0.2221674653411543,5140.532,2.9372115953776756,12.368920137137106,54.9005,,,,1.7674418604651132,7.2,250.83999633789062,0.048770242292084764
1986-09-30,71.8076135601134,99.89989,8872.601,3.1191787285773875,7.45,5.82,1.63,,,14.7,0.13840232285911894,5289.395,2.8958675872458484,12.296516244307053,55.2975,,,,1.757631822386685,7.0,231.32000732421875,-0.08101320612270654
1986-12-31,72.943594009103,99.96638,8920.193,2.9072396676214085,7.11,5.95,1.1600000000000001,,,17.93,0.19862779383235094,5467.403,3.3653754351868237,11.400911435570116,56.2845,,,,1.187214611872145,6.6,242.1699981689453,0.04583788635865004
1987-03-31,73.7007018947097,100.5551,8986.367,2.7115848244058993,7.25,6.15,1.0999999999999996,,,18.82,0.048444846540192,5531.896,1.1795911148309246,10.774127867626039,56.9098,,,,2.8414298808432603,6.6,291.70001220703125,0.18608596741019084
1987-06-30,74.3662853889895,101.0378,9083.256,3.353600672877488,8.4,6.77,1.6300000000000008,,,20.22,0.07175207943509176,5687.674,2.8159965407881904,10.643684350180106,57.9307,,,,3.7477148080438782,6.2,304.0,0.0413017826846509
1987-09-30,74.844095915908,100.9087,9162.024,3.2619859723208355,9.42,7.92,1.5,,,19.62,-0.030122759455108245,5818.903,2.3072524902095326,10.010747921076035,58.9951,,,,4.2727272727272725,5.9,321.8299865722656,0.056995712689723844
1987-12-31,75.0942115092048,100.4035,9319.332,4.474555651430423,8.99,7.1,1.8900000000000006,,,16.74,-0.1587483890758879,5955.134,2.3411801159084478,8.920706960873371,60.4095,,,,4.332129963898912,5.7,247.0800018310547,-0.26431123585747063
1988-03-31,75.737861841244,100.3532,9367.502,4.241257896544837,8.37,6.76,1.6099999999999994,,,17.09,0.020692432066170434,6073.339,1.9849259479299608,9.787656890151219,60.8501,,,,3.832442067736186,5.7,258.8900146484375,0.04669113940303854
1988-06-30,76.4912153142965,100.5569,9490.594,4.484493225777175,8.92,7.5,1.42,,,15.2,-0.11719806927526885,6243.692,2.8049315211945203,9.77584158304432,61.2569,,,,3.96475770925111,5.4,273.5,0.05489830422052237
1988-09-30,76.2824688510862,100.6229,9546.206,4.193200105129624,8.98,8.13,0.8499999999999996,,,13.33,-0.13127829366161337,6380.772,2.195495870071751,9.65592655522871,61.3807,,,,4.184829991281602,5.4,271.9100036621094,-0.005830479204530196
1988-12-31,76.5348049991484,100.5981,9673.405,3.799338836732069,9.11,9.02,0.08999999999999986,,,17.12,0.25023023652297877,6541.111,2.5128464079268165,9.83986254549436,62.0743,,,,4.4117647058823595,5.3,277.7200012207031,0.021142273623012343
1989-03-31,76.6013631056797,100.2807,9771.725,4.3151632099998505,9.36,9.64,-0.28000000000000114,,,20.27,0.16889458975031255,6653.533,1.7186988571207706,9.553130493786055,62.1369,,,,4.892703862660941,5.0,294.8699951171875,0.05992114840692535
1989-06-30,76.5472692485004,99.81056,9846.293,3.7479108262349126,8.28,8.12,0.16000000000000014,,,20.29,0.0009861933738147153,6815.652,2.4365851946627437,9.160605616036154,61.7697,,,,5.1694915254237195,5.3,317.9800109863281,0.0754539575834935
1989-09-30,77.7388736669238,99.70267,9919.228,3.9075419072247097,8.19,8.48,-0.2900000000000009,,,20.15,-0.006923865445031416,6928.31,1.6529306367167873,8.581061978080395,61.5796,,,,4.435146443514637,5.3,349.1499938964844,0.09351308954003697
1989-12-31,78.0569474930409,99.77112,9938.767,2.743211930028755,7.84,7.76,0.08000000000000007,,,21.84,0.0805388624840124,7065.938,1.9864584581232636,8.023514659818499,62.0428,,,,4.639602319801162,5.4,353.3999938964844,0.012098930803779733
1990-03-31,77.2043845162229,99.83444,10047.386,2.821006526483294,8.59,8.35,0.2400000000000002,,,20.34,-0.07115376025629037,7192.124,1.7858350865801453,8.094812184744548,62.5999,19.73,,,5.237315875613735,5.2,339.94000244140625,-0.038831403983674254
1990-06-30,76.4490582714173,99.30148,10083.855,2.412704964193124,8.48,8.05,0.4299999999999997,,,17.05,-0.17643918689088806,7303.613,1.5501540296023908,7.159417763700371,62.8382,15.5,-0.2413002961093231,,4.673650282030639,5.2,358.0199890136719,0.05181968144461254
1990-09-30,75.6005698784759,97.94902,10090.569,1.7273622503686914,8.89,7.69,1.2000000000000002,,,39.53,0.8409096735790683,7384.432,1.1065619166842344,6.583452530270728,62.9523,29.11,0.6302417338323308,,6.169871794871806,5.9,306.04998779296875,-0.15684037266435563
1990-12-31,74.4160516992853,97.12845,9998.704,0.6030627340393391,8.08,6.82,1.2599999999999998,,,28.48,-0.32785779076481913,7458.077,0.9973008079700696,5.549709040752981,61.3352,26.38,-0.09847561046836335,,6.254948535233562,6.3,330.2200012207031,0.076010655288986
1991-03-31,74.5810986520791,97.72621,9951.916,-0.9501973946258402,8.11,6.28,1.8299999999999992,,,19.63,-0.3721430782554055,7468.526,0.14010313918721984,3.843120613604545,60.3346,16.88,-0.44647665812135756,5.26,4.821150855365497,6.8,375.2200012207031,0.1277534211684422
1991-06-30,74.1845969590247,98.79727,10029.51,-0.5389307958117096,8.28,6.32,1.959999999999999,,,20.56,0.04628843229859468,7538.276,0.9339192231506033,3.2129714430378487,61.5581,19.55,0.14684579726356373,5.48,4.695919938414161,6.9,371.1600036621094,-0.010879277517126465
1991-09-30,73.8102516891055,99.22518,10080.195,-0.10280887034219699,7.65,5.42,2.2300000000000004,,,22.25,0.078994568025285,7540.773,0.03312428465076511,2.1171702847287532,62.2195,15.85,-0.2098057861080852,5.35,3.396226415094339,6.9,387.8599853515625,0.04401116564912351
1991-12-31,73.9161140092293,99.06968,10115.329,1.1664011655910578,7.09,4.12,2.9699999999999998,,,19.15,-0.15003929298559432,7581.419,0.5390163581372898,1.6538043251631773,61.7852,19.31,0.19745359611713348,5.32,2.980625931445613,7.3,417.0899963378906,0.07265760506865807
1992-03-31,74.343754939348,99.4157,10236.435,2.858936912248855,7.54,4.54,3.0,,,19.49,0.0175987978928144,7615.218,0.44581363990039424,1.9641358950882593,62.4232,16.18,-0.17684718481007736,5.27,3.189910979228472,7.4,403.69000244140625,-0.032654754339059865
1992-06-30,73.7520437426397,99.69542,10347.429,3.169835814511379,7.26,4.05,3.21,,,21.84,0.113841637357235,7656.355,0.5401946470869223,1.566392634071767,63.1363,13.35,-0.19225952678408711,5.1,3.0147058823529305,7.8,408.1400146484375,0.010963025961296875
1992-09-30,73.8806159211078,99.70694,10449.673,3.6653854414522735,6.42,3.06,3.36,,,21.83,-0.0004579803148518753,7711.512,0.7204080793014489,2.2642108441667697,63.5703,14.28,0.06734357206517982,4.98,2.9927007299270114,7.6,417.79998779296875,0.02339253121340458
1992-12-31,73.9457425765761,100.0842,10558.648,4.382645388993267,6.77,3.61,3.1599999999999997,,,19.49,-0.11338365704238304,7773.848,0.8083499059587718,2.5381660082367086,64.3507,12.57,-0.12754693430928216,4.69,2.966714905933454,7.4,435.7099914550781,0.04197404491564523
1993-03-31,73.5355172054693,100.0398,10576.275,3.3199058070509935,5.98,3.32,2.6600000000000006,,,20.44,0.047592251816034326,7812.554,0.49790013903023844,2.5913375034043673,64.8522,12.53,-0.0031872536941791874,4.6,3.0194104960460155,7.0,451.6700134277344,0.03597498960063438
1993-06-30,73.7903750223239,99.61948,10637.847,2.806668207145946,5.96,3.45,2.51,,,18.82,-0.0825736311782702,7919.946,1.3746080987088183,3.4427740093033954,64.9301,11.26,-0.10686914619643262,4.46,2.9978586723768963,7.0,450.5299987792969,-0.002527189624818889
1993-09-30,74.0172720557835,99.66766,10688.606,2.2865117406066116,5.36,3.39,1.9700000000000002,,,18.72,-0.00532766310778765,8028.094,1.3655143608302334,4.105316830214356,65.3717,12.99,0.1429232079709639,4.08,2.7639971651311157,6.7,458.92999267578125,0.018473012227924215
1993-12-31,74.2899670081485,100.3534,10833.987,2.6077107599381977,5.77,3.63,2.1399999999999997,,,14.19,-0.2770549798774947,8151.103,1.532231685378882,4.852873377508793,66.5436,11.66,-0.10801564976016181,3.91,2.8109627547435068,6.5,466.45001220703125,0.016253182552597854
1994-03-31,74.6910431721062,100.9479,10939.116,3.430706936043171,6.48,4.5,1.9800000000000004,88.27,,14.78,0.04073742434810438,8260.279,1.3394015509312185,5.730840388431235,67.4552,20.45,0.5618187015664644,3.6,2.6517794836008246,6.5,445.7699890136719,-0.045347760286411125
1994-06-30,74.877131820295,101.0796,11087.361,4.225610689832271,7.1,5.51,1.5899999999999999,87.13,-0.012999042788945992,19.37,0.2704505618988489,8399.652,1.6872674639682117,6.05693523667965,68.6265,14.97,-0.3119346840572737,3.29,2.494802494802495,6.1,444.2699890136719,-0.003370638302056084
1994-09-30,74.788679868747,100.923,11152.176,4.337048254936149,7.46,5.96,1.5,84.74,-0.027813511044782323,18.36,-0.05355109222656017,8528.83,1.5378970462109676,6.237296175156892,69.3961,14.28,-0.047188241520098706,3.25,2.965517241379323,5.9,462.7099914550781,0.04066802849948581
1994-12-31,74.8073314536137,100.4997,11279.932,4.116167021429895,7.81,7.2,0.6099999999999994,86.11,0.01603780350966073,17.77,-0.032662743025784396,8699.19,1.9974603785044343,6.7240838448489715,71.1523,13.2,-0.0786431273191131,3.29,2.597402597402576,5.5,459.2699890136719,-0.0074622409972477325
1995-03-31,74.8905655305094,99.58157,11319.951,3.481405627292,7.2,6.49,0.71,86.02,-0.0010457213524835624,19.18,0.07635642728873221,8807.641,1.2466792885314604,6.626434772965895,71.3113,13.37,0.012796561521526695,3.48,2.7872195785180187,5.4,500.7099914550781,0.08638882561917986
1995-06-30,74.9161560125794,98.83787,11353.721,2.4023751008017014,6.17,5.65,0.5199999999999996,82.22,-0.045181245885857896,17.38,-0.09854794961804618,8978.958,1.9450951736111888,6.8967857239800034,71.7749,11.38,-0.1611559624156668,3.7,3.0425963488843744,5.6,544.75,0.08429989971473416
1995-09-30,75.2833888472521,98.62756,11450.31,2.6733258155179795,6.2,5.65,0.5499999999999998,85.22,0.03583756660203365,17.54,0.009163867106791011,9125.043,1.6269705237511811,6.990560252695843,72.7144,12.74,0.11288922144583245,3.85,2.54521098459477,5.6,584.4099731445312,0.07027577151970234
1995-12-31,75.3955893480103,98.5798,11528.067,2.1997916299495213,5.71,5.18,0.5300000000000002,86.36,0.013288457574840533,19.54,0.10797965967059964,9279.97,1.6978221362901946,6.676253766155216,73.0305,12.52,-0.01741928447206482,3.95,2.5316455696202667,5.6,615.9299926757812,0.05253056347703425
1996-03-31,75.6313983003169,98.93977,11614.418,2.6013098466592277,6.27,5.41,0.8599999999999994,86.82,0.005312404224840842,21.43,0.09232816287084895,9410.866,1.4105218012558263,6.8488826917445955,73.585,18.88,0.4107757950454022,4.04,2.8439153439153486,5.5,645.5,0.04689190146523132
1996-06-30,75.6114040921146,99.41911,11808.14,4.002379484223728,6.91,5.7,1.21,87.08,0.002990226494899309,20.92,-0.024086170288763375,9590.932,1.9133839542503361,6.815646091673444,75.4433,13.68,-0.3221682485229501,4.27,2.8215223097112663,5.3,670.6300048828125,0.03819236608299904
1996-09-30,75.7642213344847,99.658,11914.063,4.0501348871777365,6.83,5.71,1.12,86.83,-0.0028750522937928623,24.2,0.14564699396591851,9739.846,1.5526541111958503,6.737535373805903,76.3158,16.95,0.21433292163205478,4.46,3.0045721750489918,5.2,687.3300170898438,0.02459697473091832
1996-12-31,75.6957701866914,99.90047,12037.775,4.421452442981133,6.3,5.51,0.79,87.47,0.007343693359209685,25.9,0.06789033554285123,9877.376,1.4120346461330202,6.4375854663323295,77.5333,20.92,0.2104378053702631,4.6,3.378817413905133,5.4,740.739990234375,0.07483512224707736
1997-03-31,75.831180940237,100.2675,12115.472,4.314068944306992,6.69,6.02,0.6700000000000008,90.57,0.034827154955093434,20.35,-0.24116205681688796,10009.716,1.3398295255744097,6.363388874095111,79.082,22.14,0.0566802880837686,4.7,2.7652733118971096,5.2,757.1199951171875,0.02187208155308304
1997-06-30,76.2645711104951,100.6889,12317.221,4.31127171595187,6.49,5.67,0.8200000000000003,89.16,-0.01569052386918896,19.82,-0.02638938298676209,10206.773,1.9686572526133483,6.421075657714992,79.9792,21.53,-0.027938615904219102,4.73,2.233567326100827,5.0,885.1400146484375,0.15622408623578946
1997-09-30,76.6141314803323,100.9522,12471.01,4.674702492340366,6.21,5.47,0.7400000000000002,91.79,0.02907085071333163,21.13,0.06400230272612334,10437.733,2.262811174501489,7.165277561883432,82.2156,22.91,0.06212618508913243,4.7,2.21940393151554,4.9,947.280029296875,0.06784890981350224
1997-12-31,77.1938817020323,100.9434,12577.495,4.483552816031211,5.81,5.51,0.2999999999999998,96.76,0.05273032651082692,17.65,-0.17995804824865966,10642.672,1.9634435945046658,7.747968691279961,83.9538,24.01,0.0468969137677577,4.81,1.6970458830924073,4.7,970.4299926757812,0.02414451374107921
1998-03-31,78.1561420030997,100.7229,12703.742,4.855526883310857,5.65,5.41,0.2400000000000002,97.24,0.004948463706096077,15.75,-0.1138954181076636,10867.157,2.109291726739282,8.566087189686499,84.488,24.22,0.008708327891784193,4.76,1.3767209011263937,4.7,1101.75,0.12691583903095038
1998-06-30,79.0918044189641,100.2138,12821.339,4.09279008633523,5.5,5.38,0.1200000000000001,99.91,0.027087631297004696,14.3,-0.09658082800578048,11192.516,2.993966131160164,9.657734133991225,84.8248,19.71,-0.2060526169603172,4.76,1.6229712858926382,4.5,1133.8399658203125,0.02871024699148201
1998-09-30,79.876416902589,99.76762,12982.752,4.103452727565782,4.81,4.41,0.39999999999999947,100.36,0.004493940753294293,16.19,0.12413423042368213,11437.292,2.186961358822259,9.576399396305678,86.2021,40.95,0.7312256891344496,4.72,1.4267990074441794,4.6,1017.010009765625,-0.10874311226937916
1998-12-31,80.9744605575647,100.0401,13191.67,4.883126568525764,4.65,4.53,0.1200000000000001,96.15,-0.042854249463432734,12.14,-0.28788798205819155,11726.858,2.5317706324189393,10.187159765893373,87.1185,24.42,-0.5169493416165198,4.74,1.606922126081578,4.4,1229.22998046875,0.1895209817430942
1999-03-31,81.9868653045711,100.6466,13315.597,4.816336792733988,5.23,4.72,0.5100000000000007,98.44,0.02353775348806638,16.66,0.31650485110734433,11996.079,2.295764133922318,10.38838400880746,88.2267,23.26,-0.0486673215920402,4.66,1.7283950617283939,4.2,1286.3699951171875,0.04543635327414272
1999-06-30,82.7323340119465,101.0625,13426.748,4.721885912228041,5.9,5.07,0.8300000000000001,98.43,-0.00010158988173507377,19.33,0.1486476564815427,12265.22,2.24357475471777,9.584118530632434,88.9188,21.09,-0.0979361525998352,4.58,1.9656019656019597,4.3,1372.7099609375,0.06496256522610398
1999-09-30,83.5511952282669,101.2448,13604.771,4.791118246732284,5.92,5.22,0.7000000000000002,97.0,-0.014634657137737222,24.54,0.23864614606252593,12616.408,2.8632833328713136,10.30939841354055,89.4299,25.41,0.18634380284138946,4.6,2.629969418960254,4.2,1282.7099609375,-0.06781186281003171
1999-12-31,84.2847229997912,101.3832,13827.98,4.8235742707329665,6.28,5.98,0.2999999999999998,96.7,-0.0030975760441341693,25.76,0.04851846195338765,12900.875,2.2547384326822684,10.011351719275519,91.6634,24.64,-0.03077165866675366,4.55,2.676399026763998,4.0,1469.25,0.1357770696152514
2000-03-31,85.0823308549841,101.2151,13878.147,4.224744861233032,6.26,6.28,-0.020000000000000462,98.51,0.01854466340833924,26.86,0.041815289858938634,13184.822,2.2009902429098727,9.909429572779583,92.1504,24.11,-0.021744446472239373,4.43,3.762135922330101,4.0,1498.5799560546875,0.019765897234355154
2000-06-30,86.0989232694648,100.7868,14130.908,5.2444568111355006,6.1,6.08,0.019999999999999574,100.53,0.020298124549740927,32.44,0.18875403815212055,13514.042,2.4969620371059875,10.181814920564003,92.9862,19.54,-0.21016304557844304,4.51,3.7349397590361377,4.0,1454.5999755859375,-0.029787031790713386
2000-09-30,86.8842011443255,100.1398,14145.312,3.9731723525519014,5.8,6.07,-0.27000000000000046,102.31,0.017551229473519944,30.87,-0.04960739073314412,13782.955,1.9898783798363295,9.24626882707027,92.9792,20.57,0.0513700570502291,4.53,3.45649582836709,3.9,1436.510009765625,-0.012514364378700026
2000-12-31,87.9020311222318,99.12439,14229.765,2.9055943095086967,5.24,5.32,-0.08000000000000007,103.28,0.00943632664753848,26.72,-0.144372489845623,14015.065,1.6840365509428246,8.636545970719034,92.3415,26.85,0.2664321172900079,4.57,3.4360189573459543,3.9,1320.280029296875,-0.08437271006979205
2001-03-31,88.8661829130291,98.36078,14183.12,2.1975051856706784,4.89,4.09,0.7999999999999998,106.28,0.02863337435322565,26.37,-0.013185348303249628,14130.7,0.8250764445259406,7.173991427415549,91.1162,28.64,0.06453852113757116,4.81,2.9824561403508643,4.3,1160.3299560546875,-0.12913944795954221
2001-06-30,89.8743413614778,98.22659,14271.694,0.9962983270431103,5.28,3.72,1.56,107.7,0.013272463270730067,26.37,0.0,14471.316,2.4104679881393087,7.083550576504072,89.8784,19.06,-0.40721244386638894,4.94,3.193960511033689,4.5,1224.3800048828125,0.053730187866269014
2001-09-30,91.1969225235107,98.07791,14214.516,0.48923629256110157,4.73,2.49,2.24,106.58,-0.010453707293706717,23.44,-0.11778303565638339,14780.642,2.1375111980140415,7.238556608506674,88.7485,31.93,0.5159541085006346,5.0,2.5921658986175045,5.0,1040.93994140625,-0.16231050261761382
2001-12-31,92.6002623821926,98.56154,14253.574,0.16731829373148877,5.09,2.17,2.92,106.95,0.0034655586597784824,19.96,-0.16071369382549394,14963.76,1.2389042370419379,6.769108812552771,87.9324,23.8,-0.2938604260492616,4.69,1.603665521191311,5.7,1148.0799560546875,0.0979668488084315
2002-03-31,93.9253689973521,99.37711,14372.785,1.3372586567694578,5.28,2.7,2.58,108.48,0.014204388663670865,26.21,0.2724107464519971,15137.544,1.1613658599175514,7.125223803491676,89.1686,17.4,-0.31321537445694575,4.94,1.3628620102214661,5.7,1147.3900146484375,-0.0006011330453738096
2002-06-30,94.9492638157387,99.21464,14460.848,1.3253787532159889,4.93,2.06,2.8699999999999997,105.5,-0.027854871275964244,26.79,0.02188766622120234,15366.315,1.5112821472228255,6.184641396815604,90.7061,25.4,0.3782789678040076,4.78,1.0692177827799743,5.8,989.8200073242188,-0.1477219737246461
2002-09-30,96.2680608880116,98.35182,14519.633,2.1465169830615416,3.87,1.53,2.34,105.81,0.0029340799999491947,30.59,0.1326444746062947,15614.423,1.6146226339887049,5.6410337250574205,90.6531,39.69,0.44635009277048304,4.89,1.516002245929271,5.7,815.280029296875,-0.1939914673602564
2002-12-31,97.7446202313036,97.88781,14537.58,1.9925248221954739,4.03,1.32,2.71,104.28,-0.014565443850769317,31.21,0.020065398119876034,15914.764,1.9234844604888668,6.355381267809679,90.4652,28.62,-0.3269934926666691,4.84,2.4802705749718212,6.0,879.8200073242188,0.07618570096493299
2003-03-31,98.699922940589,97.81671,14614.141,1.6792570124718242,3.81,1.19,2.62,103.11,-0.011283209535448742,31.14,-0.0022453898768357876,16107.287,1.2097131946160244,6.406210941484303,91.1044,29.15,0.0183491386681964,4.68,3.025210084033625,5.9,848.1799926757812,-0.036624480637329225
2003-06-30,100.178545531622,98.45926,14743.567,1.9550651524723905,3.33,1.09,2.24,98.44,-0.04634915400699711,30.15,-0.03230824323265789,16531.904,2.6361795130365406,7.5853514652016285,90.6527,19.52,-0.40101533181155496,4.53,1.948775055679297,6.3,974.5,0.13883165016483404
2003-09-30,101.493888958452,99.57628,14988.782,3.2311353875128956,4.27,1.15,3.1199999999999997,99.76,0.013320075848925911,29.19,-0.03235873830717098,16827.159,1.7859709323257755,7.766767942689912,91.5059,22.72,0.15180601286800413,4.24,2.378318584070782,6.1,995.969970703125,0.021792588286004524
2003-12-31,103.266854961692,100.6818,15162.76,4.300440651057458,4.27,1.26,3.01,95.11,-0.04773318487748691,32.51,0.10772154944979041,17106.15,1.6579804113100893,7.486042520014768,92.2602,18.31,-0.2157982351665313,4.43,2.0352035203520247,5.7,1111.9200439453125,0.11012646206489102
2004-03-31,104.752106311837,101.132,15248.68,4.341952085996703,3.83,1.2,2.63,95.67,0.00587065319578189,35.75,0.09500253482420268,17427.102,1.8762374935330062,8.193900065231329,92.5861,16.74,-0.08964629362509012,4.21,1.7400761283306032,5.8,1126.2099609375,0.012769688215178104
2004-06-30,106.673439588665,101.0131,15366.85,4.227491217016888,4.73,2.09,2.6400000000000006,97.59,0.019870259463293797,36.92,0.032203140494634734,17834.915,2.3401079536919056,7.881796313358724,92.871,14.34,-0.15474822988985484,4.15,3.1676679410158393,5.6,1140.8399658203125,0.012906824685143545
2004-09-30,108.890889094825,100.6833,15512.619,3.494860356231766,4.13,2.21,1.92,96.19,-0.014449626988845663,49.56,0.2944306471262903,18213.253,2.1213333509018772,8.237243137715655,93.7467,13.34,-0.0722857946839966,4.07,2.5391680172879516,5.4,1114.5799560546875,-0.023287190308992182
2004-12-31,110.627753299077,100.5731,15670.88,3.3511049439547858,4.23,2.75,1.4800000000000004,90.9,-0.056565400981090995,43.36,-0.13364669962955103,18722.493,2.795985977903004,9.448899957032975,95.5365,13.29,-0.0037551677623237686,4.03,3.3423180592991875,5.4,1211.9200439453125,0.08372830222112904
2005-03-31,112.716921097129,100.4072,15844.727,3.9088432572524257,4.5,3.35,1.15,91.68,0.008544251782996365,55.31,0.2434163668751959,19053.399,1.767424883000368,9.331999089693754,96.4456,14.02,0.05347300888129014,3.7,3.2068412613575736,5.2,1180.5899658203125,-0.026191630560969733
2005-06-30,114.966565872345,100.3833,15922.782,3.6177355801611855,4.0,3.45,0.5499999999999998,94.3,0.028176936672982246,56.63,0.023585156119127024,19555.892,2.6372879715582442,9.649482489824024,97.1753,12.04,-0.15225044172576913,3.67,2.541026998411855,5.0,1191.3299560546875,0.009056008624291515
2005-09-30,116.741502174166,100.6134,16047.587,3.448598847170792,4.2,4.01,0.1900000000000004,94.5,0.0021186448602853766,66.21,0.15629262881104095,20032.135,2.435291624641822,9.986585043319817,95.3005,11.92,-0.010016778243471232,3.9,4.741833508956805,5.0,1228.81005859375,0.030975975890162682
2005-12-31,118.281507652431,101.1198,16136.734,2.9727366937913002,4.47,4.38,0.08999999999999986,94.38,-0.0012706482014556528,61.06,-0.08097452163002276,20516.36,2.4172410978660075,9.581346885802034,98.0452,12.07,0.01250537347223651,3.54,3.3385498174230532,4.9,1248.2900390625,0.015728376958454783
2006-03-31,119.381991014708,101.3748,16353.835,3.2131067957182013,4.72,4.82,-0.10000000000000053,94.23,-0.0015905840795764881,66.25,0.08157847755959986,21066.108,2.6795591420700315,10.563516777242722,98.4628,11.39,-0.05798725765034928,3.86,3.4179181771103018,4.7,1294.8699951171875,0.036635654200431036
2006-06-30,119.154582135583,101.2262,16396.151,2.9729038556202125,5.11,5.21,-0.09999999999999964,93.73,-0.005320293460270448,73.94,0.10981848864215422,21654.762,2.7943177733637192,10.732673303779737,99.0997,13.08,0.13834856856996192,4.13,4.1817243159525175,4.6,1270.199951171875,-0.019235970295755148
2006-09-30,118.48546459258,101.2509,16420.738,2.325277937424497,4.72,4.91,-0.1900000000000004,92.63,-0.011805245492458394,62.9,-0.16170778980209097,22127.754,2.1842401223343133,10.461286328192188,99.3183,11.98,-0.08784575334174936,4.12,2.012072434607637,4.5,1335.8499755859375,0.0503934451404933
2006-12-31,119.241580478205,101.5837,16561.866,2.6345603763438197,4.56,5.0,-0.4400000000000004,90.24,-0.026140275516187406,60.85,-0.03313434427285856,22638.449,2.3079387090076953,10.343399121481589,100.1735,11.56,-0.03568772944307185,3.95,2.5239777889954462,4.4,1418.300048828125,0.05989123065970221
2007-03-31,118.871727977828,101.9451,16611.69,1.5767249700146868,4.56,4.9,-0.34000000000000075,91.31,0.011787522878500023,65.94,0.08033341821004868,23040.774,1.7771756360164037,9.37366313701611,100.9547,14.64,0.23620664528893415,3.98,2.798197295943927,4.4,1420.8599853515625,0.0018033060386475795
2007-06-30,117.543446984268,102.1953,16713.314,1.9343747200181172,5.1,4.91,0.1899999999999995,89.89,-0.01567361004294082,70.47,0.06644184969534613,23667.946,2.7220092519461225,9.296726512163932,101.7893,16.23,0.10310387299333433,4.02,2.692765113974227,4.6,1503.3499755859375,0.05643362323545976
2007-09-30,115.378590892797,102.0011,16809.587,2.3680360773066234,4.52,4.05,0.46999999999999975,87.21,-0.030267697346413724,81.64,0.14713225060271298,24209.676,2.2888762717305555,9.4086458119518,102.0894,18.0,0.1035103763696649,4.41,2.8338264299802685,4.7,1526.75,0.015445358101356152
2007-12-31,112.128582264457,101.6271,16915.191,2.133364682457861,4.1,3.34,0.7599999999999998,84.43,-0.032396214557485495,95.95,0.16150788451206488,24691.757,1.9912740674431273,9.070002984745118,102.3803,22.5,0.22314355131420976,4.6,4.108813392417532,5.0,1468.3599853515625,-0.03899517136156276
2008-03-31,108.665834340447,101.1806,16843.003,1.3924712055185307,3.51,1.55,1.9599999999999997,81.5,-0.035319768434591586,101.54,0.056625587065539294,25019.455,1.3271554551585796,8.587736679332036,101.5336,25.61,0.12946759100105945,4.77,3.9749035501344343,5.1,1322.699951171875,-0.10447105662517535
2008-06-30,104.589139206153,100.3,16943.291,1.3760107660276244,4.1,2.36,1.7399999999999998,82.41,0.011103768528475142,139.96,0.32090385798023896,25185.007,0.6616930704525625,6.4097704126923505,100.0335,23.95,-0.06701457635450964,4.9,4.935966105947864,5.6,1280.0,-0.03281498720284333
2008-09-30,100.879193561927,98.22461,16854.295,0.26596727212868654,3.69,1.78,1.91,85.33,0.034819303773201304,100.7,-0.3292108677749707,25446.404,1.0379071961345687,5.108403763850444,93.7895,39.39,0.4975436531258904,4.8,4.953319875136075,6.1,1166.3599853515625,-0.09297230235922348
2008-12-31,99.4926215315527,95.66034,16485.35,-2.5411536884212604,2.42,0.37,2.05,89.56,0.04838269918206067,44.6,-0.8144119406984982,25207.752,-0.9378613968401894,2.0897459828395304,90.8357,40.0,0.01536747713112185,5.64,-0.02222800255385904,7.3,903.25,-0.2556436845266899
2009-03-31,99.5591214180201,94.77749,16298.262,-3.234227293078318,2.82,0.57,2.25,93.47,0.04273173746393784,49.64,0.10706310131038806,25034.341,-0.6879272693574578,0.059497698890709216,86.6528,44.14,0.09848694671465397,6.51,-0.4464787676623838,8.7,797.8699951171875,-0.12405369923675116
2009-06-30,97.77330294517,95.88055,16269.145,-3.9788374053187248,3.72,0.56,3.16,88.36,-0.056221150642575615,69.82,0.3411235413404834,24918.068,-0.4644540073972858,-1.0599123518210685,84.7459,26.35,-0.515898125841219,6.77,-1.2291746182109153,9.5,919.3200073242188,0.14168860349272752
2009-09-30,96.6643830424593,97.51126,16326.281,-3.1328157006863644,3.4,0.4,3.0,85.99,-0.02718836812911135,70.46,0.009124671236201693,24706.482,-0.8491268263655094,-2.907766456902905,87.4063,25.61,-0.028485374775937565,6.49,-1.377942862886472,9.8,1057.0799560546875,0.1396313530536158
2009-12-31,95.8740696963134,98.84698,16502.754,0.10557252348297741,3.59,0.47,3.12,84.11,-0.02210554444845911,79.39,0.1193272428239305,24496.841,-0.8485263098161888,-2.8202078471733616,88.3793,21.68,-0.1665927236399884,6.33,2.8141231232083674,9.9,1115.0999755859375,0.053433716739917626
2010-03-31,94.634796605452,99.63324,16582.71,1.7452658449103264,3.73,0.41,3.32,84.68,0.006753980292318509,83.45,0.04987523437082205,24354.295,-0.5818954370483964,-2.716452572088879,90.2928,17.59,-0.20905961782197863,5.78,2.2861714393279886,9.9,1169.4300537109375,0.04757243144603832
2010-06-30,93.9936507929743,99.6057,16743.162,2.91359502911801,3.2,0.32,2.8800000000000003,87.37,0.03127252804333879,75.59,-0.09892365080375869,24225.045,-0.530707212013326,-2.781206793399882,91.9928,34.54,0.6747875139690658,5.1,1.1215605940686268,9.4,1030.7099609375,-0.12626864928207598
2010-09-30,92.2847583329001,99.61307,16872.266,3.344209253779229,2.65,0.27,2.38,83.95,-0.03993059078645338,79.95,0.05607743997587796,24202.399,-0.09348176649413009,-2.0402864317145553,92.9537,23.7,-0.376643024577447,4.58,1.1183122472331775,9.5,1141.199951171875,0.10183245031147231
2010-12-31,90.7799135047109,100.113,16960.864,2.7759609093124693,3.29,0.29,3.0,81.71,-0.027044990126933836,91.38,0.1336251968551622,24132.748,-0.28778552076594854,-1.4862855173856993,93.6787,17.75,-0.2890895322196606,4.14,1.437793022217937,9.3,1257.6400146484375,0.09715666287976463
2011-03-31,88.0098902595533,100.3634,16920.632,2.037797199613345,3.41,0.3,3.1100000000000003,79.88,-0.02265088484900157,106.19,0.1502033062806288,24119.472,-0.0550123840020178,-0.964195432468884,94.0788,17.74,-0.0005635390399914589,3.82,2.619241510354109,9.0,1325.8299560546875,0.052801684820652985
2011-06-30,86.4094299863782,99.78762,17035.114,1.7437088645501975,3.0,0.19,2.81,78.96,-0.01158411342238838,95.3,-0.1082001317555978,24141.256,0.09031706830067154,-0.34587758247712763,94.172,16.52,-0.07125020878860136,3.65,3.5023181506360412,9.1,1320.6400146484375,-0.003922166596971274
2011-09-30,86.2760501885867,99.1395,17031.313,0.9426534645672335,1.98,0.13,1.85,80.98,0.025260815478789028,78.93,-0.1884684269398452,24212.82,0.2964385945785075,0.04305771506369904,95.1961,42.96,0.9556976821077773,3.45,3.812621692818685,9.0,1131.4200439453125,-0.15464295884840645
2011-12-31,86.1383699779629,99.52328,17222.583,1.543075871606514,1.98,0.12,1.8599999999999999,82.1,0.013735805854367312,98.83,0.2248398186677813,24297.681,0.3504796219523376,0.6834406094158973,96.3571,23.4,-0.6075334278369536,3.25,3.062066838419386,8.5,1257.5999755859375,0.10573160345399048
2012-03-31,85.949647282451,99.95286,17367.01,2.6380693108862374,2.17,0.19,1.98,81.23,-0.010653379395519958,103.03,0.04161900556888407,24325.59,0.11486281345121085,0.8545709458316342,96.74,15.5,-0.41189599843845465,3.06,2.5828752813320977,8.2,1408.469970703125,0.11329886477284812
2012-06-30,87.0782780077535,99.71517,17444.525,2.403335839137921,1.62,0.21,1.4100000000000001,84.19,0.03579151228671014,85.04,-0.19189847392328407,24413.329,0.36068601008238943,1.1270043281923714,97.6663,17.08,0.09706816443522276,2.92,1.653870448297634,8.2,1362.1600341796875,-0.033432287829913476
2012-09-30,87.8780672190928,99.62059,17469.65,2.5737123144880414,1.72,0.17,1.55,81.8,-0.028798905740871204,92.18,0.08062145325866964,24600.402,0.766274030059555,1.600730522095306,97.381,15.73,-0.08233847129023726,2.82,1.9497168982819613,7.8,1440.6700439453125,0.056036613438408385
2012-12-31,88.7078064650898,99.91759,17489.852,1.551852007332477,1.72,0.16,1.56,80.51,-0.015895843296811877,91.83,-0.003804145666931441,24771.868,0.6970048700830178,1.9515730739900539,98.3101,18.02,0.13591253511000534,2.71,1.7595049796895523,7.9,1426.18994140625,-0.010101801796879965
2013-03-31,90.224771370431,100.3328,17662.4,1.700868485709428,1.96,0.14,1.8199999999999998,82.28,0.02174666447286702,97.24,0.05724310782249172,24798.356,0.10692774561853469,1.9434924291661604,99.1921,12.7,-0.3498802587156464,2.64,1.5187472411246183,7.5,1569.18994140625,0.09555301345480538
2013-06-30,91.9708217625071,100.6516,17709.671,1.5199382041070075,2.3,0.15,2.15,83.06,0.009435173417851179,96.36,-0.009090971701251963,25005.821,0.8366078783609732,2.4269201467771895,99.3897,16.86,0.2833419591091638,2.53,1.7157935271568725,7.5,1606.280029296875,0.023361439449883753
2013-09-30,93.0129268939342,100.7479,17860.45,2.237022493295515,2.81,0.1,2.71,82.86,-0.0024108015533517596,102.36,0.06040483354491747,25246.055,0.9607123077462587,2.62456280185992,100.161,16.6,-0.015541257211211686,2.44,1.0947341081747997,7.2,1681.550048828125,0.04579505138026749
2013-12-31,93.6104804185167,100.752,18016.147,3.0091449601746367,2.9,0.13,2.77,82.06,-0.009701749635215704,98.17,-0.04179534158715798,25547.606,1.194448003856441,3.1315280704709014,100.5175,13.72,-0.1905480730647584,2.38,1.5128383667573297,6.7,1848.3599853515625,0.09458273536812267
2014-03-31,94.2967836390594,100.8013,17953.974,1.6508175559380112,2.72,0.13,2.5900000000000003,83.34,0.015477938980267322,101.57,0.03404754624697962,25734.748,0.7325226481103453,3.776024507431064,101.8942,13.88,0.011594332780919227,2.32,1.6126949139408042,6.7,1872.3399658203125,0.01289021572320049
2014-06-30,94.685294524021,100.9428,18185.911,2.6891521587272926,2.6,0.11,2.49,83.38,0.00047984645834341316,106.07,0.04335103756596918,25987.556,0.9823605033940863,3.9260258641377943,102.735,11.57,-0.1820334138730732,2.26,2.0589816945944195,6.1,1960.22998046875,0.04587283609250346
2014-09-30,95.4488500212256,100.9473,18406.941,3.059782928201682,2.53,0.13,2.4,84.62,0.014762172839270771,91.17,-0.15137335792056741,26171.607,0.7082274300822977,3.666125261946873,103.0641,16.31,0.34336287542733723,2.2,1.6840509711232077,5.9,1972.2900390625,0.00613352066470788
2014-12-31,96.8051681274448,100.7906,18500.031,2.6858351011456394,2.21,0.25,1.96,87.77,0.036549111312104664,53.45,-0.5339792581257571,26475.049,1.1594320516886913,3.630254044155845,103.7044,19.2,0.16313186240081334,2.15,0.6531213919623191,5.6,2058.89990234375,0.04297648817174513
2015-03-31,98.574511441529,100.4781,18666.621,3.9692994988184793,2.04,0.26,1.78,92.44,0.051840028802153805,47.72,-0.1133960402413389,26681.023,0.7779928943663306,3.6770323144411643,101.8914,15.29,-0.2277112590927649,2.11,-0.022031284423873476,5.4,2067.889892578125,0.004356899625238629
2015-06-30,99.3463064947448,100.1409,18782.243,3.2790878609270546,2.36,0.28,2.08,92.4,-0.00043280675854141614,59.48,0.220289524362239,27099.713,1.569242678588445,4.2795751936042015,100.571,18.23,0.17586956874960077,2.12,0.1795718097550525,5.3,2063.110107421875,-0.0023141066517863317
2015-09-30,100.291901617658,99.63108,18857.418,2.4473213664345517,2.17,0.33,1.8399999999999999,95.55,0.033522692038643435,45.06,-0.2776451865878558,27387.493,1.0619300654586272,4.645820946340806,100.7547,24.5,0.2956045288601097,2.15,0.008842961634170088,5.0,1920.030029296875,-0.07187377896656726
2015-12-31,101.787280446068,99.25883,18892.206,2.119861312664817,2.24,0.65,1.5900000000000003,96.42,0.0090639782911943,37.13,-0.1935696668151096,27540.109,0.5572470616423519,4.022882072852818,99.0417,18.21,-0.2967022238111647,2.16,0.6387247515364791,5.0,2043.93994140625,0.06253846285994674
2016-03-31,103.001953519955,99.0966,19001.69,1.7950168913805964,1.89,0.59,1.2999999999999998,95.73,-0.007181920019214325,36.94,-0.00513029341789498,27835.902,1.0740444055613585,4.328465966241235,98.3096,13.95,-0.2664913854721421,2.15,0.8916160965521946,5.0,2059.739990234375,0.007700467466339523
2016-06-30,103.822044640492,99.10451,19062.709,1.493250832714721,1.64,0.45,1.19,96.43,0.007285627564031307,48.27,0.2675152749013077,28121.919,1.0275111616645516,3.7720178069782673,98.8833,15.63,0.11371263616601075,2.21,1.0792865347959424,4.9,2098.860107421875,0.018814634864832754
2016-09-30,105.009110012726,99.25769,19197.938,1.8057615310855146,1.63,0.59,1.04,96.61,0.0018648990071251054,47.72,-0.011459652442686215,28467.669,1.2294680174564254,3.944048474973605,98.7457,13.29,-0.16218027170823135,2.29,1.5486446201652182,5.0,2168.27001953125,0.03253523220894816
2016-12-31,106.145280524029,99.68026,19304.352,2.1815663030564147,2.49,0.85,1.6400000000000001,101.16,0.046021166272346245,53.75,0.11899306977805685,28626.556,0.5581314016261718,3.9449625998212223,99.0214,14.04,0.05489852587251114,2.37,2.0507989115119862,4.7,2238.830078125,0.03202381930024066
2017-03-31,106.878052599422,99.91321,19398.343,2.0874616941966906,2.48,1.03,1.45,99.28,-0.01875928090541253,50.54,-0.061578565047724076,28966.27,1.186709291889665,4.060827631883468,99.0137,12.37,-0.12663621219326848,2.4,2.44119623655914,4.4,2362.719970703125,0.053860042467208366
2017-06-30,108.499027862779,99.95049,19506.949,2.3304137937582903,2.19,1.24,0.95,96.84,-0.024884008826494018,46.02,-0.09368901735282825,29365.576,1.378520603446698,4.4223760121064215,100.3471,11.18,-0.10114771867744334,2.49,1.640565809959127,4.3,2423.409912109375,0.025362117629682848
2017-09-30,109.745083635889,100.1729,19660.766,2.410821412174591,2.2,1.31,0.8900000000000001,93.57,-0.03435031278203622,51.67,0.11580125769187334,29686.352,1.0923538499636454,4.280937086910752,99.7954,9.51,-0.1617825911696542,2.54,2.1805652303711787,4.3,2519.360107421875,0.03882934067915097
2017-12-31,110.741816962729,100.5772,19882.352,2.9941434967617697,2.4,1.76,0.6399999999999999,94.38,0.00861936701041993,60.46,0.15710464705221872,30185.758,1.6822747368892,5.446697814434964,101.4644,11.04,0.1491811642916502,2.48,2.129930719552253,4.1,2673.610107421875,0.059424715653347636
2018-03-31,111.993606873921,100.9108,20044.077,3.328810094759116,2.84,2.09,0.75,92.18,-0.023585999005879113,64.87,0.07040327787365218,30413.27,0.7537064333451582,4.995465415464273,102.2067,19.97,0.5927061065787745,2.5,2.3309497646499366,4.0,2640.8701171875,-0.012321206606695332
2018-06-30,112.698004980836,100.8728,20150.476,3.2989628465220244,2.91,2.33,0.5800000000000001,96.91,0.05003952545409627,74.13,0.13343504144366433,30982.652,1.8721498872038334,5.506706219554469,103.198,16.09,-0.216033186423432,2.5,2.8075506935940187,4.0,2718.3701171875,0.028924026381460997
2018-09-30,113.749117494993,100.5557,20276.154,3.130030640718684,3.0,2.59,0.41000000000000014,97.62,0.0072996777125427445,73.16,-0.013171485145963436,31297.757,1.017036888901579,5.428100428102467,104.1004,12.12,-0.28334098036312344,2.52,2.332055105808828,3.7,2913.97998046875,0.06948735854824029
2018-12-31,114.560196731927,99.94087,20304.874,2.125110751484538,2.83,2.63,0.20000000000000018,98.55,0.009481643139727616,45.15,-0.48265854365967054,31649.593,1.124157235932266,4.849422697949146,104.0936,25.42,0.7406792851201397,2.54,2.0023809043401064,3.9,2506.85009765625,-0.15049281375607831
2019-03-31,115.708404627779,99.44259,20431.641,1.9335587266003706,2.57,2.4,0.16999999999999993,97.69,-0.008764833933878058,60.19,0.287515945696685,31930.827,0.8885864661829945,4.989785708672567,102.8757,13.71,-0.6174107721870851,2.54,1.8831863513063984,3.8,2834.39990234375,0.12280321624238706
2019-06-30,116.407017775045,99.10378,20602.275,2.242125694698238,2.07,1.92,0.1499999999999999,98.75,0.010792204116380062,58.2,-0.03362087082228719,32290.786,1.1273087289596306,4.222149866318747,102.4375,15.08,0.09524386900558697,2.59,1.671194894390049,3.6,2941.760009765625,0.03717780489772283
2019-09-30,117.657063019342,98.96687,20843.322,2.797216868642849,1.7,1.75,-0.050000000000000044,100.11,0.013678177650161058,54.09,-0.07323602885405651,32664.593,1.1576274420820765,4.3672011384074505,102.2917,16.24,0.07410797215372183,2.6,1.6844977040391562,3.5,2976.739990234375,0.011820693681515101
2019-12-31,119.158664152198,99.18102,20985.448,3.3517765241980912,1.86,1.59,0.27,98.12,-0.020078362041103703,61.14,0.12251699057935275,32941.707,0.8483620169398742,4.082561188069622,101.7003,13.78,-0.16425906914801938,2.61,2.3195274699624457,3.6,3230.780029296875,0.08189486452323777
2020-03-31,121.029317602844,97.7655,20709.212,1.3585350290757248,0.87,0.17,0.7,102.42,0.04289078664411559,20.51,-1.092253744378399,33855.658,2.774449423644021,6.028127614734191,97.4078,53.54,1.357210772506694,2.69,1.4940399642909163,4.4,2584.590087890625,-0.22315668118120488
2020-06-30,122.255809233522,96.28636,19077.992,-7.39861495878491,0.73,0.16,0.57,101.77,-0.006366640830564108,39.27,0.6495482965056291,34521.688,1.9672634925600896,6.908788160189117,91.5934,30.43,-0.5650000741833268,2.45,0.7166562831830481,11.0,3100.2900390625,0.18192874606599305
2020-09-30,125.870959256677,98.86179,20558.879,-1.3646720997737227,0.68,0.12,0.56,99.25,-0.025073445636540383,40.05,0.019667804924449864,34736.284,0.6216266133915571,6.342313831983137,95.9669,26.37,-0.1432019635436844,1.99,1.3910228912373812,7.8,3363.0,0.08133776465568499
2020-12-31,130.825282385654,100.0455,20791.917,-0.9222152417236895,0.93,0.1,0.8300000000000001,95.07,-0.0430284571963608,48.35,0.18833754838493516,35072.866,0.9689637498357717,6.469485628052007,98.363,22.75,-0.14766185496823597,2.1,1.3204191315779434,6.7,3756.070068359375,0.11053978346163756
2021-03-31,134.030300409343,101.0756,21082.134,1.8007541764505586,1.61,0.07,1.54,96.76,0.017620223370887624,59.19,0.20228638680333025,35513.128,1.2552780830628274,4.895695720933846,98.3856,19.4,-0.159292079327677,1.88,2.6678187820641908,6.1,3972.889892578125,0.05612054630419489
2021-06-30,137.982128416549,101.368,21440.929,12.385669309432568,1.52,0.07,1.45,97.19,0.004434139773552742,73.52,0.21680486934479795,36492.706,2.7583546005860216,5.709506441284096,99.7987,15.83,-0.20336619217636154,1.59,5.295632620349999,5.9,4297.5,0.07853969575090218
2021-09-30,142.267464049887,101.1924,21617.828,5.1508109950936465,1.37,0.09,1.28,98.68,0.01521446614577675,75.22,0.02285967499475885,37004.841,1.403390036354124,6.530799322115177,98.8579,23.14,0.3796558478726097,1.53,5.351215590949132,4.7,4307.5400390625,0.002333526299210618
2021-12-31,145.203948652326,101.0947,21988.737,5.756179192135091,1.47,0.39,1.08,101.02,0.023436225378750397,75.33,0.0014613087954129438,37773.874,2.078195660940696,7.701132835850943,100.5726,17.22,-0.29549122276594586,1.57,7.174340285065539,3.9,4766.18017578125,0.10117819779018065
2022-03-31,148.597318866443,100.6395,21932.71,4.034582077886428,2.13,1.63,0.5,102.45,0.014056357645002215,100.53,0.28857772857972536,38484.522,1.881321465730501,8.367029792475611,101.3907,20.56,0.17727594158737958,1.69,8.572204966013853,3.7,4530.41015625,-0.050732704749472134
2022-06-30,150.540948036499,99.71668,21967.045,2.4537929303342976,3.14,2.8,0.3400000000000003,107.43,0.04746459799354238,107.76,0.06945034168477979,39151.836,1.7339802219708211,7.2867438221764225,101.018,28.71,0.3338980535460083,1.83,8.979361103105798,3.6,3785.3798828125,-0.17966623042147956
2022-09-30,148.673356279946,99.05598,22125.625,2.3489732641040373,3.52,4.05,-0.5299999999999998,111.27,0.03512020749115798,79.91,-0.29900553071573716,39621.446,1.1994584366362915,7.070980253637638,101.2918,31.62,0.09654433764835342,2.05,8.192106896425821,3.5,3585.6201171875,-0.054214812594682166
2022-12-31,147.540921859391,98.73665,22278.345,1.3170742821654535,3.62,4.73,-1.1100000000000003,107.45,-0.034934057081089556,80.16,0.0031236359501831744,39968.814,0.8767171193095669,5.810735748205209,99.7664,21.67,-0.3778610162330583,2.26,6.404600402357152,3.5,3839.5,0.06841071518983645
2023-03-31,147.381040481967,98.58346,22439.607,2.3111462286238282,3.66,4.64,-0.9799999999999995,106.84,-0.005693234846759387,75.68,-0.05751071259293175,40248.554,0.6998956736619766,4.583744082880914,101.0205,18.7,-0.14740529168772684,2.47,4.917719362889961,3.5,4109.31005859375,0.06791299567281989
2023-06-30,149.043363364415,98.68858,22580.499,2.792610476283919,3.75,5.4,-1.6500000000000004,107.27,0.0040166323675776975,70.66,-0.06863428281262386,40457.113,0.5181776219836287,3.333884520766772,100.1196,13.59,-0.3191892956974885,2.75,3.070617072997095,3.6,4450.3798828125,0.07973431399747659
2023-09-30,151.299541979656,98.87202,22840.989,3.2331922827038895,4.38,5.46,-1.08,109.14,0.017282441148747968,90.77,0.25044919260753673,40668.132,0.5215868962276105,2.641715802093625,101.0211,17.52,0.25400885734519296,2.94,3.687206638119256,3.7,4288.0498046875,-0.03715742085857204
2023-12-31,152.407510338912,99.04315,23033.78,3.390893713155063,4.02,4.79,-0.7700000000000005,106.67,-0.022891505120694385,71.89,-0.23319166154275564,40892.094,0.5507063860223482,2.310000992273631,100.6031,12.45,-0.34162246259752876,3.1,3.3159099427102934,3.8,4769.830078125,0.10647864263095763
2024-03-31,152.760309697548,99.36462,23082.119,2.8632943527041155,4.21,5.03,-0.8200000000000003,108.4,0.01608813236815447,83.96,0.15520332195665204,41158.249,0.6508715352165684,2.2601929997286607,100.4575,13.01,0.04399766961369727,3.17,3.4868349120836584,3.9,5254.35009765625,0.0967456423109405
2024-06-30,153.539549860848,99.41647,23286.508,3.1266315239534936,4.31,5.09,-0.7800000000000002,111.04,0.02406240775294865,82.83,-0.013550180342259433,41489.309,0.8043588054486905,2.551333803773903,100.894,12.44,-0.04480120521338059,3.22,2.9702579486470926,4.1,5460.47998046875,0.03848037086176328
2024-09-30,154.412835006889,99.61661,23478.57,2.7913896372876,3.72,3.98,-0.2599999999999998,108.79,-0.020471078325503125,68.75,-0.18631357806349202,41835.494,0.8343956752810744,2.8704588644494544,99.8084,16.73,0.29628642768769925,3.2,2.4264830315416708,4.1,5762.47998046875,0.05383123980767914
2024-12-31,155.442612653776,99.93683,23586.542,2.3997884845648576,4.39,4.16,0.22999999999999954,113.45,0.0419427927928594,72.44,0.052281896468532,41746.359,-0.21306070868913896,2.0890713006773476,100.3273,17.35,0.036388991394135733,3.08,2.870690967509981,4.1,5881.6298828125,0.02046598024320146
2025-03-31,155.349399988534,99.8138,23548.21,2.0192730138857806,4.28,4.03,0.25,112.91,-0.004771170033419958,71.87,-0.007899701534861326,41932.4,0.4456460502340054,1.8809133498366215,101.0404,22.28,0.250096908666215,3.06,2.381981462805549,4.2,5611.85009765625,-0.04695346360899079
2025-06-30,154.557746808787,99.75742,23770.976,2.0804665087611918,4.38,3.96,0.41999999999999993,108.72,-0.037815271349542455,66.3,-0.08066903428853459,42224.199,0.6958795585275235,1.7712755833074967,101.4785,16.73,-0.2864859000603507,3.04,2.680453865910226,4.1,6204.9501953125,0.10046694123752506
2025-09-30,153.894276899797,99.97827,24026.834,2.335167772142843,4.12,3.68,0.43999999999999995,108.27,-0.004147662520081373,63.17,-0.04836039228120774,42637.245,0.9782210433405769,1.916437272140259,101.668,16.28,-0.027266154424338346,2.98,3.0225715847133294,4.4,6688.4599609375,0.07503625539793267
2025-12-31,153.955189510694,100.4335,24055.749,1.9892996607980828,4.14,3.48,0.6599999999999997,107.51,-0.007044240825670113,57.26,-0.09822720524064008,,,,101.6781,14.95,-0.08522606073769895,2.94,2.653304114557753,4.4,6845.5,0.02320785461047911
