,us_house_price_idx,us_cpi,us_unemployment,us_consumer_confidence,us_real_gdp,us_gdp_yoy_growth,us_bond_yield_10y,us_reer,us_oil_price,us_credit,us_credit_qoq_growth,us_credit_yoy_growth,us_industrial_production,us_vix,us_sp500_close,us_sp500_qoq_growth
1919-03-31,,,,,,,,,,,,,4.5238,,,
1919-06-30,,,,,,,,,,,,,4.9277,,,
1919-09-30,,,,,,,,,,,,,5.197,,,
1919-12-31,,,,,,,,,,,,,5.1432,,,
1920-03-31,,,,,,,,,,,,,5.5201,,,
1920-06-30,,,,,,,,,,,,,5.4124,,,
1920-09-30,,,,,,,,,,,,,5.1162,,,
1920-12-31,,,,,,,,,,,,,4.2276,,,
1921-03-31,,,,,,,,,,,,,3.7968,,,
1921-06-30,,,,,,,,,,,,,3.8776,,,
1921-09-30,,,,,,,,,,,,,4.0122,,,
1921-12-31,,,,,,,,,,,,,4.1738,,,
1922-03-31,,,,,,,,,,,,,4.7662,,,
1922-06-30,,,,,,,,,,,,,5.0893,,,
1922-09-30,,,,,,,,,,,,,5.2509,,,
1922-12-31,,,,,,,,,,,,,5.951,,,
1923-03-31,,,,,,,,,,,,,6.0856,,,
1923-06-30,,,,,,,,,,,,,6.2472,,,
1923-09-30,,,,,,,,,,,,,5.951,,,
1923-12-31,,,,,,,,,,,,,5.7894,,,
1924-03-31,,,,,,,,,,,,,5.9241,,,
1924-06-30,,,,,,,,,,,,,5.2509,,,
1924-09-30,,,,,,,,,,,,,5.5471,,,
1924-12-31,,,,,,,,,,,,,5.951,,,
1925-03-31,,,,,,,,,,,,,6.1395,,,
1925-06-30,,,,,,,,,,,,,6.1125,,,
1925-09-30,,,,,,,,,,,,,6.0856,,,
1925-12-31,,,,,,,,,,,,,6.5434,,,
1926-03-31,,,,,,,,,,,,,6.5165,,,
1926-06-30,,,,,,,,,,,,,6.5434,,,
1926-09-30,,,,,,,,,,,,,6.7588,,,
1926-12-31,,,,,,,,,,,,,6.705,,,
1927-03-31,,,,,,,,,,,,,6.8127,,,
1927-06-30,,,,,,,,,,,,,6.678,,,
1927-09-30,,,,,,,,,,,,,6.4895,,,
1927-12-31,,,,,,,,,,,,,6.3818,,,
1928-03-31,,,,,,,,,,,,,6.6242,,,
1928-06-30,,,,,,,,,,,,,6.7319,,,
1928-09-30,,,,,,,,,,,,,7.0012,,,
1928-12-31,,,,,,,,,,,,,7.4051,,,
1929-03-31,,,,,,,,,,,,,7.5128,,,
1929-06-30,,,,,,,,,,,,,7.8359,,,
1929-09-30,,,,,,,,,,,,,7.809,,,
1929-12-31,,,,,,,,,,,,,6.9742,,,
1930-03-31,,,,,,,,,,,,,6.8396,,,
1930-06-30,,,,,,,,,,,,,6.4895,,,
1930-09-30,,,,,,,,,,,,,5.951,,,
1930-12-31,,,,,,,,,,,,,5.5201,,,
1931-03-31,,,,,,,,,,,,,5.6279,,,
1931-06-30,,,,,,,,,,,,,5.4394,,,
1931-09-30,,,,,,,,,,,,,4.9277,,,
1931-12-31,,,,,,,,,,,,,4.6585,,,
1932-03-31,,,,,,,,,,,,,4.3623,,,
1932-06-30,,,,,,,,,,,,,3.7968,,,
1932-09-30,,,,,,,,,,,,,4.0391,,,
1932-12-31,,,,,,,,,,,,,4.093,,,
1933-03-31,,,,,,,,,,,,,3.7968,,,
1933-06-30,,,,,,,,,,,,,5.4663,,,
1933-09-30,,,,,,,,,,,,,5.4124,,,
1933-12-31,,,,,,,,,,,,,4.8739,,,
1934-03-31,,,,,,,,,,,,,5.5201,,,
1934-06-30,,,,,,,,,,,,,5.5201,,,
1934-09-30,,,,,,,,,,,,,4.7931,,,
1934-12-31,,,,,,,,,,,,,5.3855,,,
1935-03-31,,,,,,,,,,,,,5.8971,,,
1935-06-30,,,,,,,,,,,,,5.8702,,,
1935-09-30,,,,,,,,,,,,,6.2472,,,
1935-12-31,,,,,,,,,,,,,6.6511,,,
1936-03-31,,,,,,,,,,,,,6.4626,,,
1936-06-30,,,,,,,,,,,,,7.1358,,,
1936-09-30,,,,,,,,,,,,,7.5128,,,
1936-12-31,,,,,,,,,,,,,8.0783,,,
1937-03-31,,,,,,,,,,,,,8.3475,,,
1937-06-30,,,,,,,,,,,,,8.2667,,,
1937-09-30,,,,,,,,,,,,,7.9975,,,
1937-12-31,,,,,,,,,,,,,6.0856,,,
1938-03-31,,,,,,,,,,,,,5.8971,,,
1938-06-30,,,,,,,,,,,,,5.7086,,,
1938-09-30,,,,,,,,,,,,,6.5434,,,
1938-12-31,,,,,,,,,,,,,7.055,,,
1939-03-31,,,,,,,,,,,,,7.1358,,,
1939-06-30,,,,,,,,,,,,,7.2435,,,
1939-09-30,,,,,,,,,,,,,8.0244,,,
1939-12-31,,,,,,,,,,,,,8.6437,,,
1940-03-31,,,,,,,,,,,,,8.0783,,,
1940-06-30,,,,,,,,,,,,,8.7514,,,
1940-09-30,,,,,,,,,,,,,9.1015,,,
1940-12-31,,,,,,,,,,,,,9.7747,,,
1941-03-31,,,,,,,,,,,,,10.6364,,,
1941-06-30,,,,,,,,,,,,,11.2288,,,
1941-09-30,,,,,,,,,,,,,11.4981,,,
1941-12-31,,,,,,,,,,,,,11.8481,,,
1942-03-31,,,,,,,,,,,,,12.4405,,,
1942-06-30,,,,,,,,,,,,,12.1443,,,
1942-09-30,,,,,,,,,,,,,13.1137,,,
1942-12-31,,,,,,,,,,,,,14.1908,,,
1943-03-31,,,,,,,,,,,,,14.8102,,,
1943-06-30,,,,,,,,,,,,,15.0256,,,
1943-09-30,,,,,,,,,,,,,16.2104,,,
1943-12-31,,,,,,,,,,,,,16.4527,,,
1944-03-31,,,,,,,,,,,,,16.7489,,,
1944-06-30,,,,,,,,,,,,,16.5874,,,
1944-09-30,,,,,,,,,,,,,16.6681,,,
1944-12-31,,,,,,,,,,,,,16.5335,,,
1945-03-31,,,,,,,,,,,,,16.2104,,,
1945-06-30,,,,,,,,,,,,,15.1333,,,
1945-09-30,,,,,,,,,,,,,12.0635,,,
1945-12-31,,,,,,,,,,85.382,,,12.0635,,,
1946-03-31,,,,,,,,,,88.98,4.214002951441764,,11.9558,,,
1946-06-30,,,,,,,,,,92.619,4.0896830748482715,,12.0097,,,
1946-09-30,,,,,,,,,,96.297,3.9711074401580726,,13.1137,,,
1946-12-31,,,,,,,,,,99.975,3.819433627215796,17.091424422009304,13.5176,,,
1947-03-31,,,,,2182.681,,,,,104.29,4.316079019754948,17.206113733423244,13.8407,,,
1947-06-30,,,,,2176.892,,,,,108.653,4.183526704382001,17.3117826795798,13.7869,,,
1947-09-30,,,,,2172.432,,,,,113.063,4.058792670243805,17.41071892166943,13.8946,,,
1947-12-31,,,,,2206.452,,,,,117.474,3.901364725860801,17.503375843961,14.2716,,,
1948-03-31,,,,,2239.682,2.6115130887197857,,,,121.432,3.369256175834656,16.436858759229068,14.2177,,,
1948-06-30,,,,,2276.69,4.584425869542463,,,,125.389,3.2586138744317816,15.403164201632702,14.6755,,,
1948-09-30,,,,,2289.77,5.401227748440474,,,,129.39,3.19087001252103,14.440621600346692,14.5139,,,
1948-12-31,,,,,2292.364,3.893671831519563,,,,133.391,3.0922018703145593,13.549381139656425,14.2985,,,
1949-03-31,,,,,2260.807,0.9432142598815307,,,,136.058,1.9993852658725109,12.04460109361618,13.76,,,
1949-06-30,,,,,2253.128,-1.0349235073725427,,,,138.754,1.9815078863425928,10.658829721905416,13.4638,,,
1949-09-30,,,,,2276.424,-0.5828532996763891,,,,141.48,1.9646280467590094,9.343844191977734,13.7061,,,
1949-12-31,,,,,2257.352,-1.5273316105121282,,,,144.206,1.926774102346629,8.107743400979084,13.7869,,,
1950-03-31,,,,,2346.104,3.7728563296203443,,,,149.809,3.8854139217508354,10.10671919328523,14.5409,,17.290000915527344,
1950-06-30,,,,,2417.682,7.3033578207718275,,,,155.474,3.7814817534326917,12.050103060091955,15.8334,,17.690000534057617,2.3134736688825264
1950-09-30,,,,,2511.127,10.31016190305496,,,,161.202,3.6842172967827436,13.939779474130631,16.7489,,19.450000762939453,9.949124792242948
1950-12-31,,,,,2559.214,13.37239384907627,,,,166.929,3.5526854505527172,15.757319390316638,17.1259,,20.43000030517578,5.038557860129478
1951-03-31,,,,,2593.967,10.564876919352262,,,,171.94,3.0018750486733747,14.772810712307006,17.3682,,21.479999542236328,5.139496923034992
1951-06-30,,,,,2638.898,9.149921288242213,,,,177.007,2.9469582412469553,13.849904164040305,17.2605,,20.959999084472656,-2.4208587935078407
1951-09-30,,,,,2693.259,7.252998354921925,,,,182.13,2.8942358211822006,12.982469200133995,16.9374,,23.260000228881836,10.973288382025936
1951-12-31,,,,,2699.156,5.468163272004611,,,,187.253,2.8128260034041563,12.175236178255421,17.1528,,23.770000457763672,2.1926062934796153
1952-03-31,,,,,2727.954,5.165331710079579,,,,189.293,1.0894351492366061,10.09247411887868,17.5029,,24.3700008392334,2.5241917118842716
1952-06-30,,,,,2733.8,3.5962738991806464,,,,195.577,3.3197212786526764,10.491110521052827,17.0182,,24.959999084472656,2.4210021539655235
1952-09-30,,,,,2753.517,2.2373637292217197,,,,200.88,2.711464026956123,10.294844341953556,18.4723,,24.540000915527344,-1.6826850334565435
1952-12-31,,,,,2843.941,5.364084180388229,,,,208.132,3.610115491835919,11.150155137701411,19.1455,,26.56999969482422,8.272203356000784
1953-03-31,,,,,2896.811,6.189877102033248,,,,211.975,1.8464243845252026,11.982482183704612,19.4686,,25.290000915527344,-4.817458765519733
1953-06-30,,,,,2919.206,6.781988440997866,3.11,,,218.127,2.9022290364429937,11.529985632257379,19.5763,,24.139999389648438,-4.547257747123446
1953-09-30,,,,,2902.785,5.420994313817573,2.87,,,222.132,1.8360863166870578,10.579450418160107,19.307,,23.350000381469727,-3.2725726104097297
1953-12-31,,,,,2858.845,0.5240615047921171,2.59,,,225.767,1.6364143842400036,8.472988295889138,18.2299,,24.809999465942383,6.252672636490808
1954-03-31,,,,,2845.192,-1.7819250203068182,2.37,,,226.957,0.5270920905180887,7.067814600778388,18.0414,,26.940000534057617,8.585252373903373
1954-06-30,,,,,2848.305,-2.4287768660382403,2.38,,,231.822,2.1435778583608345,6.278452461180861,18.0953,,29.209999084472656,8.426126597678806
1954-09-30,,,,,2880.482,-0.7683311027168682,2.38,,,237.222,2.3293733985557896,6.793258062773488,18.1222,,32.310001373291016,10.612812002675653
1954-12-31,,,,,2936.852,2.728619424977574,2.51,,,244.211,2.9461854296819023,8.16948446850072,18.8762,,35.97999954223633,11.358706322987366
1955-03-31,,,4.733333,102.1122,3020.746,6.170198707152275,2.68,,,248.948,1.9397160652059098,9.68950065430898,20.0071,,36.58000183105469,1.6675994898611046
1955-06-30,,,4.4,102.4766,3069.91,7.780241231188367,2.78,,,259.377,4.189228272570977,11.886274814297181,20.5996,,41.029998779296875,12.1651085989404
1955-09-30,,,4.1,102.4338,3111.379,8.015915391937867,2.97,,,267.356,3.076217243626078,12.702869042500264,20.8688,,43.66999816894531,6.4343150577439
1955-12-31,,,4.233333,102.0572,3130.068,6.579017260658704,2.96,,,277.617,3.8379538891964327,13.679154501639967,21.3535,,45.47999954223633,4.14472509545043
1956-03-31,,0.3745318,4.033333,101.0808,3117.922,3.2169536928957188,2.96,,,282.304,1.6882971864114804,13.398782074971471,21.2997,,48.47999954223633,6.59630613499449
1956-06-30,,1.248439,4.2,100.3085,3143.694,2.403458081833021,3.0,,,291.311,3.1905321922466534,12.311808680029435,21.0843,,46.970001220703125,-3.114683035872712
1956-09-30,,1.987578,4.133333,100.4121,3140.874,0.9479719442729406,3.38,,,297.383,2.0843703121406376,11.231092625562923,21.7574,,45.349998474121094,-3.449015764274621
1956-12-31,,2.48139,4.133333,100.6115,3192.57,1.9968256280694208,3.59,,,305.291,2.659197062374119,9.968409715543359,22.0806,,46.66999816894531,2.9106940225752664
1957-03-31,,3.358209,3.933333,100.0694,3213.011,3.0497555743857596,3.41,,,309.274,1.3046568683649395,9.553530945363864,22.1883,,44.11000061035156,-5.4853174609661774
1957-06-30,,3.575832,4.1,99.27355,3205.97,1.9809816095332389,3.8,,,318.147,2.868977023610131,9.212147841997043,21.8652,,47.369998931884766,7.390610465709591
1957-09-30,,3.410475,4.233333,98.08245,3237.386,3.0727752848411116,3.92,,,323.451,1.6671538628370008,8.765800331558982,21.8113,,42.41999816894531,-10.449653524496084
1957-12-31,,3.026634,4.933333,96.802,3203.894,0.3546985657322921,3.21,,,329.585,1.8964232604010922,7.95765351746367,20.5726,,39.9900016784668,-5.728421959851615
1958-03-31,,3.489771,6.3,96.84594,3120.724,-2.8722901975747894,2.98,,,330.838,0.3801750686469374,6.972458079243649,19.5225,,42.099998474121094,5.2763108454442875
1958-06-30,,3.214286,7.366667,98.38667,3141.224,-2.019544786757199,2.97,,,336.654,1.75796008922795,5.817122273665953,19.8994,,45.2400016784668,7.458440185635307
1958-09-30,,2.237927,7.333333,100.3521,3213.884,-0.7259560645533125,3.76,,,342.246,1.661052594057999,5.810771956185001,20.7881,,50.060001373291016,10.654287170635612
1958-12-31,,1.99765,6.366667,102.051,3289.032,2.6573288629399228,3.86,,,352.516,3.0007655312260795,6.957537509292,21.6767,,55.209999084472656,10.287649959852718
1959-03-31,,0.9302326,5.833333,103.1306,3352.129,7.415106238167812,3.99,,,357.062,1.2895868556320744,7.926538063946698,22.7538,,55.439998626708984,0.41659037502324026
1959-06-30,,0.461361,5.1,102.8525,3427.667,9.118833932250613,4.34,,,369.456,3.4711058583663412,9.743534905273666,23.6155,,58.470001220703125,5.465372779671029
1959-09-30,,1.036866,5.266667,101.69,3430.057,6.726222850606911,4.68,,,378.124,2.346152180503225,10.483102797403054,22.2421,,56.880001068115234,-2.7193434571451736
1959-12-31,,1.612903,5.6,100.9833,3439.832,4.584935628476705,4.69,,,389.209,2.9315780008674297,10.40888924190675,23.5885,,59.88999938964844,5.2918394251235235
1960-03-31,,1.497696,5.133333,100.108,3517.181,4.92379619042107,4.25,,,393.312,1.054189394387084,10.152298480375954,23.777,,55.34000015258789,-7.597260449875676
1960-06-30,,1.722158,5.233333,99.25894,3498.246,2.0590973393856515,4.15,,,404.512,2.847612073875183,9.488545320687702,23.2654,,56.91999816894531,2.8550741091451393
1960-09-30,,1.254276,5.533333,98.59274,3515.385,2.487655452956039,3.8,,,410.756,1.5435883237085557,8.629973236292843,22.9153,,53.52000045776367,-5.973292024869792
1960-12-31,,1.360544,6.266667,98.26308,3470.278,0.8851013654155082,3.84,,,420.477,2.3666118084702426,8.033729949718516,22.1344,,58.11000061035156,8.576233395607268
1961-03-31,,1.475596,6.8,98.95934,3493.703,-0.6675232238545603,3.74,,,423.016,0.6038380220559247,7.552274021641847,22.2691,,65.05999755859375,11.960070341152495
1961-06-30,,0.9029346,7.0,100.2488,3553.021,1.5657846818091237,3.88,,,433.052,2.3724870926868036,7.055414919705716,23.4,,64.63999938964844,-0.6455551563263717
1961-09-30,,1.238739,6.766667,101.104,3621.252,3.0115335873595495,3.98,,,439.847,1.569095628238637,7.082306770929714,23.8578,,66.7300033569336,3.2332982472457417
1961-12-31,,0.671141,6.2,101.2552,3692.289,6.397498989994466,4.06,,,452.605,2.9005540562968557,7.6408459915762394,24.908,,71.55000305175781,7.223137198184171
1962-03-31,,0.8948546,5.633333,100.6409,3758.147,7.569160858836588,3.93,,,456.421,0.8431192761900519,7.89686442120392,25.2311,,69.55000305175781,-2.795247959043745
1962-06-30,,1.342282,5.533333,99.69348,3792.149,6.730272632782075,3.91,,,469.346,2.831815363447343,8.380979651404452,25.2042,,54.75,-21.279658378654453
1962-09-30,,1.223582,5.566667,99.39235,3838.776,6.0068727611334305,3.98,,,478.75,2.0036391063309456,8.844666440830572,25.635,,56.27000045776367,2.776256543860578
1962-12-31,,1.333333,5.533333,99.78593,3851.421,4.3098468185995165,3.86,,,492.52,2.87624020887729,8.818948089393608,25.7696,,63.099998474121094,12.13790289815979
1963-03-31,,1.219512,5.766667,100.2185,3893.482,3.601109802250946,3.93,,,498.502,1.2145699667018617,9.219777354679138,26.4159,,66.56999969482422,5.499209674507766
1963-06-30,,1.103753,5.733333,100.3107,3937.183,3.824586006509767,3.99,,,513.521,3.0128264279782213,9.412032913884417,27.0622,,69.37000274658203,4.20610344688872
1963-09-30,,1.208791,5.5,100.1853,4023.755,4.818697418135365,4.08,,,524.011,2.0427596923981772,9.453994778067877,27.2776,,71.69999694824219,3.3587921427247647
1963-12-31,,1.425439,5.566667,100.2134,4050.147,5.159809846807195,4.13,,,540.367,3.1213085221493353,9.714732396653947,27.5469,,75.0199966430664,4.630404234495034
1964-03-31,,1.533406,5.466667,100.4655,4135.553,6.217339646105979,4.22,,,547.51,1.3218793893779557,9.831053837296544,27.9777,,78.9800033569336,5.278601561005525
1964-06-30,,1.310044,5.2,100.7225,4180.592,6.182313598326505,4.17,,,563.882,2.9902650179905343,9.806999129538996,28.6778,,81.69000244140625,3.43124711229168
1964-09-30,,1.194354,5.0,100.8719,4245.918,5.521285465939152,4.2,,,574.871,1.9488119854863317,9.705903120354353,29.1625,,84.18000030517578,3.0481059974940328
1964-12-31,,1.081081,4.966667,101.0745,4259.046,5.157812790498717,4.18,,,591.322,2.861685491179755,9.42970240595744,29.9973,,84.75,0.6771200911829478
1965-03-31,,1.078749,4.9,101.1951,4362.111,5.478300000024183,4.21,,,601.145,1.6611930555602505,9.7961681065186,30.9128,,86.16000366210938,1.663721135232299
1965-06-30,,1.724138,4.666667,101.0107,4417.225,5.660274908434038,4.21,,,619.309,3.021567175972506,9.829538804217908,31.5321,,84.12000274658203,-2.367688984238603
1965-09-30,,1.716738,4.366667,101.134,4515.427,6.347484807761239,4.29,,,631.51,1.9700989328429008,9.852471250071758,32.0438,,89.95999908447266,6.9424585677726025
1965-12-31,,1.818182,4.1,101.6855,4619.458,8.46227065873435,4.62,,,649.65,2.8724802457601673,9.86399964824578,32.9054,,92.43000030517578,2.7456661247670544
1966-03-31,,2.347919,3.866667,101.7521,4731.888,8.477019498128314,4.87,,,661.449,1.8162087277765027,10.03152317660465,33.9018,,89.2300033569336,-3.4620760983195553
1966-06-30,,2.754237,3.833333,100.8486,4748.046,7.489340026826796,4.81,,,682.868,3.238193723174443,10.262889769081362,34.4403,,84.73999786376953,-5.031945897394352
1966-09-30,,3.270042,3.766667,99.78467,4788.254,6.042108531485502,5.18,,,692.403,1.3963167112824193,9.642444300169451,34.9789,,76.55999755859375,-9.653057011313814
1966-12-31,,3.676471,3.7,98.89137,4827.537,4.504402897482795,4.84,,,706.595,2.0496733838530456,8.76548910952053,35.0596,,80.33000183105469,4.924248161810141
1967-03-31,,3.023983,3.833333,98.61646,4870.299,2.925069232407873,4.54,,,713.77,1.015433168929869,7.9100580694807965,34.6292,,90.19999694824219,12.286810521858937
1967-06-30,,2.680412,3.833333,99.3139,4873.287,2.637737713577337,5.02,,,731.651,2.5051487173739506,7.143840390822231,34.6465,,90.63999938964844,0.4878076012116983
1967-09-30,,2.655771,3.8,100.2422,4919.392,2.7387436004856935,5.3,,,743.298,1.591879188301526,7.350488082807272,35.1727,,96.70999908447266,6.696822303285943
1967-12-31,,2.735562,3.9,100.7194,4956.477,2.6709272243796267,5.7,,,773.178,4.019922023199318,9.423078283882557,36.3536,,96.47000122070312,-0.24816240930775058
1968-03-31,,3.846154,3.733333,100.7512,5057.553,3.8448152772550426,5.74,,,773.843,0.08600865518677558,8.416296566120728,36.5584,,90.19999694824219,-6.499434221127953
1968-06-30,,4.016064,3.566667,100.771,5142.033,5.514676233925897,5.72,,,798.123,3.1375873400677046,9.085205924682693,37.158,,99.58000183105469,10.399118847193378
1968-09-30,,4.477612,3.533333,101.1004,5181.859,5.335354450306062,5.46,,,813.391,1.9129883489136246,9.429999811650225,37.3454,,102.66999816894531,3.103029002884572
1968-12-31,,4.733728,3.4,101.3766,5202.212,4.9578561546840705,6.03,,,840.074,3.2804641310267835,8.652082702818742,38.0233,,103.86000061035156,1.1590556760779025
1969-03-31,,4.775828,3.4,101.0275,5283.597,4.469434131486105,6.3,,,848.987,1.0609779614652926,9.710496832044747,38.8,,101.51000213623047,-2.262659792327093
1969-06-30,,5.501931,3.433333,100.2353,5299.625,3.064780019887059,6.57,,,875.953,3.176255937959005,9.751629761327507,38.8874,,97.70999908447266,-3.7434764769860407
1969-09-30,,5.619048,3.566667,99.58399,5334.6,2.947610114439625,7.16,,,891.625,1.7891370884054236,9.618252476361322,39.1737,,93.12000274658203,-4.697570751098324
1969-12-31,,5.932203,3.566667,98.84799,5308.556,2.0442073487201062,7.65,,,915.449,2.6719753259498047,8.972423857898226,38.7116,,92.05999755859375,-1.1383216889211178
1970-03-31,55.7473319735971,6.046512,4.166667,97.94032,5300.652,0.3227914619529093,7.07,,,920.172,0.5159216952555612,8.384698470059027,37.9205,,89.62999725341797,-2.639583282227609
1970-06-30,55.5463162444915,6.038426,4.766667,97.54118,5308.164,0.1611246078731865,7.84,,,943.967,2.585929587077196,7.764571843466483,37.6567,,72.72000122070312,-18.866447116922114
1970-09-30,56.0448949291585,5.680793,5.166667,97.69155,5357.077,0.42134368087578533,7.39,,,960.905,1.7943423869690278,7.770082714145521,37.4221,,84.30000305175781,15.924094659885535
1970-12-31,56.2989585314487,5.6,5.833333,98.67146,5299.672,-0.16735247777361906,6.39,,,981.085,2.100103548217569,7.169815030657101,37.2885,,92.1500015258789,9.311978873003612
1971-03-31,56.8460170635473,5.0,5.933333,99.93262,5443.619,2.697158764619889,5.7,,,994.486,1.3659366925393712,8.076098816308242,37.4631,,100.30999755859375,8.85512305761953
1971-06-30,57.7498345998532,4.400345,5.9,100.2955,5473.059,3.1064413232145816,6.52,,,1025.346,3.1031105515814117,8.620958147901359,38.0234,,98.69999694824219,-1.6050250718141257
1971-09-30,57.9527932184827,4.351536,6.033333,100.4125,5518.072,3.005276944871249,6.14,,,1049.77,2.382025189545778,9.248052617064118,38.3056,,98.33999633789062,-0.36474227100569134
1971-12-31,59.2866231490447,3.451179,5.933333,101.2566,5531.032,4.365553188952087,5.93,,,1077.712,2.6617259018642203,9.848993716140807,39.2035,,102.08999633789062,3.8133009351710934
1972-03-31,58.4104579757008,3.42523,5.766667,102.2806,5632.649,3.4725060662768703,6.07,,,1099.111,1.985595409534291,10.520510092650891,40.8263,,107.19999694824219,5.005388180678172
1972-06-30,59.6903773837502,3.140496,5.7,102.7784,5760.47,5.251377703035898,6.11,,,1139.652,3.6885264545619023,11.148041734204849,41.3497,,107.13999938964844,-0.05596787341581866
1972-09-30,60.5455868705106,3.025347,5.566667,103.3538,5814.854,5.378364037294192,6.55,,,1168.057,2.492427512960105,11.26789677738933,42.2132,,110.55000305175781,3.1827549762323715
1972-12-31,61.6436165514419,3.49878,5.366667,103.8107,5912.22,6.891806086097496,6.36,,,1210.643,3.6458837197157257,12.334556913164185,43.7367,,118.05000305175781,6.784260328322755
1973-03-31,63.164662872361,4.038772,4.933333,103.4284,6058.544,7.561184799549903,6.71,,,1246.838,2.989733554813423,13.440589712958918,44.7045,,111.5199966430664,-5.531559711886147
1973-06-30,63.3757573953064,5.528846,4.933333,102.289,6124.506,6.319553786409782,6.9,,,1295.54,3.9060407206068515,13.678561525799093,45.0035,,104.26000213623047,-6.510038311848643
1973-09-30,64.076727803121,6.825397,4.8,101.3243,6092.301,4.7713493752379765,7.09,,,1336.394,3.1534340892600765,14.411711072319244,45.4624,,108.43000030517578,3.9996145055671617
1973-12-31,64.4010049999491,8.254717,4.766667,100.6834,6150.131,4.024055261813664,6.74,,,1373.126,2.7485906102541646,13.42121500723168,45.923,,97.55000305175781,-10.034120836296466
1974-03-31,63.6766084864611,9.937888,5.133333,99.89317,6097.258,0.6389984128199799,7.21,,,1399.728,1.9373313155529814,12.262218507937694,45.4777,,93.9800033569336,-3.659661284613247
1974-06-30,62.9790661110586,10.55429,5.2,98.59331,6111.751,-0.20826169490241186,7.54,,,1452.27,3.7537292959775037,12.097658119394229,45.6238,,86.0,-8.49117160235221
1974-09-30,63.2324337663339,11.44131,5.633333,96.94318,6053.978,-0.6290398324048763,8.04,,,1490.429,2.6275417105634746,11.526166684376026,45.2365,,63.540000915527344,-26.116278005200765
1974-12-31,62.2846608282658,12.20044,6.6,95.63673,6030.464,-1.9457634317057715,7.43,,,1523.934,2.2480104721526395,10.982823134949005,42.0533,,68.55999755859375,7.900529698984737
1975-03-31,62.4130921104947,11.08757,8.266666,95.92093,5957.035,-2.2997714710448536,7.73,,,1531.672,0.5077647719651912,9.426402843981109,40.0638,,83.36000061035156,21.586936375120523
1975-06-30,62.4396280789175,9.684066,8.866667,97.31667,5999.61,-1.8348424207727088,7.86,,,1556.872,1.6452608652505196,7.202655153656012,40.2772,,95.19000244140625,14.19146082585998
1975-09-30,61.170192832849,8.733334,8.466666,98.71856,6102.326,0.7986153897486803,8.43,,,1581.501,1.5819540720110492,6.110455446049423,41.6304,,83.87000274658203,-11.892004837159442
1975-12-31,61.3393469960194,7.249191,8.3,99.93673,6184.53,2.5547951202428143,8.0,,,1615.051,2.121402389249205,5.979064710151483,42.4414,,90.19000244140625,7.535470952493539
1976-03-31,61.3799723569383,6.357279,7.733333,100.8788,6323.649,6.154303273356643,7.73,,,1635.133,1.2434282261055696,6.754775173797012,43.5168,,102.7699966430664,13.9483244939848
1976-06-30,62.4032642108448,6.073889,7.566667,101.0847,6370.025,6.173984642335095,7.86,,,1682.642,2.905512884884587,8.07837767009747,43.9637,,104.27999877929688,1.4693025061340625
1976-09-30,62.402996501655,5.518087,7.733333,101.0222,6404.895,4.95825690072933,7.59,,,1723.078,2.4031255608738977,8.95206515835274,44.6721,,105.23999786376953,0.9205975217783102
1976-12-31,62.7119864954673,5.069403,7.766667,101.3034,6451.177,4.311515992322779,6.87,,,1773.575,2.9306276326434455,9.815417593623987,45.8294,,107.45999908447266,2.109465284840528
1977-03-31,63.0567532511507,5.85774,7.5,101.8397,6527.703,3.2268394403294653,7.46,,,1816.288,2.4082996208223406,11.078915293129054,46.8185,,98.41999816894531,-8.412433456677338
1977-06-30,64.1786673371641,6.847698,7.133333,101.9842,6654.466,4.465304296293993,7.28,,,1886.176,3.847847918391789,12.096096495867803,48.0116,,100.4800033569336,2.0930758243381975
1977-09-30,65.1910348499212,6.682161,6.9,101.7621,6774.457,5.769993106834703,7.34,,,1947.699,3.2617846902940117,13.036032031051414,48.3189,,96.52999877929688,-3.9311349976822507
1977-12-31,66.6031901886216,6.605399,6.666667,101.6691,6774.592,5.013271221670101,7.69,,,2020.846,3.7555597656516726,13.941953399207808,48.5629,,95.0999984741211,-1.4814050795186384
1978-03-31,67.3033415990865,6.606437,6.333333,101.8378,6796.26,4.1141118093148465,8.04,,,2072.739,2.5678849353191646,14.119511883577939,49.0265,,89.20999908447266,-6.193480004367446
1978-06-30,67.987880300849,6.961326,6.0,102.2252,7058.92,6.077933225596155,8.46,,,2163.082,4.358628848108692,14.680814515718566,50.5801,,95.52999877929688,7.084407308243357
1978-09-30,69.1910769828303,7.95207,6.033333,102.1642,7129.915,5.247033083241948,8.42,,,2238.138,3.469863833178777,14.911903738719378,50.8744,,102.54000091552734,7.338011332362404
1978-12-31,70.0734313726074,8.943966,5.9,101.6215,7225.75,6.659559719611163,9.01,,,2315.825,3.471054957290387,14.596807475680972,51.909,,96.11000061035156,-6.27072386167894
1979-03-31,71.5077302822835,9.745763,5.866667,101.0753,7238.727,6.510448393675339,9.12,,,2378.591,2.7103084214048945,14.755934056338017,52.0446,,101.58999633789062,5.701795539213461
1979-06-30,71.3696505373974,10.7438,5.7,100.3104,7246.454,2.6566953584967523,8.91,,,2476.7,4.1246687639867385,14.498664405695205,51.8965,,102.91000366210938,1.2993477426934685
1979-09-30,71.4388957316331,11.7558,5.866667,99.54821,7300.281,2.389453450707335,9.33,,,2566.476,3.6248233536560814,14.67014098326378,51.4597,,109.31999969482422,6.228739485581181
1979-12-31,71.3689983674672,12.66073,5.966667,98.72467,7318.535,1.284088156938723,10.39,,,2643.895,3.0165487618041276,14.166441764813854,51.7878,,107.94000244140625,-1.2623465580592241
1980-03-31,70.4205074801084,14.28571,6.3,97.80393,7341.557,1.420553641544986,12.75,,,2713.36,2.6273736286804183,14.074256566177223,51.87,,102.08999633789062,-5.4196831306273285
1980-06-30,69.0963863235689,14.5056,7.333333,98.01794,7190.289,-0.775068743967744,9.78,,,2752.864,1.4559070672524044,11.15048249687085,48.9482,,114.23999786376953,11.90126551250492
1980-09-30,70.1088336769823,12.86682,7.666667,99.61237,7181.743,-1.623745716089553,11.51,,,2815.092,2.260482174201117,9.687057272306454,49.5608,,125.45999908447266,9.821429823627014
1980-12-31,68.85678613926,12.64267,7.4,100.0562,7315.677,-0.039051531488198954,12.84,,,2897.916,2.942141855399405,9.60783238366123,51.3708,,135.75999450683594,8.209784391460317
1981-03-31,67.550666831284,11.23311,7.433333,99.71211,7459.022,1.6000011986558205,13.12,,,2941.973,1.5202994151659155,8.425457735059116,51.0826,,136.0,0.17678661083915248
1981-06-30,67.5227966293503,9.775968,7.4,99.07908,7403.745,2.9686706612209957,13.47,,,3037.361,3.2423139165451254,10.334582456670582,51.4101,,131.2100067138672,-3.522053886862364
1981-09-30,67.4711427133165,10.84,7.4,98.20006,7492.405,4.325718700878034,15.32,,,3118.295,2.6646157634867995,10.77062490320031,51.4337,,116.18000030517578,-11.454923892708656
1981-12-31,66.817123137701,9.547935,8.233334,97.21243,7410.768,1.2998250196119887,13.72,,,3188.017,2.235901349936409,10.010676637970173,49.8987,,122.55000305175781,5.482873756110895
1982-03-31,66.6899379086403,7.593014,8.833333,96.42193,7295.631,-2.190515056799669,13.86,,,3234.264,1.4506509846089477,9.935203348229237,49.5323,,111.95999908447266,-8.641373891123095
1982-06-30,66.1769135862632,6.753247,9.433333,96.26595,7328.912,-1.0107452377141501,14.3,,,3306.752,2.2412517963901424,8.869245374520851,48.6214,,109.61000061035156,-2.0989625699693426
1982-09-30,64.9828264549587,5.774089,9.9,96.82309,7300.896,-2.5560417516138023,12.34,,,3354.121,1.4324932743671193,7.562658439948744,47.9008,,120.41999816894531,9.862236564546523
1982-12-31,65.0464030061164,4.517965,10.66667,98.03396,7303.817,-1.4431837563933958,10.54,,,3408.601,1.624270561497343,6.919160092308174,46.9485,,140.63999938964844,16.79123196160086
1983-03-31,65.483575718885,3.599153,10.36667,99.84261,7400.066,1.4314731652409485,10.51,,,3449.914,1.2120221756668048,6.6676684401768105,47.9244,,152.9600067138672,8.759959739537337
1983-06-30,65.5345709656255,3.336809,10.13333,101.5104,7568.456,3.268479687025838,10.85,,,3541.234,2.647022505488539,7.091006522412324,49.123,,167.63999938964844,9.597275125152294
1983-09-30,65.2719005382331,2.62709,9.366667,102.3958,7719.746,5.736967079109201,11.65,,,3638.934,2.7589252785893414,8.491434864752945,51.178,,166.07000732421875,-0.9365259312489771
1983-12-31,65.3049382414105,3.301566,8.533334,102.6262,7880.794,7.899663970222681,11.83,,,3758.761,3.29291490310073,10.272836275058307,52.0594,,164.92999267578125,-0.6864663082791655
1984-03-31,65.4399251869815,4.529973,7.866667,102.2785,8034.847,8.578045114732769,12.32,,,3862.041,2.74771394084381,11.946007929473023,53.5929,,159.17999267578125,-3.4863276877137417
1984-06-30,65.7891110102005,4.339051,7.433333,101.4174,8173.67,7.996531921438144,13.56,,,4018.861,4.060547259855607,13.487586530570983,54.4014,,153.17999267578125,-3.7693179269211563
1984-09-30,66.0225822995856,4.255319,7.433333,100.6693,8252.465,6.900732226163919,12.52,,,4142.505,3.0765930944115727,13.838420812248863,54.4466,,166.10000610351562,8.434530647276306
1984-12-31,66.5388900040464,4.085667,7.3,100.362,8320.199,5.575643773964911,11.5,,,4303.374,3.8833749144539187,14.489162785290155,54.6416,,167.24000549316406,0.6863331413353269
1985-03-31,66.5691585780374,3.584229,7.233333,100.2135,8400.82,4.5548222635726665,11.86,,,4429.767,2.9370675195788287,14.700154659155595,54.8653,,180.66000366210938,8.024394719057737
1985-06-30,67.0528476207862,3.739523,7.3,100.1227,8474.787,3.683987731337335,10.16,,,4574.692,3.271616769008401,13.830560449838902,54.7989,,191.85000610351562,6.193956722338534
1985-09-30,67.8685882655256,3.348214,7.2,100.0421,8604.22,4.262423409248006,10.37,,,4710.204,2.962210352084904,13.704244171099367,54.8906,,182.0800018310547,-5.092522263037813
1985-12-31,68.5909420598761,3.51377,7.033333,100.0839,8668.188,4.182460058948112,9.26,,,4907.862,4.196378755569841,14.04683859687772,55.4412,,211.27999877929688,16.036905016804525
1986-03-31,69.2582904396872,3.082731,7.033333,100.112,8749.127,4.146107165729074,7.78,,10.25,4993.852,1.7520867538655338,12.73396546590373,54.9625,,238.89999389648438,13.072697499416087
1986-06-30,70.7934327017827,1.615911,7.166667,100.0465,8788.524,3.702004545954951,7.8,,12.8,5140.532,2.9372115953776756,12.368920137137106,54.9005,,250.83999633789062,4.997908223714664
1986-09-30,71.8076135601134,1.635298,6.966667,99.90099,8872.601,3.1191787285773875,7.45,,14.7,5289.395,2.8958675872458484,12.296516244307053,55.2975,,231.32000732421875,-7.781848707802464
1986-12-31,72.943594009103,1.284404,6.833333,99.96754,8920.193,2.9072396676214085,7.11,,17.93,5467.403,3.3653754351868237,11.400911435570116,56.2845,,242.1699981689453,4.690467966966283
1987-03-31,73.7007018947097,2.197132,6.6,100.5554,8986.367,2.7115848244058993,7.25,,18.82,5531.896,1.1795911148309246,10.774127867626039,56.9098,,291.70001220703125,20.45258058908366
1987-06-30,74.3662853889895,3.761468,6.266667,101.0371,9083.256,3.353600672877488,8.4,,20.22,5687.674,2.8159965407881904,10.643684350180106,57.9307,,304.0,4.216656591786139
1987-09-30,74.844095915908,4.189435,6.0,100.9082,9162.024,3.2619859723208355,9.42,,19.62,5818.903,2.3072524902095326,10.010747921076035,58.9951,,321.8299865722656,5.865127161929484
1987-12-31,75.0942115092048,4.498792,5.833333,100.4035,9319.332,4.474555651430423,8.99,,16.74,5955.134,2.3411801159084478,8.920706960873371,60.4095,,247.0800018310547,-23.226544405434435
1988-03-31,75.737861841244,3.971335,5.7,100.3528,9367.502,4.241257896544837,8.37,,17.09,6073.339,1.9849259479299608,9.787656890151219,60.8501,,258.8900146484375,4.779833547782686
1988-06-30,76.4912153142965,3.919835,5.466667,100.5564,9490.594,4.484493225777175,8.92,,15.2,6243.692,2.8049315211945203,9.77584158304432,61.2569,,273.5,5.643317441733808
1988-09-30,76.2824688510862,4.108392,5.466667,100.6222,9546.206,4.193200105129624,8.98,,13.33,6380.772,2.195495870071751,9.65592655522871,61.3807,,271.9100036621094,-0.5813514946583664
1988-12-31,76.5348049991484,4.305114,5.333333,100.5972,9673.405,3.799338836732069,9.11,,17.12,6541.111,2.5128464079268165,9.83986254549436,62.0743,,277.7200012207031,2.13673549348834
1989-03-31,76.6013631056797,4.824813,5.2,100.28,9771.725,4.3151632099998505,9.36,,20.27,6653.533,1.7186988571207706,9.553130493786055,62.1369,,294.8699951171875,6.175282234301638
1989-06-30,76.5472692485004,5.218378,5.233333,99.80979,9846.293,3.7479108262349126,8.28,,20.29,6815.652,2.4365851946627437,9.160605616036154,61.7697,,317.9800109863281,7.837357564968994
1989-09-30,77.7388736669238,4.673944,5.233333,99.70148,9919.228,3.9075419072247097,8.19,,20.15,6928.31,1.6529306367167873,8.581061978080395,61.5796,,349.1499938964844,9.802497588911784
1989-12-31,78.0569474930409,4.598338,5.366667,99.76953,9938.767,2.743211930028755,7.84,,21.84,7065.938,1.9864584581232636,8.023514659818499,62.0428,,353.3999938964844,1.2172418943991348
1990-03-31,77.2043845162229,5.232877,5.3,99.83252,10047.386,2.821006526483294,8.59,,20.34,7192.124,1.7858350865801453,8.094812184744548,62.5999,19.73,339.94000244140625,-3.8087129845906897
1990-06-30,76.4490582714173,4.58221,5.333333,99.29954,10083.855,2.412704964193124,8.48,,17.05,7303.613,1.5501540296023908,7.159417763700371,62.8382,15.5,358.0199890136719,5.318581644530629
1990-09-30,75.6005698784759,5.53476,5.7,97.94815,10090.569,1.7273622503686914,8.89,,39.53,7384.432,1.1065619166842344,6.583452530270728,62.9523,29.11,306.04998779296875,-14.515949616075352
1990-12-31,74.4160516992853,6.223517,6.133333,97.12814,9998.704,0.6030627340393391,8.08,,28.48,7458.077,0.9973008079700696,5.549709040752981,61.3352,26.38,330.2200012207031,7.897407087656694
1991-03-31,74.5810986520791,5.285082,6.6,97.72501,9951.916,-0.9501973946258402,8.11,,19.63,7468.526,0.14010313918721984,3.843120613604545,60.3346,16.88,375.2200012207031,13.627278733465985
1991-06-30,74.1845969590247,4.845361,6.833333,98.79539,10029.51,-0.5389307958117096,8.28,,20.56,7538.276,0.9339192231506033,3.2129714430378487,61.5581,19.55,371.1600036621094,-1.0820312204534277
1991-09-30,73.8102516891055,3.876362,6.866667,99.22391,10080.195,-0.10280887034219699,7.65,,22.25,7540.773,0.03312428465076511,2.1171702847287532,62.2195,15.85,387.8599853515625,4.499402285989884
1991-12-31,73.9161140092293,2.991773,7.1,99.06947,10115.329,1.1664011655910578,7.09,,19.15,7581.419,0.5390163581372898,1.6538043251631773,61.7852,19.31,417.0899963378906,7.536227528043038
1992-03-31,74.343754939348,2.868447,7.366667,99.41574,10236.435,2.858936912248855,7.54,,19.49,7615.218,0.44581363990039424,1.9641358950882593,62.4232,16.18,403.69000244140625,-3.2127344252171564
1992-06-30,73.7520437426397,3.097345,7.6,99.69566,10347.429,3.169835814511379,7.26,,21.84,7656.355,0.5401946470869223,1.566392634071767,63.1363,13.35,408.1400146484375,1.102334013752837
1992-09-30,73.8806159211078,3.097561,7.633333,99.70724,10449.673,3.6653854414522735,6.42,,21.83,7711.512,0.7204080793014489,2.2642108441667697,63.5703,14.28,417.79998779296875,2.3668282446777766
1992-12-31,73.9457425765761,3.050109,7.366667,100.0841,10558.648,4.382645388993267,6.77,,19.49,7773.848,0.8083499059587718,2.5381660082367086,64.3507,12.57,435.7099914550781,4.286741068787259
1993-03-31,73.5355172054693,3.197115,7.133333,100.0399,10576.275,3.3199058070509935,5.98,,20.44,7812.554,0.49790013903023844,2.5913375034043673,64.8522,12.53,451.6700134277344,3.6629919638420105
1993-06-30,73.7903750223239,3.147353,7.066667,99.62022,10637.847,2.806668207145946,5.96,,18.82,7919.946,1.3746080987088183,3.4427740093033954,64.9301,11.26,450.5299987792969,-0.25239989694819664
1993-09-30,74.0172720557835,2.744263,6.8,99.66884,10688.606,2.2865117406066116,5.36,,18.72,8028.094,1.3655143608302334,4.105316830214356,65.3717,12.99,458.92999267578125,1.8644693847788218
1993-12-31,74.2899670081485,2.724924,6.633333,100.3541,10833.987,2.6077107599381977,5.77,,14.19,8151.103,1.532231685378882,4.852873377508793,66.5436,11.66,466.45001220703125,1.63859840308207
1994-03-31,74.6910431721062,2.515723,6.566667,100.9483,10939.116,3.430706936043171,6.48,88.27,14.78,8260.279,1.3394015509312185,5.730840388431235,67.4552,20.45,445.7699890136719,-4.433491832385384
1994-06-30,74.877131820295,2.380952,6.2,101.0804,11087.361,4.225610689832271,7.1,87.12,19.37,8399.652,1.6872674639682117,6.05693523667965,68.6265,14.97,444.2699890136719,-0.33649640778172785
1994-09-30,74.788679868747,2.878195,6.0,100.9238,11152.176,4.337048254936149,7.46,84.74,18.36,8528.83,1.5378970462109676,6.237296175156892,69.3961,14.28,462.7099914550781,4.150629774103143
1994-12-31,74.8073314536137,2.652641,5.633333,100.5002,11279.932,4.116167021429895,7.81,86.11,17.77,8699.19,1.9974603785044343,6.7240838448489715,71.1523,13.2,459.2699890136719,-0.7434467603754435
1995-03-31,74.8905655305094,2.840264,5.466667,99.58177,11319.951,3.481405627292,7.2,86.01,19.18,8807.641,1.2466792885314604,6.626434772965895,71.3113,13.37,500.7099914550781,9.02301553175786
1995-06-30,74.9161560125794,3.093249,5.666667,98.83786,11353.721,2.4023751008017014,6.17,82.21,17.38,8978.958,1.9450951736111888,6.8967857239800034,71.7749,11.38,544.75,8.79551223192896
1995-09-30,75.2833888472521,2.641003,5.666667,98.62749,11450.31,2.6733258155179795,6.2,85.21,17.54,9125.043,1.6269705237511811,6.990560252695843,72.7144,12.74,584.4099731445312,7.2803989251089885
1995-12-31,75.3955893480103,2.650924,5.566667,98.57973,11528.067,2.1997916299495213,5.71,86.35,19.54,9279.97,1.6978221362901946,6.676253766155216,73.0305,12.52,615.9299926757812,5.393477349753373
1996-03-31,75.6313983003169,2.739726,5.533333,98.93958,11614.418,2.6013098466592277,6.27,86.82,21.43,9410.866,1.4105218012558263,6.8488826917445955,73.585,18.88,645.5,4.800871474980117
1996-06-30,75.6114040921146,2.847131,5.5,99.41912,11808.14,4.002379484223728,6.91,87.08,20.92,9590.932,1.9133839542503361,6.815646091673444,75.4433,13.68,670.6300048828125,3.893106875726171
1996-09-30,75.7642213344847,2.943742,5.266667,99.65799,11914.063,4.0501348871777365,6.83,86.82,24.2,9739.846,1.5526541111958503,6.737535373805903,76.3158,16.95,687.3300170898438,2.4901975881543637
1996-12-31,75.6957701866914,3.190104,5.333333,99.90023,12037.775,4.421452442981133,6.3,87.47,25.9,9877.376,1.4120346461330202,6.4375854663323295,77.5333,20.92,740.739990234375,7.770644641808189
1997-03-31,75.831180940237,2.946237,5.233333,100.2667,12115.472,4.314068944306992,6.69,90.56,20.35,10009.716,1.3398295255744097,6.363388874095111,79.082,22.14,757.1199951171875,2.2113028996355144
1997-06-30,76.2645711104951,2.342419,5.0,100.6872,12317.221,4.31127171595187,6.49,89.16,19.82,10206.773,1.9686572526133483,6.421075657714992,79.9792,21.53,885.1400146484375,16.908815030229785
1997-09-30,76.6141314803323,2.202923,4.866667,100.9501,12471.01,4.674702492340366,6.21,91.79,21.13,10437.733,2.262811174501489,7.165277561883432,82.2156,22.91,947.280029296875,7.020359900136075
1997-12-31,77.1938817020323,1.871714,4.666667,100.9416,12577.495,4.483552816031211,5.81,96.75,17.65,10642.672,1.9634435945046658,7.747968691279961,83.9538,24.01,970.4299926757812,2.4438352612679237
1998-03-31,78.1561420030997,1.462294,4.633333,100.7212,12703.742,4.855526883310857,5.65,97.24,15.75,10867.157,2.109291726739282,8.566087189686499,84.488,24.22,1101.75,13.53214640060001
1998-06-30,79.0918044189641,1.602164,4.4,100.2125,12821.339,4.09279008633523,5.5,99.91,14.3,11192.516,2.993966131160164,9.657734133991225,84.8248,19.71,1133.8399658203125,2.912635881126624
1998-09-30,79.876416902589,1.595855,4.533333,99.76708,12982.752,4.103452727565782,4.81,100.36,16.19,11437.292,2.186961358822259,9.576399396305678,86.2021,40.95,1017.010009765625,-10.303919386909522
1998-12-31,80.9744605575647,1.548307,4.433333,100.0393,13191.67,4.883126568525764,4.65,96.15,12.14,11726.858,2.5317706324189393,10.187159765893373,87.1185,24.42,1229.22998046875,20.86704837369615
1999-03-31,81.9868653045711,1.667696,4.3,100.645,13315.597,4.816336792733988,5.23,98.43,16.66,11996.079,2.295764133922318,10.38838400880746,88.2267,23.26,1286.3699951171875,4.648439718875719
1999-06-30,82.7323340119465,2.109359,4.266667,101.0605,13426.748,4.721885912228041,5.9,98.43,19.33,12265.22,2.24357475471777,9.584118530632434,88.9188,21.09,1372.7099609375,6.711907627513258
1999-09-30,83.5511952282669,2.345981,4.233333,101.2426,13604.771,4.791118246732284,5.92,96.99,24.54,12616.408,2.8632833328713136,10.30939841354055,89.4299,25.41,1282.7099609375,-6.556374074719617
1999-12-31,84.2847229997912,2.622484,4.066667,101.3804,13827.98,4.8235742707329665,6.28,96.7,25.76,12900.875,2.2547384326822684,10.011351719275519,91.6634,24.64,1469.25,14.54265147564322
2000-03-31,85.0823308549841,3.240178,4.033333,101.2119,13878.147,4.224744861233032,6.26,98.51,26.86,13184.822,2.2009902429098727,9.909429572779583,92.1504,24.11,1498.5799560546875,1.9962536024970223
2000-06-30,86.0989232694648,3.329322,3.933333,100.7837,14130.908,5.2444568111355006,6.1,100.53,32.44,13514.042,2.4969620371059875,10.181814920564003,92.9862,19.54,1454.5999755859375,-2.934777039493852
2000-09-30,86.8842011443255,3.508073,4.0,100.1366,14145.312,3.9731723525519014,5.8,102.31,30.87,13782.955,1.9898783798363295,9.24626882707027,92.9792,20.57,1436.510009765625,-1.2436385345754974
2000-12-31,87.9020311222318,3.4271,3.9,99.1219,14229.765,2.9055943095086967,5.24,103.27,26.72,14015.065,1.6840365509428246,8.636545970719034,92.3415,26.85,1320.280029296875,-8.091136134005328
2001-03-31,88.8661829130291,3.393488,4.233333,98.35949,14183.12,2.1975051856706784,4.89,106.28,26.37,14130.7,0.8250764445259406,7.173991427415549,91.1162,28.64,1160.3299560546875,-12.114859703465342
2001-06-30,89.8743413614778,3.377329,4.4,98.22601,14271.694,0.9962983270431103,5.28,107.7,26.37,14471.316,2.4104679881393087,7.083550576504072,89.8784,19.06,1224.3800048828125,5.51998580178914
2001-09-30,91.1969225235107,2.695937,4.833333,98.07815,14214.516,0.48923629256110157,4.73,106.58,23.44,14780.642,2.1375111980140415,7.238556608506674,88.7485,31.93,1040.93994140625,-14.982281868783042
2001-12-31,92.6002623821926,1.857882,5.5,98.56182,14253.574,0.16731829373148877,5.09,106.95,19.96,14963.76,1.2389042370419379,6.769108812552771,87.9324,23.8,1148.0799560546875,10.292622118399786
2002-03-31,93.9253689973521,1.252134,5.7,99.37714,14372.785,1.3372586567694578,5.28,108.48,26.21,15137.544,1.1613658599175514,7.125223803491676,89.1686,17.4,1147.3900146484375,-0.06009524011035827
2002-06-30,94.9492638157387,1.295531,5.833333,99.21523,14460.848,1.3253787532159889,4.93,105.49,26.79,15366.315,1.5112821472228255,6.184641396815604,90.7061,25.4,989.8200073242188,-13.732907321186548
2002-09-30,96.2680608880116,1.59385,5.733333,98.35358,14519.633,2.1465169830615416,3.87,105.81,30.59,15614.423,1.6146226339887049,5.6410337250574205,90.6531,39.69,815.280029296875,-17.633506772527042
2002-12-31,97.7446202313036,2.200075,5.866667,97.8903,14537.58,1.9925248221954739,4.03,104.28,31.21,15914.764,1.9234844604888668,6.355381267809679,90.4652,28.62,879.8200073242188,7.916295715351351
2003-03-31,98.699922940589,2.866779,5.866667,97.81909,14614.141,1.6792570124718242,3.81,103.11,31.14,16107.287,1.2097131946160244,6.406210941484303,91.1044,29.15,848.1799926757812,-3.5961917647978625
2003-06-30,100.178545531622,2.131603,6.133333,98.46088,14743.567,1.9550651524723905,3.33,98.44,30.15,16531.904,2.6361795130365406,7.5853514652016285,90.6527,19.52,974.5,14.893066143391675
2003-09-30,101.493888958452,2.196383,6.133333,99.57734,14988.782,3.2311353875128956,4.27,99.76,29.19,16827.159,1.7859709323257755,7.766767942689912,91.5059,22.72,995.969970703125,2.203178112172899
2003-12-31,103.266854961692,1.895124,5.833333,100.6823,15162.76,4.300440651057458,4.27,95.11,32.51,17106.15,1.6579804113100893,7.486042520014768,92.2602,18.31,1111.9200439453125,11.641924621515475
2004-03-31,104.752106311837,1.785064,5.7,101.1322,15248.68,4.341952085996703,3.83,95.67,35.75,17427.102,1.8762374935330062,8.193900065231329,92.5861,16.74,1126.2099609375,1.2851568842561667
2004-06-30,106.673439588665,2.867514,5.6,101.0138,15366.85,4.227491217016888,4.73,97.58,36.92,17834.915,2.3401079536919056,7.881796313358724,92.871,14.34,1140.8399658203125,1.2990477255798716
2004-09-30,108.890889094825,2.727108,5.433333,100.684,15512.619,3.494860356231766,4.13,96.19,49.56,18213.253,2.1213333509018772,8.237243137715655,93.7467,13.34,1114.5799560546875,-2.301813624380078
2004-12-31,110.627753299077,3.322499,5.433333,100.5736,15670.88,3.3511049439547858,4.23,90.89,43.36,18722.493,2.795985977903004,9.448899957032975,95.5365,13.29,1211.9200439453125,8.733342759471707
2005-03-31,112.716921097129,3.042233,5.3,100.4079,15844.727,3.9088432572524257,4.5,91.68,55.31,19053.399,1.767424883000368,9.331999089693754,96.4456,14.02,1180.5899658203125,-2.585160488228855
2005-06-30,114.966565872345,2.946366,5.1,100.3841,15922.782,3.6177355801611855,4.0,94.29,56.63,19555.892,2.6372879715582442,9.649482489824024,97.1753,12.04,1191.3299560546875,0.9097138333640231
2005-09-30,116.741502174166,3.83263,4.966667,100.6146,16047.587,3.448598847170792,4.2,94.5,66.21,20032.135,2.435291624641822,9.986585043319817,95.3005,11.92,1228.81005859375,3.146072366314434
2005-12-31,118.281507652431,3.739951,4.966667,101.1207,16136.734,2.9727366937913002,4.47,94.38,61.06,20516.36,2.4172410978660075,9.581346885802034,98.0452,12.07,1248.2900390625,1.5852718923087927
2006-03-31,119.381991014708,3.6471,4.733333,101.3753,16353.835,3.2131067957182013,4.72,94.22,66.25,21066.108,2.6795591420700315,10.563516777242722,98.4628,11.39,1294.8699951171875,3.731501061217335
2006-06-30,119.154582135583,4.010283,4.633333,101.2265,16396.151,2.9729038556202125,5.11,93.73,73.94,21654.762,2.7943177733637192,10.732673303779737,99.0997,13.08,1270.199951171875,-1.9052139626634768
2006-09-30,118.48546459258,3.335591,4.633333,101.2501,16420.738,2.325277937424497,4.72,92.63,62.9,22127.754,2.1842401223343133,10.461286328192188,99.3183,11.98,1335.8499755859375,5.168479525880509
2006-12-31,119.241580478205,1.937332,4.433333,101.5815,16561.866,2.6345603763438197,4.56,90.23,60.85,22638.449,2.3079387090076953,10.343399121481589,100.1735,11.56,1418.300048828125,6.172105756563173
2007-03-31,118.871727977828,2.424095,4.5,101.9422,16611.69,1.5767249700146868,4.56,91.31,65.94,23040.774,1.7771756360164037,9.37366313701611,100.9547,14.64,1420.8599853515625,0.18049329727884977
2007-06-30,117.543446984268,2.650684,4.5,102.1919,16713.314,1.9343747200181172,5.1,89.89,70.47,23667.946,2.7220092519461225,9.296726512163932,101.7893,16.23,1503.3499755859375,5.805638210999686
2007-09-30,115.378590892797,2.360478,4.666667,101.9974,16809.587,2.3680360773066234,4.52,87.2,81.64,24209.676,2.2888762717305555,9.4086458119518,102.0894,18.0,1526.75,1.556525412849541
2007-12-31,112.128582264457,3.974384,4.8,101.6229,16915.191,2.133364682457861,4.1,84.43,95.95,24691.757,1.9912740674431273,9.070002984745118,102.3803,22.5,1468.3599853515625,-3.824464689598006
2008-03-31,108.665834340447,4.095428,5.0,101.1763,16843.003,1.3924712055185307,3.51,81.49,101.54,25019.455,1.3271554551585796,8.587736679332036,101.5336,25.61,1322.699951171875,-9.919913075322118
2008-06-30,104.589139206153,4.379385,5.333333,100.2967,16943.291,1.3760107660276244,4.1,82.41,139.96,25185.007,0.6616930704525625,6.4097704126923505,100.0335,23.95,1280.0,-3.2282416835385908
2008-09-30,100.879193561927,5.302814,6.0,98.22334,16854.295,0.26596727212868654,3.69,85.33,100.7,25446.404,1.0379071961345687,5.108403763850444,93.7895,39.39,1166.3599853515625,-8.878126144409181
2008-12-31,99.4926215315527,1.601687,6.866667,95.66187,16485.35,-2.5411536884212604,2.42,89.56,44.6,25207.752,-0.9378613968401894,2.0897459828395304,90.8357,40.0,903.25,-22.558214329708537
2009-03-31,99.5591214180201,-0.04023253,8.266666,94.78019,16298.262,-3.234227293078318,2.82,93.46,49.64,25034.341,-0.6879272693574578,0.059497698890709216,86.6528,44.14,797.8699951171875,-11.666759466682809
2009-06-30,97.77330294517,-1.150445,9.3,95.88248,16269.145,-3.9788374053187248,3.72,88.35,69.82,24918.068,-0.4644540073972858,-1.0599123518210685,84.7459,26.35,919.3200073242188,15.221779606988894
2009-09-30,96.6643830424593,-1.62336,9.633333,97.51221,16326.281,-3.1328157006863644,3.4,85.98,70.46,24706.482,-0.8491268263655094,-2.907766456902905,87.4063,25.61,1057.0799560546875,14.984983208560209
2009-12-31,95.8740696963134,1.443934,9.933333,98.84718,16502.754,0.10557252348297741,3.59,84.11,79.39,24496.841,-0.8485263098161888,-2.8202078471733616,88.3793,21.68,1115.0999755859375,5.488706809634025
2010-03-31,94.634796605452,2.360525,9.833333,99.63284,16582.71,1.7452658449103264,3.73,84.68,83.45,24354.295,-0.5818954370483964,-2.716452572088879,90.2928,17.59,1169.4300537109375,4.872215883284525
2010-06-30,93.9936507929743,1.767765,9.633333,99.60513,16743.162,2.91359502911801,3.2,87.36,75.59,24225.045,-0.530707212013326,-2.781206793399882,91.9928,34.54,1030.7099609375,-11.86219666009427
2010-09-30,92.2847583329001,1.175609,9.466666,99.61214,16872.266,3.344209253779229,2.65,83.95,79.95,24202.399,-0.09348176649413009,-2.0402864317145553,92.9537,23.7,1141.199951171875,10.719794551502826
2010-12-31,90.7799135047109,1.270248,9.5,100.1113,16960.864,2.7759609093124693,3.29,81.7,91.38,24132.748,-0.28778552076594854,-1.4862855173856993,93.6787,17.75,1257.6400146484375,10.20330077625684
2011-03-31,88.0098902595533,2.141127,9.033334,100.3613,16920.632,2.037797199613345,3.41,79.88,106.19,24119.472,-0.0550123840020178,-0.964195432468884,94.0788,17.74,1325.8299560546875,5.422055644858914
2011-06-30,86.4094299863782,3.430395,9.066667,99.78638,17035.114,1.7437088645501975,3.0,78.96,95.3,24141.256,0.09031706830067154,-0.34587758247712763,94.172,16.52,1320.6400146484375,-0.39144849477483756
2011-09-30,86.2760501885867,3.756174,9.0,99.13931,17031.313,0.9426534645672335,1.98,80.98,78.93,24212.82,0.2964385945785075,0.04305771506369904,95.1961,42.96,1131.4200439453125,-14.327899246146691
2011-12-31,86.1383699779629,3.293777,8.633333,99.52255,17222.583,1.543075871606514,1.98,82.1,98.83,24297.681,0.3504796219523376,0.6834406094158973,96.3571,23.4,1257.5999755859375,11.152350739750894
2012-03-31,85.949647282451,2.815192,8.266666,99.95192,17367.01,2.6380693108862374,2.17,81.22,103.03,24325.59,0.11486281345121085,0.8545709458316342,96.74,15.5,1408.469970703125,11.996660149972938
2012-06-30,87.0782780077535,1.889765,8.2,99.71552,17444.525,2.403335839137921,1.62,84.19,85.04,24413.329,0.36068601008238943,1.1270043281923714,97.6663,17.08,1362.1600341796875,-3.287960516497135
2012-09-30,87.8780672190928,1.697784,8.033334,99.62157,17469.65,2.5737123144880414,1.72,81.8,92.18,24600.402,0.766274030059555,1.600730522095306,97.381,15.73,1440.6700439453125,5.763640673315229
2012-12-31,88.7078064650898,1.889365,7.8,99.91846,17489.852,1.551852007332477,1.72,80.5,91.83,24771.868,0.6970048700830178,1.9515730739900539,98.3101,18.02,1426.18994140625,-1.0050949972839285
2013-03-31,90.224771370431,1.681829,7.733333,100.3331,17662.4,1.700868485709428,1.96,82.27,97.24,24798.356,0.10692774561853469,1.9434924291661604,99.1921,12.7,1569.18994140625,10.026714945065397
2013-06-30,91.9708217625071,1.39285,7.533333,100.6512,17709.671,1.5199382041070075,2.3,83.06,96.36,25005.821,0.8366078783609732,2.4269201467771895,99.3897,16.86,1606.280029296875,2.363645528939995
2013-09-30,93.0129268939342,1.553359,7.233333,100.7475,17860.45,2.237022493295515,2.81,82.86,102.36,25246.055,0.9607123077462587,2.62456280185992,100.161,16.6,1681.550048828125,4.685983649077574
2013-12-31,93.6104804185167,1.233471,6.933333,100.7515,18016.147,3.0091449601746367,2.9,82.06,98.17,25547.606,1.194448003856441,3.1315280704709014,100.5175,13.72,1848.3599853515625,9.920010209609131
2014-03-31,94.2967836390594,1.405456,6.666667,100.8007,17953.974,1.6508175559380112,2.72,83.33,101.57,25734.748,0.7325226481103453,3.776024507431064,101.8942,13.88,1872.3399658203125,1.2973652675233094
2014-06-30,94.685294524021,2.050846,6.2,100.942,18185.911,2.6891521587272926,2.6,83.38,106.07,25987.556,0.9823605033940863,3.9260258641377943,102.735,11.57,1960.22998046875,4.694126934898324
2014-09-30,95.4488500212256,1.783154,6.066667,100.9466,18406.941,3.059782928201682,2.53,84.63,91.17,26171.607,0.7082274300822977,3.666125261946873,103.0641,16.31,1972.2900390625,0.6152369218874076
2014-12-31,96.8051681274448,1.248028,5.7,100.79,18500.031,2.6858351011456394,2.21,87.77,53.45,26475.049,1.1594320516886913,3.630254044155845,103.7044,19.2,2058.89990234375,4.391335025066545
2015-03-31,98.574511441529,-0.06269593,5.533333,100.4775,18666.621,3.9692994988184793,2.04,92.44,47.72,26681.023,0.7779928943663306,3.6770323144411643,101.8914,15.29,2067.889892578125,0.4366404711633187
2015-06-30,99.3463064947448,-0.03827201,5.433333,100.1404,18782.243,3.2790878609270546,2.36,92.4,59.48,27099.713,1.569242678588445,4.2795751936042015,100.571,18.23,2063.110107421875,-0.23114311711688318
2015-09-30,100.291901617658,0.1095034,5.1,99.63113,18857.418,2.4473213664345517,2.17,95.55,45.06,27387.493,1.0619300654586272,4.645820946340806,100.7547,24.5,1920.030029296875,-6.935164420467954
2015-12-31,101.787280446068,0.4662646,5.033333,99.25893,18892.206,2.119861312664817,2.24,96.42,37.13,27540.109,0.5572470616423519,4.022882072852818,99.0417,18.21,2043.93994140625,6.453540320655904
2016-03-31,103.001953519955,1.080267,4.9,99.09669,19001.69,1.7950168913805964,1.89,95.73,36.94,27835.902,1.0740444055613585,4.328465966241235,98.3096,13.95,2059.739990234375,0.7730192315364315
2016-06-30,103.822044640492,1.047063,4.933333,99.10478,19062.709,1.493250832714721,1.64,96.43,48.27,28121.919,1.0275111616645516,3.7720178069782673,98.8833,15.63,2098.860107421875,1.8992745381929854
2016-09-30,105.009110012726,1.117615,4.9,99.25753,19197.938,1.8057615310855146,1.63,96.61,47.72,28467.669,1.2294680174564254,3.944048474973605,98.7457,13.29,2168.27001953125,3.3070289851110823
2016-12-31,106.145280524029,1.800621,4.766667,99.67922,19304.352,2.1815663030564147,2.49,101.15,53.75,28626.556,0.5581314016261718,3.9449625998212223,99.0214,14.04,2238.830078125,3.2542099442487427
2017-03-31,106.878052599422,2.53932,4.566667,99.9113,19398.343,2.0874616941966906,2.48,99.28,50.54,28966.27,1.186709291889665,4.060827631883468,99.0137,12.37,2362.719970703125,5.533688947125537
2017-06-30,108.499027862779,1.901991,4.366667,99.94785,19506.949,2.3304137937582903,2.19,96.84,46.02,29365.576,1.378520603446698,4.4223760121064215,100.3471,11.18,2423.409912109375,2.568647243803057
2017-09-30,109.745083635889,1.966925,4.333333,100.1694,19660.766,2.410821412174591,2.2,93.57,51.67,29686.352,1.0923538499636454,4.280937086910752,99.7954,9.51,2519.360107421875,3.9593052266169604
2017-12-31,110.741816962729,2.117558,4.166667,100.5725,19882.352,2.9941434967617697,2.4,94.38,60.46,30185.758,1.6822747368892,5.446697814434964,101.4644,11.04,2673.610107421875,6.122586427624599
2018-03-31,111.993606873921,2.214195,4.033333,100.905,20044.077,3.328810094759116,2.84,92.17,64.87,30413.27,0.7537064333451582,4.995465415464273,102.2067,19.97,2640.8701171875,-1.224561133408708
2018-06-30,112.698004980836,2.711887,3.933333,100.866,20150.476,3.2989628465220244,2.91,96.91,74.13,30982.652,1.8721498872038334,5.506706219554469,103.198,16.09,2718.3701171875,2.934638833451486
2018-09-30,113.749117494993,2.64094,3.766667,100.5482,20276.154,3.130030640718684,3.0,97.62,73.16,31297.757,1.017036888901579,5.428100428102467,104.1004,12.12,2913.97998046875,7.1958510007325005
2018-12-31,114.560196731927,2.203131,3.833333,99.93317,20304.874,2.125110751484538,2.83,98.55,45.15,31649.593,1.124157235932266,4.849422697949146,104.0936,25.42,2506.85009765625,-13.97160878047653
2019-03-31,115.708404627779,1.644936,3.866667,99.43452,20431.641,1.9335587266003706,2.57,97.69,60.19,31930.827,0.8885864661829945,4.989785708672567,102.8757,13.71,2834.39990234375,13.066190315637094
2019-06-30,116.407017775045,1.811376,3.633333,99.09541,20602.275,2.242125694698238,2.07,98.75,58.2,32290.786,1.1273087289596306,4.222149866318747,102.4375,15.08,2941.760009765625,3.7877544143682496
2019-09-30,117.657063019342,1.757488,3.6,98.95823,20843.322,2.797216868642849,1.7,100.11,54.09,32664.593,1.1576274420820765,4.3672011384074505,102.2917,16.24,2976.739990234375,1.1890834178392762
2019-12-31,119.158664152198,2.032914,3.6,99.17158,20985.448,3.3517765241980912,1.86,98.12,61.14,32941.707,0.8483620169398742,4.082561188069622,101.7003,13.78,3230.780029296875,8.534169591429386
2020-03-31,121.029317602844,2.118652,3.833333,97.75912,20709.212,1.3585350290757248,0.87,102.42,20.51,33855.658,2.774449423644021,6.028127614734191,97.4078,53.54,2584.590087890625,-20.0010503824639
2020-06-30,122.255809233522,0.3642956,13.0,96.27989,19077.992,-7.39861495878491,0.73,101.77,39.27,34521.688,1.9672634925600896,6.908788160189117,91.5934,30.43,3100.2900390625,19.952871969448594
2020-09-30,125.870959256677,1.222386,8.8,98.85346,20558.879,-1.3646720997737227,0.68,99.25,40.05,34736.284,0.6216266133915571,6.342313831983137,95.9669,26.37,3363.0,8.473722059144539
2020-12-31,130.825282385654,1.239488,6.766667,100.0358,20791.917,-0.9222152417236895,0.93,95.07,48.35,35072.866,0.9689637498357717,6.469485628052007,98.363,22.75,3756.070068359375,11.688078155199966
2021-03-31,134.030300409343,1.898514,6.233333,101.0647,21082.134,1.8007541764505586,1.61,96.76,59.19,35513.128,1.2552780830628274,4.895695720933846,98.3856,19.4,3972.889892578125,5.77251809132131
2021-06-30,137.982128416549,4.848945,5.933333,101.3568,21440.929,12.385669309432568,1.52,97.19,73.52,36492.706,2.7583546005860216,5.709506441284096,99.7987,15.83,4297.5,8.170629345361146
2021-09-30,142.267464049887,5.335693,5.066667,101.1822,21617.828,5.1508109950936465,1.37,98.68,75.22,37004.841,1.403390036354124,6.530799322115177,98.8579,23.14,4307.5400390625,0.23362510907505296
2021-12-31,145.203948652326,6.689106,4.166667,101.0861,21988.737,5.756179192135091,1.47,101.02,75.33,37773.874,2.078195660940696,7.701132835850943,100.5726,17.22,4766.18017578125,10.647379538196212
2022-03-31,148.597318866443,7.966707,3.866667,100.633,21932.71,4.034582077886428,2.13,102.44,100.53,38484.522,1.881321465730501,8.367029792475611,101.3907,20.56,4530.41015625,-4.9467290542075215
2022-06-30,150.540948036499,8.635612,3.633333,99.71288,21967.045,2.4537929303342976,3.14,107.43,107.76,39151.836,1.7339802219708211,7.2867438221764225,101.018,28.71,3785.3798828125,-16.445095427169687
2022-09-30,148.673356279946,8.329475,3.533333,99.05516,22125.625,2.3489732641040373,3.52,111.26,79.91,39621.446,1.1994584366362915,7.070980253637638,101.2918,31.62,3585.6201171875,-5.277139198948255
2022-12-31,147.540921859391,7.101672,3.566667,98.73925,22278.345,1.3170742821654535,3.62,107.45,80.16,39968.814,0.8767171193095669,5.810735748205209,99.7664,21.67,3839.5,7.080501406034023
2023-03-31,147.381040481967,5.80477,3.533333,98.59053,22439.607,2.3111462286238282,3.66,106.84,75.68,40248.554,0.6998956736619766,4.583744082880914,101.0205,18.7,4109.31005859375,7.027218611635622
2023-06-30,149.043363364415,3.974292,3.533333,98.70115,22580.499,2.792610476283919,3.75,107.26,70.66,40457.113,0.5181776219836287,3.333884520766772,100.1196,13.59,4450.3798828125,8.299929169508037
2023-09-30,151.299541979656,3.51429,3.633333,98.89146,22840.989,3.2331922827038895,4.38,109.14,90.77,40668.132,0.5215868962276105,2.641715802093625,101.0211,17.52,4288.0498046875,-3.647555543559855
2023-12-31,152.407510338912,3.243401,3.8,99.07044,23033.78,3.390893713155063,4.02,106.66,71.89,40892.094,0.5507063860223482,2.310000992273631,100.6031,12.45,4769.830078125,11.23541692334915
2024-03-31,152.760309697548,3.241019,3.833333,99.40149,23082.119,2.8632943527041155,4.21,108.39,83.96,41158.249,0.6508715352165684,2.2601929997286607,100.4575,13.01,5254.35009765625,10.158014260367798
2024-06-30,153.539549860848,3.198886,3.966667,99.46564,23286.508,3.1266315239534936,4.31,111.04,82.83,41489.309,0.8043588054486905,2.551333803773903,100.894,12.44,5460.47998046875,3.9230328961986416
2024-09-30,154.412835006889,2.621493,4.166667,99.67978,23478.57,2.7913896372876,3.72,108.79,68.75,41835.494,0.8343956752810744,2.8704588644494544,99.8084,16.73,5762.47998046875,5.530649339988525
2024-12-31,155.442612653776,2.744968,4.133333,100.0163,23586.542,2.3997884845648576,4.39,113.45,72.44,41746.359,-0.21306070868913896,2.0890713006773476,100.3273,17.35,5881.6298828125,2.0676844474530887
2025-03-31,155.349399988534,2.7363,4.133333,99.90885,23548.21,2.0192730138857806,4.28,112.92,71.87,41932.4,0.4456460502340054,1.8809133498366215,101.0404,22.28,5611.85009765625,-4.586820159231875
2025-06-30,154.557746808787,2.445232,4.2,99.85506,23770.976,2.0804665087611918,4.38,108.72,66.3,42224.199,0.6958795585275235,1.7712755833074967,101.4785,16.73,6204.9501953125,10.568708845304942
2025-09-30,153.894276899797,2.878037,4.333333,100.0479,24026.834,2.335167772142843,4.12,108.27,63.17,42637.245,0.9782210433405769,1.916437272140259,101.668,16.28,6688.4599609375,7.792323071187024
2025-12-31,153.937931550587,,4.45,100.4661,24065.956,2.032574338366322,4.14,107.5,57.26,,,,101.6781,14.95,6845.5,2.347925232111092
