date,us_credit_qoq_growth,us_sp500_log_ret,us_vix_log_ret,us_bond_yield_10y,us_oil_yoy,us_reer_diff,us_gdp_yoy_growth,us_cpi,us_unemployment,us_consumer_confidence,us_house_price_yoy,us_indprod_yoy
1920-03-31,,,,,,,,,,,,22.02352004951591
1920-06-30,,,,,,,,,,,,9.836231913468762
1920-09-30,,,,,,,,,,,,-1.5547431210313656
1920-12-31,,,,,,,,,,,,-17.8021465235651
1921-03-31,,,,,,,,,,,,-31.21863734352639
1921-06-30,,,,,,,,,,,,-28.357105904958978
1921-09-30,,,,,,,,,,,,-21.57851530432743
1921-12-31,,,,,,,,,,,,-1.27258964897341
1922-03-31,,,,,,,,,,,,25.53202697008008
1922-06-30,,,,,,,,,,,,31.248710542603654
1922-09-30,,,,,,,,,,,,30.87333632421114
1922-12-31,,,,,,,,,,,,42.57990320571181
1923-03-31,,,,,,,,,,,,27.682430447736127
1923-06-30,,,,,,,,,,,,22.75165543394968
1923-09-30,,,,,,,,,,,,13.332952446247305
1923-12-31,,,,,,,,,,,,-2.7155099983196096
1924-03-31,,,,,,,,,,,,-2.6538057052714614
1924-06-30,,,,,,,,,,,,-15.947944679216297
1924-09-30,,,,,,,,,,,,-6.787094605948562
1924-12-31,,,,,,,,,,,,2.791308253014124
1925-03-31,,,,,,,,,,,,3.6359953410644685
1925-06-30,,,,,,,,,,,,16.40861566588585
1925-09-30,,,,,,,,,,,,9.707775233906002
1925-12-31,,,,,,,,,,,,9.95462947403798
1926-03-31,,,,,,,,,,,,6.140565192605263
1926-06-30,,,,,,,,,,,,7.049488752556243
1926-09-30,,,,,,,,,,,,11.06217957144735
1926-12-31,,,,,,,,,,,,2.4696640890057076
1927-03-31,,,,,,,,,,,,4.545384792449947
1927-06-30,,,,,,,,,,,,2.057034569184224
1927-09-30,,,,,,,,,,,,-3.9844351068237027
1927-12-31,,,,,,,,,,,,-4.820283370618938
1928-03-31,,,,,,,,,,,,-2.7668912472294416
1928-06-30,,,,,,,,,,,,0.8071278825995787
1928-09-30,,,,,,,,,,,,7.8850450728099375
1928-12-31,,,,,,,,,,,,16.03466106741045
1929-03-31,,,,,,,,,,,,13.414450046798109
1929-06-30,,,,,,,,,,,,16.39953059314605
1929-09-30,,,,,,,,,,,,11.538022053362296
1929-12-31,,,,,,,,,,,,-5.818962606852041
1930-03-31,,,,,,,,,,,,-8.960707059951023
1930-06-30,,,,,,,,,,,,-17.182455110453176
1930-09-30,,,,,,,,,,,,-23.79305929056218
1930-12-31,,,,,,,,,,,,-20.849703191763926
1931-03-31,,,,,,,,,,,,-17.715948301070227
1931-06-30,,,,,,,,,,,,-16.18152400030819
1931-09-30,,,,,,,,,,,,-17.195429339606783
1931-12-31,,,,,,,,,,,,-15.608412891070811
1932-03-31,,,,,,,,,,,,-22.48796176193607
1932-06-30,,,,,,,,,,,,-30.19818362319373
1932-09-30,,,,,,,,,,,,-18.03275361730624
1932-12-31,,,,,,,,,,,,-12.139100568852633
1933-03-31,,,,,,,,,,,,-12.96334502441373
1933-06-30,,,,,,,,,,,,43.971238938053105
1933-09-30,,,,,,,,,,,,34.000148547943844
1933-12-31,,,,,,,,,,,,19.078915221109206
1934-03-31,,,,,,,,,,,,45.38822166034555
1934-06-30,,,,,,,,,,,,0.9842123557067817
1934-09-30,,,,,,,,,,,,-11.44224373660483
1934-12-31,,,,,,,,,,,,10.496727466710443
1935-03-31,,,,,,,,,,,,6.82958642053586
1935-06-30,,,,,,,,,,,,6.342276408036085
1935-09-30,,,,,,,,,,,,30.337359954935227
1935-12-31,,,,,,,,,,,,23.500139262835383
1936-03-31,,,,,,,,,,,,9.58945922572112
1936-06-30,,,,,,,,,,,,21.559742427855944
1936-09-30,,,,,,,,,,,,20.258675886797285
1936-12-31,,,,,,,,,,,,21.45810467441478
1937-03-31,,,,,,,,,,,,29.166279825457252
1937-06-30,,,,,,,,,,,,15.848258078982047
1937-09-30,,,,,,,,,,,,6.451655840698534
1937-12-31,,,,,,,,,,,,-24.667318619016378
1938-03-31,,,,,,,,,,,,-29.3548966756514
1938-06-30,,,,,,,,,,,,-30.94463328776901
1938-09-30,,,,,,,,,,,,-18.18193185370428
1938-12-31,,,,,,,,,,,,15.929407125016425
1939-03-31,,,,,,,,,,,,21.005239863661785
1939-06-30,,,,,,,,,,,,26.887503065550234
1939-09-30,,,,,,,,,,,,22.63349329094966
1939-12-31,,,,,,,,,,,,22.518781006378475
1940-03-31,,,,,,,,,,,,13.208049552958334
1940-06-30,,,,,,,,,,,,20.817284461931386
1940-09-30,,,,,,,,,,,,13.422810428193998
1940-12-31,,,,,,,,,,,,13.084674387125862
1941-03-31,,,,,,,,,,,,31.666315932807642
1941-06-30,,,,,,,,,,,,28.30861347898621
1941-09-30,,,,,,,,,,,,26.331923309344617
1941-12-31,,,,,,,,,,,,21.2119042016635
1942-03-31,,,,,,,,,,,,16.96156594336429
1942-06-30,,,,,,,,,,,,8.153141920775141
1942-09-30,,,,,,,,,,,,14.0510171245684
1942-12-31,,,,,,,,,,,,19.772790574016085
1943-03-31,,,,,,,,,,,,19.04826976407701
1943-06-30,,,,,,,,,,,,23.72553378951443
1943-09-30,,,,,,,,,,,,23.614235494177848
1943-12-31,,,,,,,,,,,,15.939200045099655
1944-03-31,,,,,,,,,,,,13.090302629269
1944-06-30,,,,,,,,,,,,10.3942604621446
1944-09-30,,,,,,,,,,,,2.8234960272417675
1944-12-31,,,,,,,,,,,,0.4911048034669019
1945-03-31,,,,,,,,,,,,-3.215136516427941
1945-06-30,,,,,,,,,,,,-8.766292487068494
1945-09-30,,,,,,,,,,,,-27.62522423071616
1945-12-31,,,,,,,,,,,,-27.036017782078815
1946-03-31,,,,,,,,,,,,-26.246113606080044
1946-06-30,,,,,,,,,,,,-20.64057409818083
1946-09-30,,,,,,,,,,,,8.705599535789776
1946-12-31,,,,,,,,,,,,12.053715754134387
1947-03-31,,,,,,,,,,,,15.765569848943617
1947-06-30,,,,,,,,,,,,14.798038252412615
1947-09-30,,,,,,,,,,,,5.954841120355048
1947-12-31,,,,,,,,,,,,5.577913239036514
1948-03-31,,,,,,,,6.818181818181812,4.0,,,2.7238506722925937
1948-06-30,,,,,,,,9.375,3.6,,,6.445248750625598
1948-09-30,,,,,,,,6.654991243432562,3.8,,,4.457127229283309
1948-12-31,,,,,,,,2.733874412644166,4.0,,,0.18848622438971674
1949-03-31,,,,,,,,1.744680851063829,5.0,,,-3.2192267385020124
1949-06-30,,,,,,,,-0.952380952380938,6.2,,,-8.256618173145714
1949-09-30,,,,,,,,-2.504105090311981,6.6,,,-5.56569908846003
1949-12-31,,,,,,,,-1.8295218295218296,6.6,,,-3.5779976920656154
1950-03-31,,,,,,,,-1.129234629861986,6.3,,,5.675145348837218
1950-06-30,,0.022871185715035432,,,,,,-0.1672240802675695,5.4,,,17.599786093079217
1950-09-30,,0.0948475709286368,,,,,,2.4842105263158,4.4,,,22.20033415778375
1950-12-31,,0.04915731447702729,,,,,,5.80262600592969,4.3,,,24.218642334389905
1951-03-31,,0.050117824562345294,,,,,,9.475465313028764,3.4,,,19.443775832307498
1951-06-30,,-0.024506432556405035,,,,,,8.584589614740379,3.2,,,9.013225207472807
1951-09-30,,0.10411934115756549,,,,,,6.943303204601481,3.3,,,1.125447044283523
1951-12-31,,0.02168914369947869,,,,,,5.964771817453962,3.1,,,0.15707203709001138
1952-03-31,,0.024928601444121394,,,,,,1.9706336939721905,2.9,,,0.7755553252495773
1952-06-30,,0.023921604747178363,,,,,,2.313922097956045,3.0,,,-1.40378320442629
1952-09-30,,-0.016970030231127406,,,,,,2.3050326546292688,3.1,,,9.062193725128997
1952-12-31,,0.07947827169567716,,,,,,0.9066868152625585,2.7,,,11.617345273074942
1953-03-31,,-0.04937365140296112,,,,,,0.9094353921940136,2.6,,,11.23071033942946
1953-06-30,,-0.046538906497474226,,3.11,,,,0.9046362608367886,2.5,,,15.031554453467466
1953-09-30,,-0.03327318993361967,,2.87,,,,0.9763424708974844,2.9,,,4.518657665802306
1953-12-31,,0.06064977572586845,,2.59,,,,0.5990265818045737,4.5,,,-4.78232482828862
1954-03-31,,0.08236541462837481,,2.37,,,,1.1265490048817162,5.7,,,-7.330778792517179
1954-06-30,,0.08089889425052418,,2.38,,,,0.635039223010847,5.6,,,-7.565270250251565
1954-09-30,,0.10086573728328996,,2.38,,,,-0.2975083674228385,6.1,,,-6.1366343813124775
1954-12-31,,0.10758639345966452,,2.51,,,,-0.372162262746567,5.0,,,3.545274521527819
1955-03-31,,0.01653847721922689,,2.68,,,,-0.519866320089124,4.6,102.111,,10.89549591495118
1955-06-30,,0.11480178368372886,,2.78,,,,-0.8537490720118779,4.2,102.4746,,13.839505285902941
1955-09-30,,0.06235784886550241,,2.97,,,,0.1491980604252152,4.1,102.432,,15.155996512564695
1955-12-31,,0.04061133324905171,,2.96,,,,0.3735524841240289,4.2,102.0563,,13.12393384261663
1956-03-31,,0.06387867350156806,,2.96,,,,0.3732736095558131,4.2,101.082,,6.460706449210529
1956-06-30,,-0.031642206290839976,,3.0,,,,1.647323099962561,4.3,100.3107,,2.3529583098701012
1956-09-30,,-0.03509898311347753,,3.38,,,,1.862197392923659,3.9,100.4138,,4.258031127808026
1956-12-31,,0.028691377813218285,,3.59,,,,2.828433196873825,4.2,100.6128,,3.4050624019481557
1957-03-31,,-0.056414992773757694,,3.41,,,,3.607288955001864,3.7,100.0717,,4.171889744925994
1957-06-30,,0.07130256643343036,,3.8,,,,3.53591160220994,4.3,99.27724,,3.70370370370372
1957-09-30,,-0.11036918841566819,,3.92,,,,3.546617915904937,4.4,98.08708,,0.24773180619006574
1957-12-31,,-0.058990441140755134,,3.21,,,,3.040173724212813,5.2,96.80795,,-6.829524560021005
1958-03-31,,0.051418239613291235,,2.98,,,,3.625269203158665,6.7,96.85222,,-12.014440042725226
1958-06-30,,0.07193398390512667,,2.97,,,,2.8459622909996485,7.3,98.39122,,-8.990542048552042
1958-09-30,,0.1012406250872216,,3.76,,,,2.083333333333326,7.1,100.3541,,-4.691146332405671
1958-12-31,,0.09792176627678836,,3.86,,,,1.7562346329469625,6.2,102.0508,,5.366847165647504
1959-03-31,,0.004157250397568954,,3.99,,,,0.3463803255975062,5.6,103.1289,,16.551671148674597
1959-06-30,,0.053212492954119436,,4.34,,,,0.6918021445866396,5.0,102.8516,,18.674432394946592
1959-09-30,,-0.027570018791622936,,4.68,,,,1.1760636457972984,5.5,101.6909,,6.994386211342074
1959-12-31,,0.05156573181177857,,4.69,,,,1.5188125647221271,5.3,100.9852,,8.819608150687142
1960-03-31,,-0.0790135589691009,,4.25,,,,1.5188125647221271,5.4,100.1108,,4.496831298508397
1960-06-30,,0.0281507639366751,,4.15,,,,1.7176228100309163,5.4,99.26256,,-1.4825008998327394
1960-09-30,,-0.061591316679629464,,3.8,,,,1.2307692307692353,5.5,98.5972,,3.026692623448324
1960-12-31,,0.0822823522172909,,3.84,,,,1.3600816048962905,6.6,98.26809,,-6.1644445386523135
1961-03-31,,0.11297210692935074,,3.74,,,,1.4620877252635056,6.9,98.9643,,-6.3418429574799156
1961-06-30,,-0.006476478749227508,,3.88,,,,0.7767646065518496,6.9,100.2523,,0.578541525183307
1961-09-30,,0.03182127245120706,,3.98,,,,1.249577845322536,6.7,101.1057,,4.11297255545422
1961-12-31,,0.06974187143283285,,4.06,,,,0.6709158000671067,6.0,101.2562,,12.530721411016344
1962-03-31,,-0.02835058640649182,,3.93,,,,1.1058981233244003,5.6,100.6416,,13.300941663560707
1962-06-30,,-0.2392685935514577,,3.91,,,,1.2399463806970434,5.5,99.69392,,7.710256410256422
1962-09-30,,0.027384172883705624,,3.98,,,,1.4676450967311627,5.6,99.39292,,7.449136131579603
1962-12-31,,0.114559203784935,,3.86,,,,1.2329223592135952,5.5,99.78664,,3.4591295969166547
1963-03-31,,0.053533275663077355,,3.93,,,,1.1269472986410234,5.7,100.2192,,4.695792097847495
1963-06-30,,0.04120051596210602,,3.99,,,,1.3240648791790657,5.6,100.3114,,7.371787241808914
1963-09-30,,0.033036168052268895,,4.08,,,,0.9861932938855844,5.5,100.1863,,6.407645796762229
1963-12-31,,0.045263994863854934,,4.13,,,,1.6458196181698526,5.5,100.2154,,6.8968862535701
1964-03-31,,0.051439998455534985,,4.22,,,,1.4093739757456536,5.4,100.4679,,5.912348244807086
1964-06-30,,0.033736926877915796,,4.17,,,,1.3067624959163693,5.2,100.7243,,5.969950706151028
1964-09-30,,0.030025741727692106,,4.2,,,,1.171875,5.1,100.8731,,6.910065401648247
1964-12-31,,0.006748379292858431,,4.18,,,,1.1981865284974136,5.0,101.075,,8.895374797164113
1965-03-31,,0.016500329091163266,,4.21,,,,1.195862960568839,4.7,101.1951,,10.490855216833417
1965-06-30,,-0.023961691866463197,,4.21,,,,1.9348597226700903,4.6,101.0112,,9.952994999616415
1965-09-30,,0.0671207334288061,,4.29,,,,1.737451737451745,4.3,101.1347,,9.880154307758238
1965-12-31,,0.027086487664316674,,4.62,,,,1.9200000000000104,4.0,101.6855,,9.694539175192428
1966-03-31,,-0.03523426104519121,,4.87,,,,2.778664963270528,3.8,101.7511,,9.66913382158847
1966-06-30,,-0.05162962354401211,,4.81,,,,2.4359379943056148,3.8,100.8478,,9.222982294233507
1966-09-30,,-0.10151300473327714,,5.18,,,,3.5736875395319334,3.7,99.78448,,9.159650228749427
1966-12-31,,0.04806845772397669,,4.84,,,,3.3594976452119285,3.8,98.89308,,6.546645839284748
1967-03-31,,0.11588622025546388,,4.54,,,,2.5481665630826544,3.8,98.62083,,2.145608787733977
1967-06-30,,0.004866216750609338,,5.02,,,,2.841260037059889,3.9,99.31921,,0.5987172004889629
1967-09-30,,0.06482119027619136,,5.3,,,,2.595419847328251,3.8,100.2466,,0.5540482976880146
1967-12-31,,-0.0024847084259737233,,5.7,,,,3.280680437424044,3.8,100.7229,,3.6908578534837755
1968-03-31,,-0.06720269860082685,,5.74,,,,3.939393939393932,3.7,100.754,,5.571020988067876
1968-06-30,,0.09893196636646945,,5.72,,,,4.2042042042042205,3.7,100.7729,,7.248928463192517
1968-09-30,,0.03055858387469231,,5.46,,,,4.464285714285721,3.4,101.1021,,6.17723404799746
1968-12-31,,0.01152390081634469,,6.03,,,,4.705882352941182,3.4,101.3782,,4.592942652172005
1969-03-31,,-0.022886507451976876,,6.3,,,,5.247813411078739,3.4,101.0286,,6.131559368024853
1969-06-30,,-0.03815343825446295,,6.57,,,,5.475504322766556,3.5,100.2361,,4.654179449916573
1969-09-30,,-0.048114885108199626,,7.16,,,,5.698005698005693,3.7,99.585,,4.895649798904289
1969-12-31,,-0.011448501608843193,,7.65,,,,5.89887640449438,3.5,98.84968,,1.8102058474672056
1970-03-31,,-0.02675045714365355,,7.07,,,,6.094182825484751,4.4,97.94292,,-2.2667525773195862
1970-06-30,,-0.2090735880701428,,7.84,,,,6.010928961748618,4.9,97.54437,,-3.1647783086552472
1970-09-30,,0.1477654345533995,,7.39,,,,5.660377358490565,5.4,97.69588,,-4.471367269366944
1970-12-31,,0.08903579946550517,,6.39,,,,5.570291777188308,6.1,98.67637,,-3.676159084098818
1971-03-31,,0.08484766588230612,,5.7,,,,4.438642297650142,6.0,99.93694,1.9708299053137868,-1.2062077240542757
1971-06-30,,-0.016180451036877357,,6.52,,,,4.381443298969079,5.9,100.299,3.966992780696277,0.9737974915486447
1971-09-30,,-0.0036540907753764666,,6.14,,,,4.081632653061207,6.0,100.4154,3.4042320745463206,2.36090438537655
1971-12-31,,0.037423916565014495,,5.93,,,,3.266331658291466,6.0,101.259,5.306784877604964,5.135631629054527
1972-03-31,,0.048841478859269774,,6.07,,,,3.499999999999992,5.8,102.2827,2.7520677665149984,8.977367062522879
1972-06-30,,-0.0005598354127635484,,6.11,,,,2.9629629629629672,5.7,102.7795,3.3602568688602563,8.748034105314083
1972-09-30,,0.0313315501526338,,6.55,,,,3.1862745098039325,5.5,103.3539,4.473975296157051,10.20111941857067
1972-12-31,,0.06564035447424033,,6.36,,,,3.406326034063256,5.2,103.8099,3.9755905754183196,11.563253280957063
1973-03-31,,-0.056904372472336845,,6.71,,,,4.830917874396135,4.9,103.4266,8.13930426403775,9.499268853655618
1973-06-30,,-0.06731611708117116,,6.9,,,,5.995203836930463,4.9,102.287,6.174161017382818,8.83633980415821
1973-09-30,,0.03921700646917272,,7.09,,,,7.3634204275534465,4.8,101.3225,5.832202006997611,7.6971184368870516
1973-12-31,,-0.10573970794542972,,6.74,,,,8.94117647058823,4.9,100.6818,4.473112712662042,4.998776770995539
1974-03-31,,-0.0372830689588281,,7.21,,,,10.138248847926269,5.1,99.89204,0.8104937014143498,1.7295797962173731
1974-06-30,,-0.08873473314082078,,7.54,,,,10.859728506787311,5.4,98.59248,-0.6259353742684937,1.3783372404368555
1974-09-30,,-0.30267765300346067,,8.04,,,,11.94690265486724,5.9,96.9442,-1.317629763150896,-0.4968941366931823
1974-12-31,,0.07603959542970058,,7.43,,,,12.095032397408213,7.2,95.64203,-3.2861974307465625,-8.426496526794857
1975-03-31,,0.19545934664718498,,7.73,,,,10.460251046025103,8.6,95.92943,-1.984270842934488,-11.90451583963129
1975-06-30,,0.13270633458399853,,7.86,,,,9.183673469387754,8.8,97.32443,-0.856535457654839,-11.71888356515679
1975-09-30,,-0.12660690616652476,,8.43,,,,7.905138339920947,8.4,98.72328,-3.2613657432601917,-7.971660053275553
1975-12-31,,0.07265056950279916,,8.0,,,,7.129094412331405,8.2,99.94003,-1.5177313638310763,0.9228764448925508
1976-03-31,,0.13057486572524726,,7.73,,,,6.060606060606055,7.6,100.882,-1.655293334493646,8.61875308882334
1976-06-30,,0.014586128386834344,,7.86,,,,5.981308411214958,7.6,101.0877,-0.058238444384606236,9.152820950810892
1976-09-30,,0.009163858514149373,,7.59,,,,5.494505494505497,7.6,101.0255,2.015366654433648,7.306439524962527
1976-12-31,,0.020875240907535265,,6.87,,,,5.035971223021574,7.8,101.3063,2.237779772153381,7.9827715391104
1977-03-31,,-0.08787465994763762,,7.46,,,,6.428571428571428,7.4,101.8413,2.73180457700688,7.587184719464668
1977-06-30,,0.0207147192955267,,7.28,,,,6.701940035273357,7.2,101.9846,2.8450484902851514,9.207368806538119
1977-09-30,,-0.04010490791417913,,7.34,,,,6.423611111111094,6.8,101.7617,4.4677956261159,8.163484591053471
1977-12-31,,-0.01492487470833099,,7.69,,,,6.67808219178081,6.4,101.668,6.204880295787696,5.964511863563571
1978-03-31,,-0.06393582284326763,,8.04,,,,6.375838926174482,6.3,101.8364,6.734549638199616,4.716084453794966
1978-06-30,,0.06844719084061618,,8.46,,,,7.438016528925617,5.9,102.2235,5.935325742544806,5.349748810704069
1978-09-30,,0.07081265378034496,,8.42,,,,8.482871125611746,6.0,102.1619,6.135877643479271,5.288820730604393
1978-12-31,,-0.06475960009829916,,9.01,,,,8.988764044943842,6.0,101.6184,5.210322770062525,6.890239256716546
1979-03-31,,0.05545169386977616,,9.12,,,,10.252365930599373,5.8,101.0724,6.246924124870024,6.156058458180791
1979-06-30,,0.01290978637803261,,8.91,,,,11.076923076923071,5.7,100.3083,4.974078058595066,2.6026045816437637
1979-09-30,,0.06042450283473112,,9.33,,,,11.879699248120312,5.9,99.54688,3.248711895842571,1.1504803987860246
1979-12-31,,-0.012703818459609464,,10.39,,,,13.254786450662737,6.0,98.72421,1.8488704912576148,-0.23348552274172762
1980-03-31,,-0.05572079849913387,,12.75,,,,14.592274678111572,6.3,97.80502,-1.5204269494825118,-0.3354814908751447
1980-06-30,,0.11244673858223601,,9.78,,,,14.265927977839322,7.6,98.0209,-3.1851973446855086,-5.68111529679266
1980-09-30,,0.09368549547945526,,11.51,,,,12.768817204301076,7.5,99.61485,-1.8618177689186277,-3.6900720369531848
1980-12-31,,0.0789016050924211,,12.84,,,,12.353706111833551,7.2,100.0567,-3.5200329073868164,-0.8052089488257752
1981-03-31,,0.001766305272398207,,13.12,,,,10.611735330836458,7.4,99.71187,-4.075291064375008,-1.5180258338153063
1981-06-30,,-0.03585574144956085,,13.47,,,,9.696969696969692,7.5,99.07923,-2.277383489853857,5.029602722878468
1981-09-30,,-0.12165842909535503,,15.32,,,,10.96543504171632,7.6,98.20197,-3.762280479259772,3.778994689351256
1981-12-31,,0.053378419685129526,,13.72,,,,8.912037037037024,8.5,97.21574,-2.962181530566732,-2.8656357308042835
1982-03-31,,-0.09037747840628467,,13.86,,,,6.884875846501148,9.0,96.42503,-1.2741975216817303,-3.0348885922016455
1982-06-30,,-0.02121303967395599,,14.3,,,,7.182320441988943,9.6,96.26878,-1.9932276361048773,-5.424420493249382
1982-09-30,,0.0940570000347071,,12.34,,,,4.940923737916236,10.1,96.82649,-3.687971121121514,-6.868842801509523
1982-12-31,,0.15521781276631985,,10.54,,,,3.825717321997879,10.8,98.03716,-2.650099328484079,-5.912378478798031
1983-03-31,,0.08397306359899843,,10.51,,,,3.590285110876445,10.3,99.84448,-1.8089118502523038,-3.2461646238918895
1983-06-30,,0.09164232621997359,,10.85,,,,2.4742268041237248,10.1,101.5108,-0.9706445735042979,1.0316445022150678
1983-09-30,,-0.009409389094161186,,11.65,,,,2.763561924257929,9.2,102.3946,0.444846891162487,6.8416393880686766
1983-12-31,,-0.00688833326984718,,11.83,,,,3.787103377686796,8.3,102.6245,0.3974627701854416,10.886183797139415
1984-03-31,,-0.035485505686492995,,12.32,,,,4.892966360856277,7.8,102.2768,-0.06665874828047924,11.828004106467693
1984-06-30,,-0.03842193869853482,,13.56,,,,4.325955734406439,7.2,101.4158,0.38840575413015,10.74527207214544
1984-09-30,,0.0809764006982909,,12.52,,,,4.2828685258964105,7.3,100.6688,1.1500841176101284,6.386728672476449
1984-12-31,,0.006839885969079059,,11.5,,,,4.043392504930954,7.3,100.3625,1.8895228995920554,4.960103266653104
1985-03-31,,0.07718689265806533,,11.86,,,,3.790087463556846,7.2,100.2146,1.7256031204640587,2.3741950892748775
1985-06-30,,0.06009701651453618,,10.16,,,,3.6644165863066513,7.4,100.1236,1.9208902372761294,0.7306797251541264
1985-09-30,,-0.0522676875126736,,10.37,,,,3.2473734479465,7.1,100.0421,2.7960220603967523,0.8154779178130456
1985-12-31,,0.14873810121693518,,9.26,,,,3.791469194312791,7.0,100.0835,3.083989011095478,1.4633539281426744
1986-03-31,,0.12286076657213071,,7.78,,,,2.153558052434445,7.2,100.1124,4.039606206675117,0.17716115650512343
1986-06-30,,0.048770242292084764,,7.8,,,,1.7674418604651132,7.2,100.0477,5.578562602070525,0.18540518149086083
1986-09-30,,-0.08101320612270654,,7.45,,,,1.757631822386685,7.0,99.90198,5.80390044239163,0.7412926803496367
1986-12-31,,0.04583788635865004,,7.11,,,,1.187214611872145,6.6,99.96808,6.3458115875231424,1.5210709724897686
1987-03-31,,0.18608596741019084,,7.25,83.60975609756099,,,2.8414298808432603,6.6,100.5561,6.414266691857073,3.54296110984762
1987-06-30,,0.0413017826846509,,8.4,57.96874999999999,,,3.7477148080438782,6.2,101.0381,5.046870240432377,5.519439713663821
1987-09-30,,0.056995712689723844,,9.42,33.46938775510206,,,4.2727272727272725,5.9,100.9086,4.228635663059088,6.686739906867412
1987-12-31,,-0.26431123585747063,,8.99,-6.636921360847747,,,4.332129963898912,5.7,100.4027,2.948329499412128,7.328838312501662
1988-03-31,,0.04669113940303854,,8.37,-9.192348565356001,,,3.832442067736186,5.7,100.3522,2.764098433478468,6.92376356971911
1988-06-30,,0.05489830422052237,,8.92,-24.8269040553907,,,3.96475770925111,5.4,100.5555,2.8573834422306765,5.741687913317128
1988-09-30,,-0.005830479204530196,,8.98,-32.05912334352702,,,4.184829991281602,5.4,100.6209,1.9218255195363687,4.043725665351872
1988-12-31,,0.021142273623012343,,9.11,2.2700119474313274,,,4.41176470588236,5.3,100.5956,1.9183815383253977,2.755857936251749
1989-03-31,,0.05992114840692535,,9.36,18.607372732592165,,,4.892703862660941,5.0,100.2788,1.140118354866826,2.1147048238211674
1989-06-30,,0.0754539575834935,,8.28,33.48684210526316,,,5.16949152542372,5.3,99.80997,0.07328153170738094,0.8371301845179868
1989-09-30,,0.09351308954003697,,8.19,51.162790697674396,,,4.435146443514637,5.3,99.7028,1.9092261141687716,0.3240432253134973
1989-12-31,,0.012098930803779733,,7.84,27.570093457943923,,,4.639602319801162,5.4,99.77107,1.9888239003279962,-0.05074563869427173
1990-03-31,1.7858350865801453,-0.038831403983674254,,8.59,0.3453379378391741,,2.821006526483294,5.237315875613735,5.2,99.83383,0.7872202087465086,0.7451289008624462
1990-06-30,1.5501540296023908,0.05181968144461254,-0.2413002961093231,8.48,-15.968457368161648,,2.412704964193124,4.673650282030639,5.2,99.30061,-0.12830108512985605,1.7298125132548803
1990-09-30,1.1065619166842344,-0.15684037266435563,0.6302417338323308,8.89,96.17866004962781,,1.7273622503686914,6.169871794871806,5.9,97.94892,-2.7506235781207367,2.229147315019908
1990-12-31,0.9973008079700696,0.076010655288986,-0.09847561046836335,8.08,30.402930402930405,,0.6030627340393391,6.254948535233562,6.3,97.12974,-4.664409653067958,-1.1405030076012013
1991-03-31,0.14010313918721984,0.1277534211684422,-0.44647665812135756,8.11,-3.4906588003933203,,-0.9501973946258402,4.821150855365497,6.8,97.72814,-3.397845706020186,-3.61869587651098
1991-06-30,0.9339192231506033,-0.010879277517126465,0.14684579726356373,8.28,20.586510263929615,,-0.5389307958117096,4.695919938414161,6.9,98.79828,-2.96205259239829,-2.037136646180182
1991-09-30,0.03312428465076511,0.04401116564912351,-0.2098057861080852,7.65,-43.713635213761705,,-0.10280887034219699,3.396226415094339,6.9,99.2256,-2.3681279020095203,-1.1640559598299127
1991-12-31,0.5390163581372898,0.07265760506865807,0.19745359611713348,7.09,-32.759831460674164,,1.1664011655910578,2.980625931445613,7.3,99.07094,-0.6718143177983249,0.7336733229858172
1992-03-31,0.44581363990039424,-0.032654754339059636,-0.17684718481007736,7.54,-0.713194090677538,,2.858936912248855,3.189910979228472,7.4,99.41719,-0.31823574205886995,3.4616952793256273
1992-06-30,0.5401946470869223,0.010963025961296655,-0.19225952678408711,7.26,6.22568093385214,,3.169835814511379,3.0147058823529305,7.8,99.69656,-0.5830768570784572,2.563756841098086
1992-09-30,0.7204080793014489,0.0233925312134048,0.06734357206517982,6.42,-1.8876404494382104,,3.6653854414522735,2.9927007299270114,7.6,99.70819,0.0953312451753785,2.1710235537090616
1992-12-31,0.8083499059587718,0.04197404491564523,-0.12754693430928216,6.77,1.7754569190600478,,4.382645388993267,2.966714905933454,7.4,100.0851,0.040084043572807815,4.152288897664813
1993-03-31,0.49790013903023844,0.03597498960063438,-0.0031872536941791874,5.98,4.874294510005139,,3.3199058070509935,3.0194104960460155,7.0,100.0406,-1.0871629157527596,3.8911814838072933
1993-06-30,1.3746080987088183,-0.002527189624818889,-0.10686914619643262,5.96,-13.827838827838823,,2.806668207145946,2.9978586723768963,7.0,99.6206,0.05197317625251774,2.8411547715022856
1993-09-30,1.3655143608302334,0.018473012227924215,0.1429232079709639,5.36,-14.246449839670172,,2.2865117406066116,2.763997165131116,6.7,99.66881,0.1849688622271639,2.833713227717971
1993-12-31,1.532231685378882,0.016253182552597854,-0.10801564976016181,5.77,-27.193432529502303,,2.6077107599381977,2.8109627547435068,6.5,100.3539,0.4655094662359138,3.407732938414032
1994-03-31,1.3394015509312185,-0.04534776028641124,0.5618187015664644,6.48,-27.690802348336607,,3.430706936043171,2.6517794836008246,6.5,100.9474,1.5713848362665095,4.013742016462052
1994-06-30,1.6872674639682117,-0.003370638302056084,-0.3119346840572737,7.1,2.922422954303938,-1.1500000000000057,4.225610689832271,2.494802494802495,6.1,101.0782,1.472762264241556,5.692891278467149
1994-09-30,1.5378970462109676,0.04066802849948581,-0.047188241520098706,7.46,-1.9230769230769162,-2.3799999999999955,4.337048254936149,2.965517241379323,5.9,100.9211,1.0421997346540035,6.156180732641192
1994-12-31,1.9974603785044343,-0.0074622409972477325,-0.0786431273191131,7.81,25.229034531360117,1.3599999999999994,4.116167021429895,2.597402597402576,5.5,100.4977,0.6964122697866504,6.925835091579047
1995-03-31,1.2466792885314604,0.08638882561917986,0.012796561521526695,7.2,29.76995940460081,-0.09000000000000341,3.481405627292,2.7872195785180187,5.4,99.5805,0.2671302340006898,5.7165348260771465
1995-06-30,1.9450951736111888,0.08429989971473416,-0.1611559624156668,6.17,-10.273618998451228,-3.799999999999997,2.4023751008017014,3.0425963488843744,5.6,98.83797,0.05211763770287536,4.587732144288292
1995-09-30,1.6269705237511811,0.07027577151970234,0.11288922144583245,6.2,-4.466230936819171,3.0,2.6733258155179795,2.54521098459477,5.6,98.62815,0.6614757465612575,4.7816808149161005
1995-12-31,1.6978221362901946,0.05253056347703425,-0.01741928447206482,5.71,9.960607765897578,1.1400000000000006,2.1997916299495213,2.5316455696202667,5.6,98.58084,0.7863639605449224,2.6396897921781903
1996-03-31,1.4105218012558263,0.04689190146523132,0.4107757950454022,6.27,11.730969760166833,0.46999999999999886,2.6013098466592277,2.8439153439153486,5.5,98.94079,0.9892204239073221,3.188414739319012
1996-06-30,1.9133839542503361,0.03819236608299904,-0.3221682485229501,6.91,20.368239355581142,0.25,4.002379484223728,2.8215223097112663,5.3,99.41933,0.9280349080089678,5.110978907668273
1996-09-30,1.5526541111958503,0.02459697473091832,0.21433292163205478,6.83,37.970353477765116,-0.25,4.0501348871777365,3.004572175048992,5.2,99.65776,0.6386966561882534,4.952801645891314
1996-12-31,1.4120346461330202,0.07483512224707736,0.2104378053702631,6.3,32.54861821903787,0.6499999999999915,4.421452442981133,3.378817413905133,5.4,99.89985,0.39814111313001277,6.165643121709419
1997-03-31,1.3398295255744097,0.02187208155308304,0.0566802880837686,6.69,-5.039664022398494,3.0900000000000034,4.314068944306992,2.7652733118971096,5.2,100.2664,0.26415304279685525,7.470272474009643
1997-06-30,1.9686572526133483,0.15622408623578946,-0.027938615904219102,6.49,-5.258126195028689,-1.3999999999999915,4.31127171595187,2.233567326100827,5.0,100.6874,0.8638472281043308,6.012329789391524
1997-09-30,2.262811174501489,0.06784890981350224,0.06212618508913243,6.21,-12.685950413223146,2.6299999999999955,4.674702492340366,2.21940393151554,4.9,100.9503,1.1217829879032415,7.7307713474798145
1997-12-31,1.9634435945046658,0.02414451374107921,0.0468969137677577,5.81,-31.853281853281857,4.959999999999994,4.483552816031211,1.6970458830924071,4.7,100.9417,1.9791218342135153,8.280957988374027
1998-03-31,2.109291726739282,0.12691583903095038,0.008708327891784193,5.65,-22.604422604422613,0.4900000000000091,4.855526883310857,1.3767209011263937,4.7,100.7223,3.065969742308261,6.835942439493192
1998-06-30,2.993966131160164,0.02871024699148201,-0.2060526169603172,5.5,-27.850655903128153,2.6599999999999966,4.09279008633523,1.6229712858926382,4.5,100.2141,3.707138540611199,6.058575229559682
1998-09-30,2.186961358822259,-0.10874311226937916,0.7312256891344496,4.81,-23.37908187411263,0.45000000000000284,4.103452727565782,1.4267990074441794,4.6,99.76799,4.258072706983773,4.848836473856544
1998-12-31,2.5317706324189393,0.1895209817430942,-0.5169493416165198,4.65,-31.218130311614722,-4.200000000000003,4.883126568525764,1.606922126081578,4.4,100.0401,4.897511010167088,3.7695732652959
1999-03-31,2.295764133922318,0.04543635327414272,-0.0486673215920402,5.23,5.777777777777771,2.280000000000001,4.816336792733988,1.728395061728394,4.2,100.6462,4.901372052524633,4.425125461604007
1999-06-30,2.24357475471777,0.06496256522610398,-0.0979361525998352,5.9,35.17482517482515,0.0,4.721885912228041,1.96560196560196,4.3,101.0616,4.602916344780605,4.826418688874012
1999-09-30,2.8632833328713136,-0.06781186281003171,0.18634380284138946,5.92,51.57504632489189,-1.4399999999999977,4.791118246732284,2.629969418960254,4.2,101.2431,4.600579830914775,3.7444563415508503
1999-12-31,2.2547384326822684,0.1357770696152514,-0.03077165866675366,6.28,112.19110378912687,-0.29000000000000625,4.8235742707329665,2.676399026763998,4.0,101.381,4.088032719740364,5.216917187508963
2000-03-31,2.2009902429098727,0.019765897234355154,-0.021744446472239373,6.26,61.224489795918366,1.7999999999999972,4.224744861233032,3.762135922330101,4.0,101.2127,3.775562754977546,4.447293166354416
2000-06-30,2.4969620371059875,-0.029787031790713386,-0.21016304557844304,6.1,67.8220382824625,2.030000000000001,5.2444568111355006,3.7349397590361377,4.0,100.7844,4.069254539624323,4.574285752844154
2000-09-30,1.9898783798363295,-0.012514364378700026,0.0513700570502291,5.8,25.79462102689487,1.7700000000000102,3.9731723525519014,3.45649582836709,3.9,100.1381,3.989178020676576,3.968806853188922
2000-12-31,1.6840365509428246,-0.08437271006979205,0.2664321172900079,5.24,3.7267080745341463,0.9699999999999989,2.9055943095086967,3.4360189573459543,3.9,99.12424,4.291771976814318,0.7397718173229428
2001-03-31,0.8250764445259406,-0.12913944795954221,0.06453852113757116,4.89,-1.8242740134028268,3.0,2.1975051856706784,2.9824561403508643,4.3,98.36205,4.447283025772153,-1.122295725249156
2001-06-30,2.4104679881393087,0.053730187866269014,-0.40721244386638894,5.28,-18.711467324290986,1.4200000000000017,0.9962983270431103,3.193960511033689,4.5,98.2286,4.384977127062362,-3.3422163718917375
2001-09-30,2.1375111980140415,-0.16231050261761382,0.5159541085006346,4.73,-24.068675089083246,-1.1200000000000045,0.48923629256110157,2.5921658986175045,5.0,98.0805,4.963757878168473,-4.55015745457048
2001-12-31,1.2389042370419379,0.0979668488084315,-0.2938604260492616,5.09,-25.299401197604787,0.37000000000000455,0.16731829373148877,1.603665521191311,5.7,98.56399,5.344849487525138,-4.774776238202749
2002-03-31,1.1613658599175514,-0.0006011330453738096,-0.31321537445694575,5.28,-0.6067500948046978,1.539999999999992,1.3372586567694578,1.362862010221466,5.7,99.37843,5.693038587326593,-2.1374903694403535
2002-06-30,1.5112821472228255,-0.1477219737246461,0.3782789678040076,4.93,1.5927189988623303,-2.989999999999995,1.3253787532159889,1.0692177827799745,5.8,99.21531,5.646686670948031,0.920910919642548
2002-09-30,1.6146226339887049,-0.1939914673602564,0.44635009277048304,3.87,30.50341296928327,0.3100000000000023,2.1465169830615416,1.516002245929271,5.7,98.35268,5.560646372900968,2.146064440525741
2002-12-31,1.9234844604888668,0.07618570096493299,-0.3269934926666691,4.03,56.3627254509018,-1.5200000000000102,1.9925248221954739,2.480270574971821,6.0,97.88914,5.5554462987140285,2.880394484854265
2003-03-31,1.2097131946160244,-0.036624480637329225,0.0183491386681964,3.81,18.809614650896613,-1.1799999999999926,1.6792570124718242,3.025210084033625,5.9,97.81839,5.0833486141230955,2.1709435832793167
2003-06-30,2.6361795130365406,0.13883165016483404,-0.40101533181155496,3.33,12.541993281075037,-4.670000000000002,1.9550651524723905,1.948775055679297,6.3,98.46091,5.5074484053203365,-0.05887145406980876
2003-09-30,1.7859709323257755,0.021792588286004524,0.15180601286800413,4.27,-4.576659038901598,1.3299999999999983,3.2311353875128956,2.378318584070782,6.1,99.57716,5.428413143710875,0.9407289987876988
2003-12-31,1.6579804113100893,0.11012646206489102,-0.2157982351665313,4.27,4.165331624479318,-4.650000000000006,4.300440651057458,2.0352035203520247,5.7,100.6819,5.649655927170771,1.9841883950955763
2004-03-31,1.8762141101299923,0.012769688215178104,-0.08964629362509012,3.83,14.80411046885035,0.5500000000000114,4.341952085996703,1.7400761283306032,5.8,101.1317,6.131902833288949,1.626375894029275
2004-06-30,2.3401084908112546,0.012906824685143545,-0.15474822988985484,4.73,22.454394693200676,1.9199999999999875,4.227491217016888,3.1676679410158397,5.6,101.013,6.483318381771519,2.447031362551799
2004-09-30,2.1213338266728554,-0.023287190308992182,-0.0722857946839966,4.13,69.78417266187051,-1.3999999999999915,3.494860356231766,2.539168017287952,5.4,100.6837,7.288123661712342,2.448803847620762
2004-12-31,2.7959865919584326,0.08372830222112904,-0.0037551677623237686,4.23,33.3743463549677,-5.290000000000006,3.3511049439547858,3.3423180592991875,5.4,100.5739,7.128035747884054,3.551152067738861
2005-03-31,1.7674306017752217,-0.026191630560969733,0.05347300888129014,4.5,54.71328671328672,0.7900000000000063,3.9088432572524257,3.2068412613575736,5.2,100.4085,7.603488908930878,4.168552298887196
2005-06-30,2.6372883868051478,0.009056008624291515,-0.15225044172576913,4.0,53.385698808234025,2.6099999999999994,3.6177355801611855,2.541026998411855,5.0,100.3846,7.7743122521018115,4.6347083589064475
2005-09-30,2.435286884682175,0.030975975890162682,-0.010016778243471232,4.2,33.59564164648909,0.20000000000000284,3.448598847170792,4.741833508956805,5.0,100.6139,7.209614270395459,1.6574450087309733
2005-12-31,2.417241580538776,0.015728376958454783,0.01250537347223651,4.47,40.821033210332104,-0.12000000000000455,2.9727366937913002,3.338549817423053,4.9,101.1194,6.918475811998492,2.6259073757150198
2006-03-31,2.6795596644940245,0.036635654200431036,-0.05798725765034928,4.72,19.779425058759713,-0.15000000000000568,3.2131067957182013,3.4179181771103018,4.7,101.3739,5.913105018043985,2.091541760329152
2006-06-30,2.7943230509067885,-0.019235970295755148,0.13834856856996192,5.11,30.56683736535404,-0.4899999999999949,2.9729038556202125,4.1817243159525175,4.6,101.2252,3.642812352843716,1.9803386251444621
2006-09-30,2.1842358070113033,0.0503934451404933,-0.08784575334174936,4.72,-4.999244827065397,-1.1099999999999994,2.325277937424497,2.012072434607637,4.5,101.2498,1.493866693450796,4.2159275134967755
2006-12-31,2.307939126210301,0.05989123065970221,-0.03568772944307185,4.56,-0.3439240091713036,-2.3900000000000006,2.6345603763438197,2.5239777889954462,4.4,101.5824,0.8116846367862918,2.1707334984272686
2007-03-31,1.7771759500265993,0.0018033060386475795,0.23620664528893415,4.56,-0.46792452830188846,1.0700000000000074,1.5767249700146868,2.798197295943927,4.4,101.9432,-0.4274204446943264,2.5308035115800154
2007-06-30,2.722009724501384,0.05643362323545976,0.10310387299333433,5.1,-4.692994319718691,-1.4100000000000108,1.9343747200181172,2.692765113974227,4.6,102.1929,-1.3521386441368466,2.7140344521729087
2007-09-30,2.2888766585620335,0.015445358101356152,0.1035103763696649,4.52,29.793322734499217,-2.6899999999999977,2.3680360773066234,2.8338264299802685,4.7,101.9985,-2.622155983829899,2.7901202497425004
2007-12-31,1.991278527028384,-0.03899517136156276,0.22314355131420976,4.1,57.68282662284305,-2.780000000000001,2.133364682457861,4.108813392417532,5.0,101.6242,-5.965199542996757,2.2029778334589523
2008-03-31,1.3271556164053733,-0.10447105662517535,0.12946759100105945,3.51,53.988474370639985,-2.9299999999999926,1.3924712055185307,3.9749035501344334,5.1,101.1775,-8.585635803396919,0.5734255066876637
2008-06-30,0.6616891529038993,-0.03281498720284333,-0.06701457635450964,4.1,98.60933730665533,0.9099999999999966,1.3760107660276244,4.935966105947864,5.6,100.2976,-11.020867696562275,-1.724935725071297
2008-09-30,1.0379113315968302,-0.09297230235922348,0.4975436531258904,3.69,23.34639882410583,2.9299999999999926,0.26596727212868654,4.953319875136075,6.1,98.2246,-12.566800494505948,-8.130031129578574
2008-12-31,-0.9378615074092433,-0.2556436845266899,0.01536747713112185,2.42,-53.517457008858784,4.220000000000013,-2.5411536884212604,-0.022228002553859,7.3,95.66428,-11.269170159578213,-11.276192783181926
2009-03-31,-0.6879273512283901,-0.12405369923675116,0.09848694671465397,2.82,-51.11286192633445,3.9099999999999966,-3.234227293078318,-0.4464787676623838,8.7,94.78365,-8.380474854585696,-14.656035046526473
2009-06-30,-0.4644580575687729,0.14168860349272752,-0.515898125841219,3.72,-50.11431837667906,-5.109999999999999,-3.9788374053187248,-1.2291746182109151,9.5,95.8861,-6.516772499244383,-15.282480369076357
2009-09-30,-0.849122949519665,0.1396313530536158,-0.028485374775937565,3.4,-30.029791459781542,-2.3700000000000045,-3.1328157006863644,-1.377942862886472,9.8,97.51496,-4.178077134290659,-6.805879122929537
2009-12-31,-0.8485304603703336,0.053433716739917626,-0.1665927236399884,3.59,78.00448430493275,-1.8700000000000045,0.10557252348297741,2.8141231232083674,9.9,98.84863,-3.6370052166046607,-2.704223119324234
2010-03-31,-0.5818955320639918,0.04757243144603832,-0.20905961782197863,3.73,68.11039484286864,0.5700000000000074,1.7452658449103264,2.2861714393279886,9.9,99.63297,-4.946131245867747,4.200672107537207
2010-06-30,-0.5307031931251815,-0.12626864928207598,0.6747875139690658,3.2,8.264107705528524,2.6799999999999926,2.91359502911801,1.1215605940686268,9.4,99.60447,-3.865730253907129,8.551328146848402
2010-09-30,-0.09348177807081415,0.10183245031147231,-0.376643024577447,2.65,13.46863468634687,-3.4099999999999966,3.344209253779229,1.1183122472331777,9.5,99.61134,-4.530753284418609,6.346682104150392
2010-12-31,-0.2877896882606201,0.09715666287976463,-0.2890895322196606,3.29,15.102657765461647,-2.25,2.7759609093124693,1.437793022217937,9.3,100.1111,-5.313382656789811,5.996200467756596
2011-03-31,-0.05501239312031281,0.052801684820652985,-0.0005635390399914589,3.41,27.249850209706405,-1.8199999999999932,2.037797199613345,2.619241510354109,9.0,100.3614,-7.000497262670747,4.193025357503588
2011-06-30,0.09031708327895682,-0.003922166596971274,-0.07125020878860136,3.0,26.074877629316042,-0.9200000000000017,1.7437088645501975,3.502318150636041,9.1,99.78583,-8.068865016532566,2.3688810428642126
2011-09-30,0.2964427859830865,-0.15464295884840645,0.9556976821077773,1.98,-1.275797373358345,2.009999999999991,0.9426534645672335,3.812621692818685,9.0,99.1377,-6.511051502825749,2.4123837996766095
2011-12-31,0.3504796653772235,0.10573160345399048,-0.6075334278369536,1.98,8.152768658349752,1.1300000000000097,1.543075871606514,3.062066838419386,8.5,99.52104,-5.112963151817873,2.859134467066693
2012-03-31,0.11485871201355469,0.11329886477284812,-0.41189599843845465,2.17,-2.975798097749316,-0.8800000000000097,2.6380693108862374,2.5828752813320977,8.2,99.95082,-2.3409221066250208,2.8286925428470555
2012-06-30,0.36068195849423557,-0.033432287829913476,0.09706816443522276,1.62,-10.766002098635873,2.970000000000013,2.403335839137921,1.653870448297634,8.2,99.71401,0.7740451724779662,3.7105509068513065
2012-09-30,0.7662782831211468,0.056036613438408385,-0.08233847129023726,1.72,16.78702647915875,-2.3900000000000006,2.5737123144880414,1.9497168982819613,7.8,99.62026,1.856850223212958,2.2951570495009843
2012-12-31,0.6970049834153169,-0.010101801796879965,0.13591253511000534,1.72,-7.082869574015982,-1.3000000000000114,1.551852007332477,1.7595049796895523,7.9,99.91696,2.9829174707906025,2.0268355938483085
2013-03-31,0.10692372604661493,0.09555301345480538,-0.3498802587156464,1.96,-5.619722410948269,1.7700000000000102,1.700868485709428,1.5187472411246183,7.5,100.3317,4.973986773826922,2.534732272069462
2013-06-30,0.8366161120955118,0.023361439449883753,0.2833419591091638,2.3,13.311382878645329,0.789999999999992,1.5199382041070075,1.7157935271568725,7.5,100.6503,5.618558229088966,1.7645800035426706
2013-09-30,0.9607044248662433,0.04579505138026749,-0.015541257211211686,2.81,11.043610327619868,-0.20999999999999375,2.237022493295515,1.0947341081747997,7.2,100.7465,5.8431640992279155,2.854766330187619
2013-12-31,1.1948086928450286,0.09458273536812267,-0.1905480730647584,2.9,6.904061853424803,-0.7999999999999972,3.0091449601746367,1.5128383667573295,6.7,100.7508,5.526767202113492,2.245344069429267
2014-03-31,0.7325162680057451,0.01289021572320049,0.011594332780919227,2.72,4.452900041135344,1.279999999999987,1.6508175559380112,1.6126949139408042,6.7,100.8,4.513186574793471,2.724108069090181
2014-06-30,0.9823728018751865,0.04587283609250346,-0.1820334138730732,2.6,10.076795350767952,0.05000000000001137,2.6891521587272926,2.0589816945944195,6.1,100.941,2.9514499375936643,3.365841732090935
2014-09-30,0.7085597790796427,0.00613352066470788,0.34336287542733723,2.53,-10.932004689331764,1.2399999999999949,3.059782928201682,1.6840509711232077,5.9,100.9457,2.618908154636568,2.89843352202952
2014-12-31,1.1594242547402933,0.04297648817174513,0.16313186240081334,2.21,-45.553631455638175,3.1400000000000006,2.6858351011456394,0.6531213919623191,5.6,100.7897,3.4127457680434903,3.170492700276073
2015-03-31,0.7779877224839415,0.004356899625238629,-0.2277112590927649,2.04,-53.01762331397066,4.670000000000002,3.9692994988184793,-0.0220312844238734,5.4,100.4782,4.536451443395451,-0.0027479483621140055
2015-06-30,1.5692398231428761,-0.0023141066517863317,0.17586956874960077,2.36,-43.92382388988404,-0.04000000000000625,3.2790878609270546,0.1795718097550525,5.3,100.1415,4.922635551966659,-2.106390227283794
2015-09-30,1.061915710288286,-0.07187377896656726,0.2956045288601097,2.17,-50.57584731819678,3.1500000000000057,2.4473213664345517,0.00884296163417,5.0,99.63218,5.073975847121703,-2.2407414414912674
2015-12-31,0.5579810388390394,0.06253846285994674,-0.2967022238111647,2.24,-30.53320860617399,0.8700000000000045,2.119861312664817,0.6387247515364791,5.0,99.26025,5.146535474288116,-4.496144811599123
2016-03-31,1.0740296640360691,0.007700467466339523,-0.2664913854721421,1.89,-22.590108968985756,-0.6900000000000119,1.7950168913805964,0.8916160965521946,5.0,99.09827,4.491467432787832,-3.515311400177057
2016-06-30,1.0274972086787404,0.018814634864832754,0.11371263616601075,1.64,-18.846671149966365,0.7000000000000028,1.493250832714721,1.0792865347959424,4.9,99.10651,4.505188268860261,-1.678117946525337
2016-09-30,1.2320295173612772,0.03253523220894816,-0.16218027170823135,1.63,5.903240124278741,0.18000000000000682,1.8057615310855146,1.5486446201652182,5.0,99.25976,4.703478864177257,-1.9939516469206886
2016-12-31,0.5581097772675125,0.03202381930024066,0.05489852587251114,2.49,44.76164826286022,4.549999999999997,2.1815663030564147,2.0507989115119862,4.7,99.68241,4.281478057830701,-0.02049641716570516
2017-03-31,1.1866635689631533,0.053860042467208366,-0.12663621219326848,2.48,36.81645912290201,-1.8700000000000045,2.0874616941966906,2.44119623655914,4.4,99.91552,3.7631316174174145,0.7162067590550603
2017-06-30,1.3800699152111573,0.025362117629682848,-0.10114771867744334,2.19,-4.661280298321935,-2.4399999999999977,2.3304137937582903,1.640565809959127,4.3,99.95305,4.504807469822181,1.4803308546539107
2017-09-30,1.0922921579399114,0.03882934067915097,-0.1617825911696542,2.2,8.277451802179382,-3.269999999999996,2.410821412174591,2.1805652303711787,4.3,100.1758,4.5100597677564025,1.0630336308315114
2017-12-31,1.6818794770316892,0.059424715653347636,0.1491811642916502,2.4,12.483720930232556,0.8100000000000023,2.9941434967617697,2.129930719552253,4.1,100.5802,4.330419982883216,2.467143465957866
2018-03-31,0.754805847889406,-0.012321206606695332,0.5927061065787745,2.84,28.35377918480413,-2.210000000000008,3.328810094759116,2.3309497646499366,4.0,100.9138,4.786346822459464,3.224806264183644
2018-06-30,1.8720379832535716,0.028924026381460997,-0.216033186423432,2.91,61.08213820078225,4.730000000000004,3.2989628465220244,2.8075506935940187,4.0,100.8764,3.8700596685230515,2.8410387544831828
2018-09-30,1.0169998066773323,0.06948735854824029,-0.28334098036312344,3.0,41.59086510547705,0.7199999999999989,3.130030640718684,2.332055105808828,3.7,100.5603,3.6484858605498216,4.313826088176409
2018-12-31,1.1242929697911075,-0.15049281375607831,0.7406792851201397,2.83,-25.322527290770758,0.9200000000000017,2.125110751484538,2.0023809043401064,3.9,99.94698,3.4480017340541735,2.5912536810940523
2019-03-31,0.8889157508932932,0.12280321624238706,-0.6174107721870851,2.57,-7.214428857715438,-0.8599999999999994,1.9335587266003706,1.8831863513063984,3.8,99.45075,3.31697304654186,0.6545559146318158
2019-06-30,1.1272409378233705,0.03717780489772283,0.09524386900558697,2.07,-21.48927559692432,1.0699999999999932,2.242125694698238,1.671194894390049,3.6,99.11409,3.291107766139878,-0.7369328862962377
2019-09-30,1.1595744140581843,0.011820693681515101,0.07410797215372183,1.7,-26.06615636960087,1.3500000000000085,2.797216868642849,1.6844977040391562,3.5,98.97908,3.435583159158151,-1.7374573008364869
2019-12-31,0.848295946506683,0.08189486452323777,-0.16425906914801938,1.86,35.41528239202658,-1.990000000000009,3.3517765241980912,2.3195274699624457,3.6,99.1944,4.014018438735323,-2.2991807373363926
2020-03-31,,,,,,,,,,,,
2020-06-30,,,,,,,,,,,,
2020-09-30,,,,,,,,,,,,
2020-12-31,,,,,,,,,,,,
2021-03-31,,,,,,,,,,,,
2021-06-30,,,,,,,,,,,,
2021-09-30,,,,,,,,,,,,
2021-12-31,,,,,,,,,,,,
2022-03-31,1.880525803954769,-0.050732704749472134,0.17727594158737958,2.13,69.84287886467308,1.5499999999999972,4.034582077886428,8.572204966013853,3.7,100.6486,10.868451695333636,3.0544104015221674
2022-06-30,1.7175537623041581,-0.17966623042147956,0.3338980535460083,3.14,46.57236126224158,4.959999999999994,2.4537929303342976,8.979361103105798,3.6,99.72403,9.101772645539041,1.2217594016755706
2022-09-30,1.1987974667366563,-0.054214812594682166,0.09654433764835342,3.52,6.235043871310819,3.760000000000005,2.3489732641040373,8.192106896425821,3.5,99.06017,4.502710632286755,2.462018715752601
2022-12-31,0.8763010290143036,0.06841071518983645,-0.3778610162330583,3.62,6.411788132218232,-4.090000000000003,1.3170742821654535,6.404600402357152,3.5,98.73605,1.6094419117076653,-0.8016099812473643
2023-03-31,0.6998626108716932,0.06791299567281989,-0.14740529168772684,3.66,-24.718989356411015,-0.8100000000000023,2.3111462286238282,4.917719362889961,3.5,98.57756,-0.8185062784135222,-0.36512224493961964
2023-06-30,0.5177800742864669,0.07973431399747659,-0.3191892956974885,3.75,-34.42835931700075,0.46999999999999886,2.792610476283919,3.070617072997095,3.6,98.67683,-0.9948022060555339,-0.8893464531073647
2023-09-30,0.5212488374071622,-0.03715742085857204,0.25400885734519296,4.38,13.590289075209604,1.8400000000000034,3.2331922827038895,3.687206638119256,3.7,98.85252,1.7664131391269544,-0.2672476942852109
2023-12-31,0.550406215038346,0.10647864263095763,-0.34162246259752876,4.02,-10.316866267465063,-2.5999999999999943,3.390893713155063,3.3159099427102934,3.8,99.01374,3.298466905445352,0.8386591076755323
2024-03-31,0.6507147601120256,0.0967456423109405,0.04399766961369727,4.21,10.940803382663834,1.7299999999999898,2.8632943527041155,3.4868349120836584,3.9,99.32433,3.6499058481265,-0.557312624665296
2024-06-30,0.8028976742094684,0.03848037086176328,-0.04480120521338059,4.31,17.22332295499576,2.6500000000000057,3.1266315239534936,2.9702579486470926,4.1,99.3648,3.016696882664749,0.7734749239909133
2024-09-30,0.8294871598075737,0.05383123980767914,0.29628642768769925,3.72,-24.259116448165685,-2.319999999999993,2.7913896372876,2.4264830315416708,4.1,99.55158,2.0577015544776867,-1.2004422838397089
2024-12-31,-0.2092232153165674,0.02046598024320146,0.036388991394135733,4.39,0.7650577270830405,4.559999999999988,2.3997884845648576,2.870690967509981,4.1,99.85488,1.991438813031432,-0.2741466217243804
2025-03-31,0.48033702624574737,-0.04695346360899079,0.250096908666215,4.28,-14.399714149595033,-0.4899999999999949,2.0192730138857806,2.381981462805549,4.2,99.70991,1.694871067041026,0.5802453773984029
2025-06-30,0.7220546249896209,0.10046694123752506,-0.2864859000603507,4.38,-19.956537486417968,-4.310000000000002,2.0804665087611918,2.680453865910226,4.1,99.62357,0.6631496242250012,0.5793208714095943
2025-09-30,1.0150229703693725,0.07503625539793267,-0.027266154424338346,4.12,-8.116363636363634,-0.5600000000000023,2.335167772142843,3.022571584713329,4.4,99.81048,-0.3358257796826636,1.8631698334008018
2025-12-31,1.0694987730070382,0.02320785461047911,-0.08522606073769895,4.14,-20.955273329652123,-0.7800000000000011,1.9892996607980828,2.653304114557753,4.4,100.2648,-0.9568953568703797,1.1629935222018384
2026-03-31,0.7988467216491699,0.016405144126204467,0.04609289270657119,4.117406075689267,-4.950447739711118,0.06313970248127578,2.183511734008789,2.871715421853878,4.724854231879231,100.47513580322266,-1.2940902101015463,1.5864477654967823
2026-06-30,0.866835355758667,0.01598921396086083,-0.02123866489823717,4.148768308574643,3.6381014507226013,0.11152372032039536,2.122606039047241,2.876021121206577,4.952357159507156,100.66539001464844,-1.1120635991159402,1.6360225733494316
2026-09-30,1.058026671409607,0.018351399629962833,0.02411126406727776,4.176011084962165,10.991930652334279,0.0869115971703522,2.129373073577881,2.7736745214642724,5.472912812041758,100.69013977050781,-0.7936450396828267,1.6360225733494316
2026-12-31,1.1197723150253296,0.020388331621152375,0.0011861667634627537,4.241293354691558,17.56584137561703,0.08395988145658667,1.9477170705795288,2.9617616961841122,5.99124162920413,100.84651947021484,-0.5950881737622524,1.6360225733494316
2027-03-31,0.9106540083885193,0.01515096309738242,0.014875048142683617,4.27448791884874,16.17450360231087,0.0849916621101092,2.3314833641052246,2.9427829241467407,6.260158705188003,100.87004089355469,-0.39457370110343093,1.6360225733494316
2027-06-30,1.0975565910339355,0.016153743106315878,0.007802075584383478,4.3117693037684806,16.036615790814096,0.08515636977501993,2.493856191635132,2.9738710675228504,6.494534614817586,100.82608795166016,-0.2712944442522216,1.6360225733494316
2027-09-30,1.1311410665512085,0.018134857084598048,0.011780517315085393,4.346246560447919,11.376794656313365,0.08511478004994764,2.6411032676696777,3.071259354495851,6.520779016816516,100.840576171875,-0.14210026691731303,1.6360225733494316
2027-12-31,0.8290953636169434,0.018441336630934044,0.009667997300453562,4.3778786530477225,11.228217515440974,0.08510607337234372,2.7274057865142822,3.0488888628824498,6.364451773798098,100.93207550048828,0.1101420903449446,1.6360225733494316
2028-03-31,1.277989387512207,0.01844364644194844,0.010827190447131152,4.404749107449732,11.149917393205248,0.08510768774295915,2.858372926712036,3.090732229000423,6.191915051778288,100.85515594482422,0.37812173289550666,1.6360225733494316
2028-06-30,1.0573208332061768,0.018316215881468617,0.010203445193264188,4.435030927242275,9.69647600343598,0.08510813022481689,3.029125452041626,3.120805062368163,5.792571622821625,100.68010711669922,0.645073563395951,1.6360225733494316
2028-09-30,1.0379184484481812,0.018255024844381355,0.010542766526750014,4.463992713529429,10.069607948963863,0.0851080707405165,3.103404998779297,3.1110841528352466,5.662536031924734,100.41279602050781,0.8979988605121105,1.6360225733494316
2028-12-31,0.8844193816184998,0.01844149638825045,0.010359310328657279,4.49218097251364,8.246462087907743,0.0851080489392274,2.9237353801727295,3.142677316776826,5.6449439881025425,100.31343841552734,1.0726886949321985,1.6360225733494316
2029-03-31,0.8393174409866333,0.01840190619839704,0.010458835581084402,4.520487782948604,6.869332828077294,0.08510805096385375,2.6566505432128906,3.15056790773815,5.4790473940275435,100.2174301147461,1.2112422249366093,1.6360225733494316
2029-06-30,1.0020177364349365,0.018326180269544547,0.010404944427555185,4.548708433803016,6.287004276830901,0.08510805201045513,2.2326595783233643,3.154874118656153,5.454975563325565,100.26608276367188,1.3354443852375186,1.6360225733494316
2029-09-30,0.8178160190582275,0.018312827691994278,0.01043415557038238,4.57586007583692,6.363861461309012,0.08510805195080653,2.0845184326171875,3.174876476165082,5.4090654428904426,100.42820739746094,1.4322976421229667,1.6360225733494316
2029-12-31,1.0267524719238281,0.018313481987949316,0.01041833087508881,4.602664609021874,7.142475097050197,0.0851080519017048,2.084105968475342,3.177756637975108,5.203518406082219,100.60189819335938,1.5253759519007097,1.6360225733494316
2030-03-31,0.9067696332931519,0.018319638466777106,0.010426906291330473,4.629060520462504,7.805900459123806,0.0851080519029066,1.880149245262146,3.1860405926563544,5.147640867977051,100.49549865722656,1.60265762205985,1.6360225733494316
2030-06-30,0.95948725938797,0.01832146920864833,0.010422260040354347,4.654835709924415,8.533836539450855,0.08510805190516167,1.9660269021987915,3.1961851687083254,5.100286320542202,100.57125091552734,1.6489284816627319,1.6360225733494316
2030-09-30,0.9096596837043762,0.01831481566151942,0.01042477765616412,4.680097221305955,8.572398612153082,0.08510805190517595,2.369086742401123,3.1982310861785663,5.083049039702985,100.51750946044922,1.6781776737549798,1.6360225733494316
2030-12-31,0.8425633907318115,0.01831637717804417,0.010423413528897502,4.704976029899795,8.4585630266894,0.08510805190507448,2.41813063621521,3.205184370330244,5.108383800775246,100.51408386230469,1.6879963903171862,1.6360225733494316
